TransactionID,DateID,LocationID,AgentID,PropertyDetailsID,ListingID,MaintenanceExp,AskedAmount,TransactionValue,CommissionRate,CommissionValue,NegotiationDays,ClosingDays
1,536,378,24,1,1,500,471216.0,450000.0,4.2,21619.0,5,874.0
2,536,378,24,1,1,500,471216.0,450000.0,4.2,21619.0,5,874.0
3,536,1,1,1,1,500,471216.0,450000.0,4.2,21619.0,5,874.0
4,536,1,1,1,1,500,471216.0,450000.0,4.2,21619.0,5,874.0
5,536,1,181,1,1,500,471216.0,450000.0,4.2,21619.0,5,874.0
6,536,1,181,1,1,500,471216.0,450000.0,4.2,21619.0,5,874.0
7,536,1,183,1,1,500,471216.0,450000.0,4.2,21619.0,5,874.0
8,536,1,183,1,1,500,471216.0,450000.0,4.2,21619.0,5,874.0
9,536,925,1,1,1,500,471216.0,450000.0,4.2,21619.0,5,874.0
10,536,925,1,1,1,500,471216.0,450000.0,4.2,21619.0,5,874.0
11,536,925,181,1,1,500,471216.0,450000.0,4.2,21619.0,5,874.0
12,536,925,181,1,1,500,471216.0,450000.0,4.2,21619.0,5,874.0
13,536,925,183,1,1,500,471216.0,450000.0,4.2,21619.0,5,874.0
14,536,925,183,1,1,500,471216.0,450000.0,4.2,21619.0,5,874.0
15,536,378,24,1,1,500,471216.0,450000.0,4.2,21619.0,5,36.0
16,536,378,24,1,1,500,471216.0,450000.0,4.2,21619.0,5,36.0
17,536,1,1,1,1,500,471216.0,450000.0,4.2,21619.0,5,36.0
18,536,1,1,1,1,500,471216.0,450000.0,4.2,21619.0,5,36.0
19,536,1,181,1,1,500,471216.0,450000.0,4.2,21619.0,5,36.0
20,536,1,181,1,1,500,471216.0,450000.0,4.2,21619.0,5,36.0
21,536,1,183,1,1,500,471216.0,450000.0,4.2,21619.0,5,36.0
22,536,1,183,1,1,500,471216.0,450000.0,4.2,21619.0,5,36.0
23,536,925,1,1,1,500,471216.0,450000.0,4.2,21619.0,5,36.0
24,536,925,1,1,1,500,471216.0,450000.0,4.2,21619.0,5,36.0
25,536,925,181,1,1,500,471216.0,450000.0,4.2,21619.0,5,36.0
26,536,925,181,1,1,500,471216.0,450000.0,4.2,21619.0,5,36.0
27,536,925,183,1,1,500,471216.0,450000.0,4.2,21619.0,5,36.0
28,536,925,183,1,1,500,471216.0,450000.0,4.2,21619.0,5,36.0
29,536,378,24,1,1,500,471216.0,450000.0,0.05,22500.0,5,874.0
30,536,378,24,1,1,500,471216.0,450000.0,0.05,22500.0,5,874.0
31,536,1,1,1,1,500,471216.0,450000.0,0.05,22500.0,5,874.0
32,536,1,1,1,1,500,471216.0,450000.0,0.05,22500.0,5,874.0
33,536,1,181,1,1,500,471216.0,450000.0,0.05,22500.0,5,874.0
34,536,1,181,1,1,500,471216.0,450000.0,0.05,22500.0,5,874.0
35,536,1,183,1,1,500,471216.0,450000.0,0.05,22500.0,5,874.0
36,536,1,183,1,1,500,471216.0,450000.0,0.05,22500.0,5,874.0
37,536,925,1,1,1,500,471216.0,450000.0,0.05,22500.0,5,874.0
38,536,925,1,1,1,500,471216.0,450000.0,0.05,22500.0,5,874.0
39,536,925,181,1,1,500,471216.0,450000.0,0.05,22500.0,5,874.0
40,536,925,181,1,1,500,471216.0,450000.0,0.05,22500.0,5,874.0
41,536,925,183,1,1,500,471216.0,450000.0,0.05,22500.0,5,874.0
42,536,925,183,1,1,500,471216.0,450000.0,0.05,22500.0,5,874.0
43,536,378,24,1,1,500,471216.0,450000.0,0.05,22500.0,5,36.0
44,536,378,24,1,1,500,471216.0,450000.0,0.05,22500.0,5,36.0
45,536,1,1,1,1,500,471216.0,450000.0,0.05,22500.0,5,36.0
46,536,1,1,1,1,500,471216.0,450000.0,0.05,22500.0,5,36.0
47,536,1,181,1,1,500,471216.0,450000.0,0.05,22500.0,5,36.0
48,536,1,181,1,1,500,471216.0,450000.0,0.05,22500.0,5,36.0
49,536,1,183,1,1,500,471216.0,450000.0,0.05,22500.0,5,36.0
50,536,1,183,1,1,500,471216.0,450000.0,0.05,22500.0,5,36.0
51,536,925,1,1,1,500,471216.0,450000.0,0.05,22500.0,5,36.0
52,536,925,1,1,1,500,471216.0,450000.0,0.05,22500.0,5,36.0
53,536,925,181,1,1,500,471216.0,450000.0,0.05,22500.0,5,36.0
54,536,925,181,1,1,500,471216.0,450000.0,0.05,22500.0,5,36.0
55,536,925,183,1,1,500,471216.0,450000.0,0.05,22500.0,5,36.0
56,536,925,183,1,1,500,471216.0,450000.0,0.05,22500.0,5,36.0
57,536,378,24,1,1,500,450000.0,450000.0,4.2,21619.0,5,874.0
58,536,378,24,1,1,500,450000.0,450000.0,4.2,21619.0,5,874.0
59,536,1,1,1,1,500,450000.0,450000.0,4.2,21619.0,5,874.0
60,536,1,1,1,1,500,450000.0,450000.0,4.2,21619.0,5,874.0
61,536,1,181,1,1,500,450000.0,450000.0,4.2,21619.0,5,874.0
62,536,1,181,1,1,500,450000.0,450000.0,4.2,21619.0,5,874.0
63,536,1,183,1,1,500,450000.0,450000.0,4.2,21619.0,5,874.0
64,536,1,183,1,1,500,450000.0,450000.0,4.2,21619.0,5,874.0
65,536,925,1,1,1,500,450000.0,450000.0,4.2,21619.0,5,874.0
66,536,925,1,1,1,500,450000.0,450000.0,4.2,21619.0,5,874.0
67,536,925,181,1,1,500,450000.0,450000.0,4.2,21619.0,5,874.0
68,536,925,181,1,1,500,450000.0,450000.0,4.2,21619.0,5,874.0
69,536,925,183,1,1,500,450000.0,450000.0,4.2,21619.0,5,874.0
70,536,925,183,1,1,500,450000.0,450000.0,4.2,21619.0,5,874.0
71,536,378,24,1,1,500,450000.0,450000.0,4.2,21619.0,5,36.0
72,536,378,24,1,1,500,450000.0,450000.0,4.2,21619.0,5,36.0
73,536,1,1,1,1,500,450000.0,450000.0,4.2,21619.0,5,36.0
74,536,1,1,1,1,500,450000.0,450000.0,4.2,21619.0,5,36.0
75,536,1,181,1,1,500,450000.0,450000.0,4.2,21619.0,5,36.0
76,536,1,181,1,1,500,450000.0,450000.0,4.2,21619.0,5,36.0
77,536,1,183,1,1,500,450000.0,450000.0,4.2,21619.0,5,36.0
78,536,1,183,1,1,500,450000.0,450000.0,4.2,21619.0,5,36.0
79,536,925,1,1,1,500,450000.0,450000.0,4.2,21619.0,5,36.0
80,536,925,1,1,1,500,450000.0,450000.0,4.2,21619.0,5,36.0
81,536,925,181,1,1,500,450000.0,450000.0,4.2,21619.0,5,36.0
82,536,925,181,1,1,500,450000.0,450000.0,4.2,21619.0,5,36.0
83,536,925,183,1,1,500,450000.0,450000.0,4.2,21619.0,5,36.0
84,536,925,183,1,1,500,450000.0,450000.0,4.2,21619.0,5,36.0
85,536,378,24,1,1,500,450000.0,450000.0,0.05,22500.0,5,874.0
86,536,378,24,1,1,500,450000.0,450000.0,0.05,22500.0,5,874.0
87,536,1,1,1,1,500,450000.0,450000.0,0.05,22500.0,5,874.0
88,536,1,1,1,1,500,450000.0,450000.0,0.05,22500.0,5,874.0
89,536,1,181,1,1,500,450000.0,450000.0,0.05,22500.0,5,874.0
90,536,1,181,1,1,500,450000.0,450000.0,0.05,22500.0,5,874.0
91,536,1,183,1,1,500,450000.0,450000.0,0.05,22500.0,5,874.0
92,536,1,183,1,1,500,450000.0,450000.0,0.05,22500.0,5,874.0
93,536,925,1,1,1,500,450000.0,450000.0,0.05,22500.0,5,874.0
94,536,925,1,1,1,500,450000.0,450000.0,0.05,22500.0,5,874.0
95,536,925,181,1,1,500,450000.0,450000.0,0.05,22500.0,5,874.0
96,536,925,181,1,1,500,450000.0,450000.0,0.05,22500.0,5,874.0
97,536,925,183,1,1,500,450000.0,450000.0,0.05,22500.0,5,874.0
98,536,925,183,1,1,500,450000.0,450000.0,0.05,22500.0,5,874.0
99,536,378,24,1,1,500,450000.0,450000.0,0.05,22500.0,5,36.0
100,536,378,24,1,1,500,450000.0,450000.0,0.05,22500.0,5,36.0
101,536,1,1,1,1,500,450000.0,450000.0,0.05,22500.0,5,36.0
102,536,1,1,1,1,500,450000.0,450000.0,0.05,22500.0,5,36.0
103,536,1,181,1,1,500,450000.0,450000.0,0.05,22500.0,5,36.0
104,536,1,181,1,1,500,450000.0,450000.0,0.05,22500.0,5,36.0
105,536,1,183,1,1,500,450000.0,450000.0,0.05,22500.0,5,36.0
106,536,1,183,1,1,500,450000.0,450000.0,0.05,22500.0,5,36.0
107,536,925,1,1,1,500,450000.0,450000.0,0.05,22500.0,5,36.0
108,536,925,1,1,1,500,450000.0,450000.0,0.05,22500.0,5,36.0
109,536,925,181,1,1,500,450000.0,450000.0,0.05,22500.0,5,36.0
110,536,925,181,1,1,500,450000.0,450000.0,0.05,22500.0,5,36.0
111,536,925,183,1,1,500,450000.0,450000.0,0.05,22500.0,5,36.0
112,536,925,183,1,1,500,450000.0,450000.0,0.05,22500.0,5,36.0
113,628,315,131,3,3,10165,595328.0,380000.0,2.6,9710.0,15,1178.0
114,628,315,131,3,3,10165,595328.0,380000.0,2.6,9710.0,15,1178.0
115,628,3,3,3,3,10165,595328.0,380000.0,2.6,9710.0,15,1178.0
116,628,3,3,3,3,10165,595328.0,380000.0,2.6,9710.0,15,1178.0
117,628,3,182,3,3,10165,595328.0,380000.0,2.6,9710.0,15,1178.0
118,628,3,182,3,3,10165,595328.0,380000.0,2.6,9710.0,15,1178.0
119,628,3,185,3,3,10165,595328.0,380000.0,2.6,9710.0,15,1178.0
120,628,3,185,3,3,10165,595328.0,380000.0,2.6,9710.0,15,1178.0
121,628,927,3,3,3,10165,595328.0,380000.0,2.6,9710.0,15,1178.0
122,628,927,3,3,3,10165,595328.0,380000.0,2.6,9710.0,15,1178.0
123,628,927,182,3,3,10165,595328.0,380000.0,2.6,9710.0,15,1178.0
124,628,927,182,3,3,10165,595328.0,380000.0,2.6,9710.0,15,1178.0
125,628,927,185,3,3,10165,595328.0,380000.0,2.6,9710.0,15,1178.0
126,628,927,185,3,3,10165,595328.0,380000.0,2.6,9710.0,15,1178.0
127,628,315,131,3,3,10165,595328.0,380000.0,2.6,9710.0,15,41.0
128,628,315,131,3,3,10165,595328.0,380000.0,2.6,9710.0,15,41.0
129,628,3,3,3,3,10165,595328.0,380000.0,2.6,9710.0,15,41.0
130,628,3,3,3,3,10165,595328.0,380000.0,2.6,9710.0,15,41.0
131,628,3,182,3,3,10165,595328.0,380000.0,2.6,9710.0,15,41.0
132,628,3,182,3,3,10165,595328.0,380000.0,2.6,9710.0,15,41.0
133,628,3,185,3,3,10165,595328.0,380000.0,2.6,9710.0,15,41.0
134,628,3,185,3,3,10165,595328.0,380000.0,2.6,9710.0,15,41.0
135,628,927,3,3,3,10165,595328.0,380000.0,2.6,9710.0,15,41.0
136,628,927,3,3,3,10165,595328.0,380000.0,2.6,9710.0,15,41.0
137,628,927,182,3,3,10165,595328.0,380000.0,2.6,9710.0,15,41.0
138,628,927,182,3,3,10165,595328.0,380000.0,2.6,9710.0,15,41.0
139,628,927,185,3,3,10165,595328.0,380000.0,2.6,9710.0,15,41.0
140,628,927,185,3,3,10165,595328.0,380000.0,2.6,9710.0,15,41.0
141,628,315,131,3,3,10165,595328.0,380000.0,0.04,15200.0,15,1178.0
142,628,315,131,3,3,10165,595328.0,380000.0,0.04,15200.0,15,1178.0
143,628,3,3,3,3,10165,595328.0,380000.0,0.04,15200.0,15,1178.0
144,628,3,3,3,3,10165,595328.0,380000.0,0.04,15200.0,15,1178.0
145,628,3,182,3,3,10165,595328.0,380000.0,0.04,15200.0,15,1178.0
146,628,3,182,3,3,10165,595328.0,380000.0,0.04,15200.0,15,1178.0
147,628,3,185,3,3,10165,595328.0,380000.0,0.04,15200.0,15,1178.0
148,628,3,185,3,3,10165,595328.0,380000.0,0.04,15200.0,15,1178.0
149,628,927,3,3,3,10165,595328.0,380000.0,0.04,15200.0,15,1178.0
150,628,927,3,3,3,10165,595328.0,380000.0,0.04,15200.0,15,1178.0
151,628,927,182,3,3,10165,595328.0,380000.0,0.04,15200.0,15,1178.0
152,628,927,182,3,3,10165,595328.0,380000.0,0.04,15200.0,15,1178.0
153,628,927,185,3,3,10165,595328.0,380000.0,0.04,15200.0,15,1178.0
154,628,927,185,3,3,10165,595328.0,380000.0,0.04,15200.0,15,1178.0
155,628,315,131,3,3,10165,595328.0,380000.0,0.04,15200.0,15,41.0
156,628,315,131,3,3,10165,595328.0,380000.0,0.04,15200.0,15,41.0
157,628,3,3,3,3,10165,595328.0,380000.0,0.04,15200.0,15,41.0
158,628,3,3,3,3,10165,595328.0,380000.0,0.04,15200.0,15,41.0
159,628,3,182,3,3,10165,595328.0,380000.0,0.04,15200.0,15,41.0
160,628,3,182,3,3,10165,595328.0,380000.0,0.04,15200.0,15,41.0
161,628,3,185,3,3,10165,595328.0,380000.0,0.04,15200.0,15,41.0
162,628,3,185,3,3,10165,595328.0,380000.0,0.04,15200.0,15,41.0
163,628,927,3,3,3,10165,595328.0,380000.0,0.04,15200.0,15,41.0
164,628,927,3,3,3,10165,595328.0,380000.0,0.04,15200.0,15,41.0
165,628,927,182,3,3,10165,595328.0,380000.0,0.04,15200.0,15,41.0
166,628,927,182,3,3,10165,595328.0,380000.0,0.04,15200.0,15,41.0
167,628,927,185,3,3,10165,595328.0,380000.0,0.04,15200.0,15,41.0
168,628,927,185,3,3,10165,595328.0,380000.0,0.04,15200.0,15,41.0
169,628,315,131,3,3,10165,380000.0,380000.0,2.6,9710.0,15,1178.0
170,628,315,131,3,3,10165,380000.0,380000.0,2.6,9710.0,15,1178.0
171,628,3,3,3,3,10165,380000.0,380000.0,2.6,9710.0,15,1178.0
172,628,3,3,3,3,10165,380000.0,380000.0,2.6,9710.0,15,1178.0
173,628,3,182,3,3,10165,380000.0,380000.0,2.6,9710.0,15,1178.0
174,628,3,182,3,3,10165,380000.0,380000.0,2.6,9710.0,15,1178.0
175,628,3,185,3,3,10165,380000.0,380000.0,2.6,9710.0,15,1178.0
176,628,3,185,3,3,10165,380000.0,380000.0,2.6,9710.0,15,1178.0
177,628,927,3,3,3,10165,380000.0,380000.0,2.6,9710.0,15,1178.0
178,628,927,3,3,3,10165,380000.0,380000.0,2.6,9710.0,15,1178.0
179,628,927,182,3,3,10165,380000.0,380000.0,2.6,9710.0,15,1178.0
180,628,927,182,3,3,10165,380000.0,380000.0,2.6,9710.0,15,1178.0
181,628,927,185,3,3,10165,380000.0,380000.0,2.6,9710.0,15,1178.0
182,628,927,185,3,3,10165,380000.0,380000.0,2.6,9710.0,15,1178.0
183,628,315,131,3,3,10165,380000.0,380000.0,2.6,9710.0,15,41.0
184,628,315,131,3,3,10165,380000.0,380000.0,2.6,9710.0,15,41.0
185,628,3,3,3,3,10165,380000.0,380000.0,2.6,9710.0,15,41.0
186,628,3,3,3,3,10165,380000.0,380000.0,2.6,9710.0,15,41.0
187,628,3,182,3,3,10165,380000.0,380000.0,2.6,9710.0,15,41.0
188,628,3,182,3,3,10165,380000.0,380000.0,2.6,9710.0,15,41.0
189,628,3,185,3,3,10165,380000.0,380000.0,2.6,9710.0,15,41.0
190,628,3,185,3,3,10165,380000.0,380000.0,2.6,9710.0,15,41.0
191,628,927,3,3,3,10165,380000.0,380000.0,2.6,9710.0,15,41.0
192,628,927,3,3,3,10165,380000.0,380000.0,2.6,9710.0,15,41.0
193,628,927,182,3,3,10165,380000.0,380000.0,2.6,9710.0,15,41.0
194,628,927,182,3,3,10165,380000.0,380000.0,2.6,9710.0,15,41.0
195,628,927,185,3,3,10165,380000.0,380000.0,2.6,9710.0,15,41.0
196,628,927,185,3,3,10165,380000.0,380000.0,2.6,9710.0,15,41.0
197,628,315,131,3,3,10165,380000.0,380000.0,0.04,15200.0,15,1178.0
198,628,315,131,3,3,10165,380000.0,380000.0,0.04,15200.0,15,1178.0
199,628,3,3,3,3,10165,380000.0,380000.0,0.04,15200.0,15,1178.0
200,628,3,3,3,3,10165,380000.0,380000.0,0.04,15200.0,15,1178.0
201,628,3,182,3,3,10165,380000.0,380000.0,0.04,15200.0,15,1178.0
202,628,3,182,3,3,10165,380000.0,380000.0,0.04,15200.0,15,1178.0
203,628,3,185,3,3,10165,380000.0,380000.0,0.04,15200.0,15,1178.0
204,628,3,185,3,3,10165,380000.0,380000.0,0.04,15200.0,15,1178.0
205,628,927,3,3,3,10165,380000.0,380000.0,0.04,15200.0,15,1178.0
206,628,927,3,3,3,10165,380000.0,380000.0,0.04,15200.0,15,1178.0
207,628,927,182,3,3,10165,380000.0,380000.0,0.04,15200.0,15,1178.0
208,628,927,182,3,3,10165,380000.0,380000.0,0.04,15200.0,15,1178.0
209,628,927,185,3,3,10165,380000.0,380000.0,0.04,15200.0,15,1178.0
210,628,927,185,3,3,10165,380000.0,380000.0,0.04,15200.0,15,1178.0
211,628,315,131,3,3,10165,380000.0,380000.0,0.04,15200.0,15,41.0
212,628,315,131,3,3,10165,380000.0,380000.0,0.04,15200.0,15,41.0
213,628,3,3,3,3,10165,380000.0,380000.0,0.04,15200.0,15,41.0
214,628,3,3,3,3,10165,380000.0,380000.0,0.04,15200.0,15,41.0
215,628,3,182,3,3,10165,380000.0,380000.0,0.04,15200.0,15,41.0
216,628,3,182,3,3,10165,380000.0,380000.0,0.04,15200.0,15,41.0
217,628,3,185,3,3,10165,380000.0,380000.0,0.04,15200.0,15,41.0
218,628,3,185,3,3,10165,380000.0,380000.0,0.04,15200.0,15,41.0
219,628,927,3,3,3,10165,380000.0,380000.0,0.04,15200.0,15,41.0
220,628,927,3,3,3,10165,380000.0,380000.0,0.04,15200.0,15,41.0
221,628,927,182,3,3,10165,380000.0,380000.0,0.04,15200.0,15,41.0
222,628,927,182,3,3,10165,380000.0,380000.0,0.04,15200.0,15,41.0
223,628,927,185,3,3,10165,380000.0,380000.0,0.04,15200.0,15,41.0
224,628,927,185,3,3,10165,380000.0,380000.0,0.04,15200.0,15,41.0
225,902,378,24,1,1,500,471216.0,450000.0,4.2,21619.0,371,1240.0
226,902,378,24,1,1,500,471216.0,450000.0,4.2,21619.0,371,1240.0
227,902,1,1,1,1,500,471216.0,450000.0,4.2,21619.0,371,1240.0
228,902,1,1,1,1,500,471216.0,450000.0,4.2,21619.0,371,1240.0
229,902,1,181,1,1,500,471216.0,450000.0,4.2,21619.0,371,1240.0
230,902,1,181,1,1,500,471216.0,450000.0,4.2,21619.0,371,1240.0
231,902,1,183,1,1,500,471216.0,450000.0,4.2,21619.0,371,1240.0
232,902,1,183,1,1,500,471216.0,450000.0,4.2,21619.0,371,1240.0
233,902,925,1,1,1,500,471216.0,450000.0,4.2,21619.0,371,1240.0
234,902,925,1,1,1,500,471216.0,450000.0,4.2,21619.0,371,1240.0
235,902,925,181,1,1,500,471216.0,450000.0,4.2,21619.0,371,1240.0
236,902,925,181,1,1,500,471216.0,450000.0,4.2,21619.0,371,1240.0
237,902,925,183,1,1,500,471216.0,450000.0,4.2,21619.0,371,1240.0
238,902,925,183,1,1,500,471216.0,450000.0,4.2,21619.0,371,1240.0
239,902,378,24,1,1,500,471216.0,450000.0,4.2,21619.0,371,402.0
240,902,378,24,1,1,500,471216.0,450000.0,4.2,21619.0,371,402.0
241,902,1,1,1,1,500,471216.0,450000.0,4.2,21619.0,371,402.0
242,902,1,1,1,1,500,471216.0,450000.0,4.2,21619.0,371,402.0
243,902,1,181,1,1,500,471216.0,450000.0,4.2,21619.0,371,402.0
244,902,1,181,1,1,500,471216.0,450000.0,4.2,21619.0,371,402.0
245,902,1,183,1,1,500,471216.0,450000.0,4.2,21619.0,371,402.0
246,902,1,183,1,1,500,471216.0,450000.0,4.2,21619.0,371,402.0
247,902,925,1,1,1,500,471216.0,450000.0,4.2,21619.0,371,402.0
248,902,925,1,1,1,500,471216.0,450000.0,4.2,21619.0,371,402.0
249,902,925,181,1,1,500,471216.0,450000.0,4.2,21619.0,371,402.0
250,902,925,181,1,1,500,471216.0,450000.0,4.2,21619.0,371,402.0
251,902,925,183,1,1,500,471216.0,450000.0,4.2,21619.0,371,402.0
252,902,925,183,1,1,500,471216.0,450000.0,4.2,21619.0,371,402.0
253,902,378,24,1,1,500,471216.0,450000.0,0.05,22500.0,371,1240.0
254,902,378,24,1,1,500,471216.0,450000.0,0.05,22500.0,371,1240.0
255,902,1,1,1,1,500,471216.0,450000.0,0.05,22500.0,371,1240.0
256,902,1,1,1,1,500,471216.0,450000.0,0.05,22500.0,371,1240.0
257,902,1,181,1,1,500,471216.0,450000.0,0.05,22500.0,371,1240.0
258,902,1,181,1,1,500,471216.0,450000.0,0.05,22500.0,371,1240.0
259,902,1,183,1,1,500,471216.0,450000.0,0.05,22500.0,371,1240.0
260,902,1,183,1,1,500,471216.0,450000.0,0.05,22500.0,371,1240.0
261,902,925,1,1,1,500,471216.0,450000.0,0.05,22500.0,371,1240.0
262,902,925,1,1,1,500,471216.0,450000.0,0.05,22500.0,371,1240.0
263,902,925,181,1,1,500,471216.0,450000.0,0.05,22500.0,371,1240.0
264,902,925,181,1,1,500,471216.0,450000.0,0.05,22500.0,371,1240.0
265,902,925,183,1,1,500,471216.0,450000.0,0.05,22500.0,371,1240.0
266,902,925,183,1,1,500,471216.0,450000.0,0.05,22500.0,371,1240.0
267,902,378,24,1,1,500,471216.0,450000.0,0.05,22500.0,371,402.0
268,902,378,24,1,1,500,471216.0,450000.0,0.05,22500.0,371,402.0
269,902,1,1,1,1,500,471216.0,450000.0,0.05,22500.0,371,402.0
270,902,1,1,1,1,500,471216.0,450000.0,0.05,22500.0,371,402.0
271,902,1,181,1,1,500,471216.0,450000.0,0.05,22500.0,371,402.0
272,902,1,181,1,1,500,471216.0,450000.0,0.05,22500.0,371,402.0
273,902,1,183,1,1,500,471216.0,450000.0,0.05,22500.0,371,402.0
274,902,1,183,1,1,500,471216.0,450000.0,0.05,22500.0,371,402.0
275,902,925,1,1,1,500,471216.0,450000.0,0.05,22500.0,371,402.0
276,902,925,1,1,1,500,471216.0,450000.0,0.05,22500.0,371,402.0
277,902,925,181,1,1,500,471216.0,450000.0,0.05,22500.0,371,402.0
278,902,925,181,1,1,500,471216.0,450000.0,0.05,22500.0,371,402.0
279,902,925,183,1,1,500,471216.0,450000.0,0.05,22500.0,371,402.0
280,902,925,183,1,1,500,471216.0,450000.0,0.05,22500.0,371,402.0
281,902,378,24,1,1,500,450000.0,450000.0,4.2,21619.0,371,1240.0
282,902,378,24,1,1,500,450000.0,450000.0,4.2,21619.0,371,1240.0
283,902,1,1,1,1,500,450000.0,450000.0,4.2,21619.0,371,1240.0
284,902,1,1,1,1,500,450000.0,450000.0,4.2,21619.0,371,1240.0
285,902,1,181,1,1,500,450000.0,450000.0,4.2,21619.0,371,1240.0
286,902,1,181,1,1,500,450000.0,450000.0,4.2,21619.0,371,1240.0
287,902,1,183,1,1,500,450000.0,450000.0,4.2,21619.0,371,1240.0
288,902,1,183,1,1,500,450000.0,450000.0,4.2,21619.0,371,1240.0
289,902,925,1,1,1,500,450000.0,450000.0,4.2,21619.0,371,1240.0
290,902,925,1,1,1,500,450000.0,450000.0,4.2,21619.0,371,1240.0
291,902,925,181,1,1,500,450000.0,450000.0,4.2,21619.0,371,1240.0
292,902,925,181,1,1,500,450000.0,450000.0,4.2,21619.0,371,1240.0
293,902,925,183,1,1,500,450000.0,450000.0,4.2,21619.0,371,1240.0
294,902,925,183,1,1,500,450000.0,450000.0,4.2,21619.0,371,1240.0
295,902,378,24,1,1,500,450000.0,450000.0,4.2,21619.0,371,402.0
296,902,378,24,1,1,500,450000.0,450000.0,4.2,21619.0,371,402.0
297,902,1,1,1,1,500,450000.0,450000.0,4.2,21619.0,371,402.0
298,902,1,1,1,1,500,450000.0,450000.0,4.2,21619.0,371,402.0
299,902,1,181,1,1,500,450000.0,450000.0,4.2,21619.0,371,402.0
300,902,1,181,1,1,500,450000.0,450000.0,4.2,21619.0,371,402.0
301,902,1,183,1,1,500,450000.0,450000.0,4.2,21619.0,371,402.0
302,902,1,183,1,1,500,450000.0,450000.0,4.2,21619.0,371,402.0
303,902,925,1,1,1,500,450000.0,450000.0,4.2,21619.0,371,402.0
304,902,925,1,1,1,500,450000.0,450000.0,4.2,21619.0,371,402.0
305,902,925,181,1,1,500,450000.0,450000.0,4.2,21619.0,371,402.0
306,902,925,181,1,1,500,450000.0,450000.0,4.2,21619.0,371,402.0
307,902,925,183,1,1,500,450000.0,450000.0,4.2,21619.0,371,402.0
308,902,925,183,1,1,500,450000.0,450000.0,4.2,21619.0,371,402.0
309,902,378,24,1,1,500,450000.0,450000.0,0.05,22500.0,371,1240.0
310,902,378,24,1,1,500,450000.0,450000.0,0.05,22500.0,371,1240.0
311,902,1,1,1,1,500,450000.0,450000.0,0.05,22500.0,371,1240.0
312,902,1,1,1,1,500,450000.0,450000.0,0.05,22500.0,371,1240.0
313,902,1,181,1,1,500,450000.0,450000.0,0.05,22500.0,371,1240.0
314,902,1,181,1,1,500,450000.0,450000.0,0.05,22500.0,371,1240.0
315,902,1,183,1,1,500,450000.0,450000.0,0.05,22500.0,371,1240.0
316,902,1,183,1,1,500,450000.0,450000.0,0.05,22500.0,371,1240.0
317,902,925,1,1,1,500,450000.0,450000.0,0.05,22500.0,371,1240.0
318,902,925,1,1,1,500,450000.0,450000.0,0.05,22500.0,371,1240.0
319,902,925,181,1,1,500,450000.0,450000.0,0.05,22500.0,371,1240.0
320,902,925,181,1,1,500,450000.0,450000.0,0.05,22500.0,371,1240.0
321,902,925,183,1,1,500,450000.0,450000.0,0.05,22500.0,371,1240.0
322,902,925,183,1,1,500,450000.0,450000.0,0.05,22500.0,371,1240.0
323,902,378,24,1,1,500,450000.0,450000.0,0.05,22500.0,371,402.0
324,902,378,24,1,1,500,450000.0,450000.0,0.05,22500.0,371,402.0
325,902,1,1,1,1,500,450000.0,450000.0,0.05,22500.0,371,402.0
326,902,1,1,1,1,500,450000.0,450000.0,0.05,22500.0,371,402.0
327,902,1,181,1,1,500,450000.0,450000.0,0.05,22500.0,371,402.0
328,902,1,181,1,1,500,450000.0,450000.0,0.05,22500.0,371,402.0
329,902,1,183,1,1,500,450000.0,450000.0,0.05,22500.0,371,402.0
330,902,1,183,1,1,500,450000.0,450000.0,0.05,22500.0,371,402.0
331,902,925,1,1,1,500,450000.0,450000.0,0.05,22500.0,371,402.0
332,902,925,1,1,1,500,450000.0,450000.0,0.05,22500.0,371,402.0
333,902,925,181,1,1,500,450000.0,450000.0,0.05,22500.0,371,402.0
334,902,925,181,1,1,500,450000.0,450000.0,0.05,22500.0,371,402.0
335,902,925,183,1,1,500,450000.0,450000.0,0.05,22500.0,371,402.0
336,902,925,183,1,1,500,450000.0,450000.0,0.05,22500.0,371,402.0
337,994,315,131,3,3,10165,595328.0,380000.0,2.6,9710.0,381,1544.0
338,994,315,131,3,3,10165,595328.0,380000.0,2.6,9710.0,381,1544.0
339,994,3,3,3,3,10165,595328.0,380000.0,2.6,9710.0,381,1544.0
340,994,3,3,3,3,10165,595328.0,380000.0,2.6,9710.0,381,1544.0
341,994,3,182,3,3,10165,595328.0,380000.0,2.6,9710.0,381,1544.0
342,994,3,182,3,3,10165,595328.0,380000.0,2.6,9710.0,381,1544.0
343,994,3,185,3,3,10165,595328.0,380000.0,2.6,9710.0,381,1544.0
344,994,3,185,3,3,10165,595328.0,380000.0,2.6,9710.0,381,1544.0
345,994,927,3,3,3,10165,595328.0,380000.0,2.6,9710.0,381,1544.0
346,994,927,3,3,3,10165,595328.0,380000.0,2.6,9710.0,381,1544.0
347,994,927,182,3,3,10165,595328.0,380000.0,2.6,9710.0,381,1544.0
348,994,927,182,3,3,10165,595328.0,380000.0,2.6,9710.0,381,1544.0
349,994,927,185,3,3,10165,595328.0,380000.0,2.6,9710.0,381,1544.0
350,994,927,185,3,3,10165,595328.0,380000.0,2.6,9710.0,381,1544.0
351,994,315,131,3,3,10165,595328.0,380000.0,2.6,9710.0,381,407.0
352,994,315,131,3,3,10165,595328.0,380000.0,2.6,9710.0,381,407.0
353,994,3,3,3,3,10165,595328.0,380000.0,2.6,9710.0,381,407.0
354,994,3,3,3,3,10165,595328.0,380000.0,2.6,9710.0,381,407.0
355,994,3,182,3,3,10165,595328.0,380000.0,2.6,9710.0,381,407.0
356,994,3,182,3,3,10165,595328.0,380000.0,2.6,9710.0,381,407.0
357,994,3,185,3,3,10165,595328.0,380000.0,2.6,9710.0,381,407.0
358,994,3,185,3,3,10165,595328.0,380000.0,2.6,9710.0,381,407.0
359,994,927,3,3,3,10165,595328.0,380000.0,2.6,9710.0,381,407.0
360,994,927,3,3,3,10165,595328.0,380000.0,2.6,9710.0,381,407.0
361,994,927,182,3,3,10165,595328.0,380000.0,2.6,9710.0,381,407.0
362,994,927,182,3,3,10165,595328.0,380000.0,2.6,9710.0,381,407.0
363,994,927,185,3,3,10165,595328.0,380000.0,2.6,9710.0,381,407.0
364,994,927,185,3,3,10165,595328.0,380000.0,2.6,9710.0,381,407.0
365,994,315,131,3,3,10165,595328.0,380000.0,0.04,15200.0,381,1544.0
366,994,315,131,3,3,10165,595328.0,380000.0,0.04,15200.0,381,1544.0
367,994,3,3,3,3,10165,595328.0,380000.0,0.04,15200.0,381,1544.0
368,994,3,3,3,3,10165,595328.0,380000.0,0.04,15200.0,381,1544.0
369,994,3,182,3,3,10165,595328.0,380000.0,0.04,15200.0,381,1544.0
370,994,3,182,3,3,10165,595328.0,380000.0,0.04,15200.0,381,1544.0
371,994,3,185,3,3,10165,595328.0,380000.0,0.04,15200.0,381,1544.0
372,994,3,185,3,3,10165,595328.0,380000.0,0.04,15200.0,381,1544.0
373,994,927,3,3,3,10165,595328.0,380000.0,0.04,15200.0,381,1544.0
374,994,927,3,3,3,10165,595328.0,380000.0,0.04,15200.0,381,1544.0
375,994,927,182,3,3,10165,595328.0,380000.0,0.04,15200.0,381,1544.0
376,994,927,182,3,3,10165,595328.0,380000.0,0.04,15200.0,381,1544.0
377,994,927,185,3,3,10165,595328.0,380000.0,0.04,15200.0,381,1544.0
378,994,927,185,3,3,10165,595328.0,380000.0,0.04,15200.0,381,1544.0
379,994,315,131,3,3,10165,595328.0,380000.0,0.04,15200.0,381,407.0
380,994,315,131,3,3,10165,595328.0,380000.0,0.04,15200.0,381,407.0
381,994,3,3,3,3,10165,595328.0,380000.0,0.04,15200.0,381,407.0
382,994,3,3,3,3,10165,595328.0,380000.0,0.04,15200.0,381,407.0
383,994,3,182,3,3,10165,595328.0,380000.0,0.04,15200.0,381,407.0
384,994,3,182,3,3,10165,595328.0,380000.0,0.04,15200.0,381,407.0
385,994,3,185,3,3,10165,595328.0,380000.0,0.04,15200.0,381,407.0
386,994,3,185,3,3,10165,595328.0,380000.0,0.04,15200.0,381,407.0
387,994,927,3,3,3,10165,595328.0,380000.0,0.04,15200.0,381,407.0
388,994,927,3,3,3,10165,595328.0,380000.0,0.04,15200.0,381,407.0
389,994,927,182,3,3,10165,595328.0,380000.0,0.04,15200.0,381,407.0
390,994,927,182,3,3,10165,595328.0,380000.0,0.04,15200.0,381,407.0
391,994,927,185,3,3,10165,595328.0,380000.0,0.04,15200.0,381,407.0
392,994,927,185,3,3,10165,595328.0,380000.0,0.04,15200.0,381,407.0
393,994,315,131,3,3,10165,380000.0,380000.0,2.6,9710.0,381,1544.0
394,994,315,131,3,3,10165,380000.0,380000.0,2.6,9710.0,381,1544.0
395,994,3,3,3,3,10165,380000.0,380000.0,2.6,9710.0,381,1544.0
396,994,3,3,3,3,10165,380000.0,380000.0,2.6,9710.0,381,1544.0
397,994,3,182,3,3,10165,380000.0,380000.0,2.6,9710.0,381,1544.0
398,994,3,182,3,3,10165,380000.0,380000.0,2.6,9710.0,381,1544.0
399,994,3,185,3,3,10165,380000.0,380000.0,2.6,9710.0,381,1544.0
400,994,3,185,3,3,10165,380000.0,380000.0,2.6,9710.0,381,1544.0
401,994,927,3,3,3,10165,380000.0,380000.0,2.6,9710.0,381,1544.0
402,994,927,3,3,3,10165,380000.0,380000.0,2.6,9710.0,381,1544.0
403,994,927,182,3,3,10165,380000.0,380000.0,2.6,9710.0,381,1544.0
404,994,927,182,3,3,10165,380000.0,380000.0,2.6,9710.0,381,1544.0
405,994,927,185,3,3,10165,380000.0,380000.0,2.6,9710.0,381,1544.0
406,994,927,185,3,3,10165,380000.0,380000.0,2.6,9710.0,381,1544.0
407,994,315,131,3,3,10165,380000.0,380000.0,2.6,9710.0,381,407.0
408,994,315,131,3,3,10165,380000.0,380000.0,2.6,9710.0,381,407.0
409,994,3,3,3,3,10165,380000.0,380000.0,2.6,9710.0,381,407.0
410,994,3,3,3,3,10165,380000.0,380000.0,2.6,9710.0,381,407.0
411,994,3,182,3,3,10165,380000.0,380000.0,2.6,9710.0,381,407.0
412,994,3,182,3,3,10165,380000.0,380000.0,2.6,9710.0,381,407.0
413,994,3,185,3,3,10165,380000.0,380000.0,2.6,9710.0,381,407.0
414,994,3,185,3,3,10165,380000.0,380000.0,2.6,9710.0,381,407.0
415,994,927,3,3,3,10165,380000.0,380000.0,2.6,9710.0,381,407.0
416,994,927,3,3,3,10165,380000.0,380000.0,2.6,9710.0,381,407.0
417,994,927,182,3,3,10165,380000.0,380000.0,2.6,9710.0,381,407.0
418,994,927,182,3,3,10165,380000.0,380000.0,2.6,9710.0,381,407.0
419,994,927,185,3,3,10165,380000.0,380000.0,2.6,9710.0,381,407.0
420,994,927,185,3,3,10165,380000.0,380000.0,2.6,9710.0,381,407.0
421,994,315,131,3,3,10165,380000.0,380000.0,0.04,15200.0,381,1544.0
422,994,315,131,3,3,10165,380000.0,380000.0,0.04,15200.0,381,1544.0
423,994,3,3,3,3,10165,380000.0,380000.0,0.04,15200.0,381,1544.0
424,994,3,3,3,3,10165,380000.0,380000.0,0.04,15200.0,381,1544.0
425,994,3,182,3,3,10165,380000.0,380000.0,0.04,15200.0,381,1544.0
426,994,3,182,3,3,10165,380000.0,380000.0,0.04,15200.0,381,1544.0
427,994,3,185,3,3,10165,380000.0,380000.0,0.04,15200.0,381,1544.0
428,994,3,185,3,3,10165,380000.0,380000.0,0.04,15200.0,381,1544.0
429,994,927,3,3,3,10165,380000.0,380000.0,0.04,15200.0,381,1544.0
430,994,927,3,3,3,10165,380000.0,380000.0,0.04,15200.0,381,1544.0
431,994,927,182,3,3,10165,380000.0,380000.0,0.04,15200.0,381,1544.0
432,994,927,182,3,3,10165,380000.0,380000.0,0.04,15200.0,381,1544.0
433,994,927,185,3,3,10165,380000.0,380000.0,0.04,15200.0,381,1544.0
434,994,927,185,3,3,10165,380000.0,380000.0,0.04,15200.0,381,1544.0
435,994,315,131,3,3,10165,380000.0,380000.0,0.04,15200.0,381,407.0
436,994,315,131,3,3,10165,380000.0,380000.0,0.04,15200.0,381,407.0
437,994,3,3,3,3,10165,380000.0,380000.0,0.04,15200.0,381,407.0
438,994,3,3,3,3,10165,380000.0,380000.0,0.04,15200.0,381,407.0
439,994,3,182,3,3,10165,380000.0,380000.0,0.04,15200.0,381,407.0
440,994,3,182,3,3,10165,380000.0,380000.0,0.04,15200.0,381,407.0
441,994,3,185,3,3,10165,380000.0,380000.0,0.04,15200.0,381,407.0
442,994,3,185,3,3,10165,380000.0,380000.0,0.04,15200.0,381,407.0
443,994,927,3,3,3,10165,380000.0,380000.0,0.04,15200.0,381,407.0
444,994,927,3,3,3,10165,380000.0,380000.0,0.04,15200.0,381,407.0
445,994,927,182,3,3,10165,380000.0,380000.0,0.04,15200.0,381,407.0
446,994,927,182,3,3,10165,380000.0,380000.0,0.04,15200.0,381,407.0
447,994,927,185,3,3,10165,380000.0,380000.0,0.04,15200.0,381,407.0
448,994,927,185,3,3,10165,380000.0,380000.0,0.04,15200.0,381,407.0
449,1267,378,24,1,1,500,471216.0,450000.0,4.2,21619.0,736,1605.0
450,1267,378,24,1,1,500,471216.0,450000.0,4.2,21619.0,736,1605.0
451,1267,1,1,1,1,500,471216.0,450000.0,4.2,21619.0,736,1605.0
452,1267,1,1,1,1,500,471216.0,450000.0,4.2,21619.0,736,1605.0
453,1267,1,181,1,1,500,471216.0,450000.0,4.2,21619.0,736,1605.0
454,1267,1,181,1,1,500,471216.0,450000.0,4.2,21619.0,736,1605.0
455,1267,1,183,1,1,500,471216.0,450000.0,4.2,21619.0,736,1605.0
456,1267,1,183,1,1,500,471216.0,450000.0,4.2,21619.0,736,1605.0
457,1267,925,1,1,1,500,471216.0,450000.0,4.2,21619.0,736,1605.0
458,1267,925,1,1,1,500,471216.0,450000.0,4.2,21619.0,736,1605.0
459,1267,925,181,1,1,500,471216.0,450000.0,4.2,21619.0,736,1605.0
460,1267,925,181,1,1,500,471216.0,450000.0,4.2,21619.0,736,1605.0
461,1267,925,183,1,1,500,471216.0,450000.0,4.2,21619.0,736,1605.0
462,1267,925,183,1,1,500,471216.0,450000.0,4.2,21619.0,736,1605.0
463,1267,378,24,1,1,500,471216.0,450000.0,4.2,21619.0,736,767.0
464,1267,378,24,1,1,500,471216.0,450000.0,4.2,21619.0,736,767.0
465,1267,1,1,1,1,500,471216.0,450000.0,4.2,21619.0,736,767.0
466,1267,1,1,1,1,500,471216.0,450000.0,4.2,21619.0,736,767.0
467,1267,1,181,1,1,500,471216.0,450000.0,4.2,21619.0,736,767.0
468,1267,1,181,1,1,500,471216.0,450000.0,4.2,21619.0,736,767.0
469,1267,1,183,1,1,500,471216.0,450000.0,4.2,21619.0,736,767.0
470,1267,1,183,1,1,500,471216.0,450000.0,4.2,21619.0,736,767.0
471,1267,925,1,1,1,500,471216.0,450000.0,4.2,21619.0,736,767.0
472,1267,925,1,1,1,500,471216.0,450000.0,4.2,21619.0,736,767.0
473,1267,925,181,1,1,500,471216.0,450000.0,4.2,21619.0,736,767.0
474,1267,925,181,1,1,500,471216.0,450000.0,4.2,21619.0,736,767.0
475,1267,925,183,1,1,500,471216.0,450000.0,4.2,21619.0,736,767.0
476,1267,925,183,1,1,500,471216.0,450000.0,4.2,21619.0,736,767.0
477,1267,378,24,1,1,500,471216.0,450000.0,0.05,22500.0,736,1605.0
478,1267,378,24,1,1,500,471216.0,450000.0,0.05,22500.0,736,1605.0
479,1267,1,1,1,1,500,471216.0,450000.0,0.05,22500.0,736,1605.0
480,1267,1,1,1,1,500,471216.0,450000.0,0.05,22500.0,736,1605.0
481,1267,1,181,1,1,500,471216.0,450000.0,0.05,22500.0,736,1605.0
482,1267,1,181,1,1,500,471216.0,450000.0,0.05,22500.0,736,1605.0
483,1267,1,183,1,1,500,471216.0,450000.0,0.05,22500.0,736,1605.0
484,1267,1,183,1,1,500,471216.0,450000.0,0.05,22500.0,736,1605.0
485,1267,925,1,1,1,500,471216.0,450000.0,0.05,22500.0,736,1605.0
486,1267,925,1,1,1,500,471216.0,450000.0,0.05,22500.0,736,1605.0
487,1267,925,181,1,1,500,471216.0,450000.0,0.05,22500.0,736,1605.0
488,1267,925,181,1,1,500,471216.0,450000.0,0.05,22500.0,736,1605.0
489,1267,925,183,1,1,500,471216.0,450000.0,0.05,22500.0,736,1605.0
490,1267,925,183,1,1,500,471216.0,450000.0,0.05,22500.0,736,1605.0
491,1267,378,24,1,1,500,471216.0,450000.0,0.05,22500.0,736,767.0
492,1267,378,24,1,1,500,471216.0,450000.0,0.05,22500.0,736,767.0
493,1267,1,1,1,1,500,471216.0,450000.0,0.05,22500.0,736,767.0
494,1267,1,1,1,1,500,471216.0,450000.0,0.05,22500.0,736,767.0
495,1267,1,181,1,1,500,471216.0,450000.0,0.05,22500.0,736,767.0
496,1267,1,181,1,1,500,471216.0,450000.0,0.05,22500.0,736,767.0
497,1267,1,183,1,1,500,471216.0,450000.0,0.05,22500.0,736,767.0
498,1267,1,183,1,1,500,471216.0,450000.0,0.05,22500.0,736,767.0
499,1267,925,1,1,1,500,471216.0,450000.0,0.05,22500.0,736,767.0
500,1267,925,1,1,1,500,471216.0,450000.0,0.05,22500.0,736,767.0
501,1267,925,181,1,1,500,471216.0,450000.0,0.05,22500.0,736,767.0
502,1267,925,181,1,1,500,471216.0,450000.0,0.05,22500.0,736,767.0
503,1267,925,183,1,1,500,471216.0,450000.0,0.05,22500.0,736,767.0
504,1267,925,183,1,1,500,471216.0,450000.0,0.05,22500.0,736,767.0
505,1267,378,24,1,1,500,450000.0,450000.0,4.2,21619.0,736,1605.0
506,1267,378,24,1,1,500,450000.0,450000.0,4.2,21619.0,736,1605.0
507,1267,1,1,1,1,500,450000.0,450000.0,4.2,21619.0,736,1605.0
508,1267,1,1,1,1,500,450000.0,450000.0,4.2,21619.0,736,1605.0
509,1267,1,181,1,1,500,450000.0,450000.0,4.2,21619.0,736,1605.0
510,1267,1,181,1,1,500,450000.0,450000.0,4.2,21619.0,736,1605.0
511,1267,1,183,1,1,500,450000.0,450000.0,4.2,21619.0,736,1605.0
512,1267,1,183,1,1,500,450000.0,450000.0,4.2,21619.0,736,1605.0
513,1267,925,1,1,1,500,450000.0,450000.0,4.2,21619.0,736,1605.0
514,1267,925,1,1,1,500,450000.0,450000.0,4.2,21619.0,736,1605.0
515,1267,925,181,1,1,500,450000.0,450000.0,4.2,21619.0,736,1605.0
516,1267,925,181,1,1,500,450000.0,450000.0,4.2,21619.0,736,1605.0
517,1267,925,183,1,1,500,450000.0,450000.0,4.2,21619.0,736,1605.0
518,1267,925,183,1,1,500,450000.0,450000.0,4.2,21619.0,736,1605.0
519,1267,378,24,1,1,500,450000.0,450000.0,4.2,21619.0,736,767.0
520,1267,378,24,1,1,500,450000.0,450000.0,4.2,21619.0,736,767.0
521,1267,1,1,1,1,500,450000.0,450000.0,4.2,21619.0,736,767.0
522,1267,1,1,1,1,500,450000.0,450000.0,4.2,21619.0,736,767.0
523,1267,1,181,1,1,500,450000.0,450000.0,4.2,21619.0,736,767.0
524,1267,1,181,1,1,500,450000.0,450000.0,4.2,21619.0,736,767.0
525,1267,1,183,1,1,500,450000.0,450000.0,4.2,21619.0,736,767.0
526,1267,1,183,1,1,500,450000.0,450000.0,4.2,21619.0,736,767.0
527,1267,925,1,1,1,500,450000.0,450000.0,4.2,21619.0,736,767.0
528,1267,925,1,1,1,500,450000.0,450000.0,4.2,21619.0,736,767.0
529,1267,925,181,1,1,500,450000.0,450000.0,4.2,21619.0,736,767.0
530,1267,925,181,1,1,500,450000.0,450000.0,4.2,21619.0,736,767.0
531,1267,925,183,1,1,500,450000.0,450000.0,4.2,21619.0,736,767.0
532,1267,925,183,1,1,500,450000.0,450000.0,4.2,21619.0,736,767.0
533,1267,378,24,1,1,500,450000.0,450000.0,0.05,22500.0,736,1605.0
534,1267,378,24,1,1,500,450000.0,450000.0,0.05,22500.0,736,1605.0
535,1267,1,1,1,1,500,450000.0,450000.0,0.05,22500.0,736,1605.0
536,1267,1,1,1,1,500,450000.0,450000.0,0.05,22500.0,736,1605.0
537,1267,1,181,1,1,500,450000.0,450000.0,0.05,22500.0,736,1605.0
538,1267,1,181,1,1,500,450000.0,450000.0,0.05,22500.0,736,1605.0
539,1267,1,183,1,1,500,450000.0,450000.0,0.05,22500.0,736,1605.0
540,1267,1,183,1,1,500,450000.0,450000.0,0.05,22500.0,736,1605.0
541,1267,925,1,1,1,500,450000.0,450000.0,0.05,22500.0,736,1605.0
542,1267,925,1,1,1,500,450000.0,450000.0,0.05,22500.0,736,1605.0
543,1267,925,181,1,1,500,450000.0,450000.0,0.05,22500.0,736,1605.0
544,1267,925,181,1,1,500,450000.0,450000.0,0.05,22500.0,736,1605.0
545,1267,925,183,1,1,500,450000.0,450000.0,0.05,22500.0,736,1605.0
546,1267,925,183,1,1,500,450000.0,450000.0,0.05,22500.0,736,1605.0
547,1267,378,24,1,1,500,450000.0,450000.0,0.05,22500.0,736,767.0
548,1267,378,24,1,1,500,450000.0,450000.0,0.05,22500.0,736,767.0
549,1267,1,1,1,1,500,450000.0,450000.0,0.05,22500.0,736,767.0
550,1267,1,1,1,1,500,450000.0,450000.0,0.05,22500.0,736,767.0
551,1267,1,181,1,1,500,450000.0,450000.0,0.05,22500.0,736,767.0
552,1267,1,181,1,1,500,450000.0,450000.0,0.05,22500.0,736,767.0
553,1267,1,183,1,1,500,450000.0,450000.0,0.05,22500.0,736,767.0
554,1267,1,183,1,1,500,450000.0,450000.0,0.05,22500.0,736,767.0
555,1267,925,1,1,1,500,450000.0,450000.0,0.05,22500.0,736,767.0
556,1267,925,1,1,1,500,450000.0,450000.0,0.05,22500.0,736,767.0
557,1267,925,181,1,1,500,450000.0,450000.0,0.05,22500.0,736,767.0
558,1267,925,181,1,1,500,450000.0,450000.0,0.05,22500.0,736,767.0
559,1267,925,183,1,1,500,450000.0,450000.0,0.05,22500.0,736,767.0
560,1267,925,183,1,1,500,450000.0,450000.0,0.05,22500.0,736,767.0
561,1359,315,131,3,3,10165,595328.0,380000.0,2.6,9710.0,746,1909.0
562,1359,315,131,3,3,10165,595328.0,380000.0,2.6,9710.0,746,1909.0
563,1359,3,3,3,3,10165,595328.0,380000.0,2.6,9710.0,746,1909.0
564,1359,3,3,3,3,10165,595328.0,380000.0,2.6,9710.0,746,1909.0
565,1359,3,182,3,3,10165,595328.0,380000.0,2.6,9710.0,746,1909.0
566,1359,3,182,3,3,10165,595328.0,380000.0,2.6,9710.0,746,1909.0
567,1359,3,185,3,3,10165,595328.0,380000.0,2.6,9710.0,746,1909.0
568,1359,3,185,3,3,10165,595328.0,380000.0,2.6,9710.0,746,1909.0
569,1359,927,3,3,3,10165,595328.0,380000.0,2.6,9710.0,746,1909.0
570,1359,927,3,3,3,10165,595328.0,380000.0,2.6,9710.0,746,1909.0
571,1359,927,182,3,3,10165,595328.0,380000.0,2.6,9710.0,746,1909.0
572,1359,927,182,3,3,10165,595328.0,380000.0,2.6,9710.0,746,1909.0
573,1359,927,185,3,3,10165,595328.0,380000.0,2.6,9710.0,746,1909.0
574,1359,927,185,3,3,10165,595328.0,380000.0,2.6,9710.0,746,1909.0
575,1359,315,131,3,3,10165,595328.0,380000.0,2.6,9710.0,746,772.0
576,1359,315,131,3,3,10165,595328.0,380000.0,2.6,9710.0,746,772.0
577,1359,3,3,3,3,10165,595328.0,380000.0,2.6,9710.0,746,772.0
578,1359,3,3,3,3,10165,595328.0,380000.0,2.6,9710.0,746,772.0
579,1359,3,182,3,3,10165,595328.0,380000.0,2.6,9710.0,746,772.0
580,1359,3,182,3,3,10165,595328.0,380000.0,2.6,9710.0,746,772.0
581,1359,3,185,3,3,10165,595328.0,380000.0,2.6,9710.0,746,772.0
582,1359,3,185,3,3,10165,595328.0,380000.0,2.6,9710.0,746,772.0
583,1359,927,3,3,3,10165,595328.0,380000.0,2.6,9710.0,746,772.0
584,1359,927,3,3,3,10165,595328.0,380000.0,2.6,9710.0,746,772.0
585,1359,927,182,3,3,10165,595328.0,380000.0,2.6,9710.0,746,772.0
586,1359,927,182,3,3,10165,595328.0,380000.0,2.6,9710.0,746,772.0
587,1359,927,185,3,3,10165,595328.0,380000.0,2.6,9710.0,746,772.0
588,1359,927,185,3,3,10165,595328.0,380000.0,2.6,9710.0,746,772.0
589,1359,315,131,3,3,10165,595328.0,380000.0,0.04,15200.0,746,1909.0
590,1359,315,131,3,3,10165,595328.0,380000.0,0.04,15200.0,746,1909.0
591,1359,3,3,3,3,10165,595328.0,380000.0,0.04,15200.0,746,1909.0
592,1359,3,3,3,3,10165,595328.0,380000.0,0.04,15200.0,746,1909.0
593,1359,3,182,3,3,10165,595328.0,380000.0,0.04,15200.0,746,1909.0
594,1359,3,182,3,3,10165,595328.0,380000.0,0.04,15200.0,746,1909.0
595,1359,3,185,3,3,10165,595328.0,380000.0,0.04,15200.0,746,1909.0
596,1359,3,185,3,3,10165,595328.0,380000.0,0.04,15200.0,746,1909.0
597,1359,927,3,3,3,10165,595328.0,380000.0,0.04,15200.0,746,1909.0
598,1359,927,3,3,3,10165,595328.0,380000.0,0.04,15200.0,746,1909.0
599,1359,927,182,3,3,10165,595328.0,380000.0,0.04,15200.0,746,1909.0
600,1359,927,182,3,3,10165,595328.0,380000.0,0.04,15200.0,746,1909.0
601,1359,927,185,3,3,10165,595328.0,380000.0,0.04,15200.0,746,1909.0
602,1359,927,185,3,3,10165,595328.0,380000.0,0.04,15200.0,746,1909.0
603,1359,315,131,3,3,10165,595328.0,380000.0,0.04,15200.0,746,772.0
604,1359,315,131,3,3,10165,595328.0,380000.0,0.04,15200.0,746,772.0
605,1359,3,3,3,3,10165,595328.0,380000.0,0.04,15200.0,746,772.0
606,1359,3,3,3,3,10165,595328.0,380000.0,0.04,15200.0,746,772.0
607,1359,3,182,3,3,10165,595328.0,380000.0,0.04,15200.0,746,772.0
608,1359,3,182,3,3,10165,595328.0,380000.0,0.04,15200.0,746,772.0
609,1359,3,185,3,3,10165,595328.0,380000.0,0.04,15200.0,746,772.0
610,1359,3,185,3,3,10165,595328.0,380000.0,0.04,15200.0,746,772.0
611,1359,927,3,3,3,10165,595328.0,380000.0,0.04,15200.0,746,772.0
612,1359,927,3,3,3,10165,595328.0,380000.0,0.04,15200.0,746,772.0
613,1359,927,182,3,3,10165,595328.0,380000.0,0.04,15200.0,746,772.0
614,1359,927,182,3,3,10165,595328.0,380000.0,0.04,15200.0,746,772.0
615,1359,927,185,3,3,10165,595328.0,380000.0,0.04,15200.0,746,772.0
616,1359,927,185,3,3,10165,595328.0,380000.0,0.04,15200.0,746,772.0
617,1359,315,131,3,3,10165,380000.0,380000.0,2.6,9710.0,746,1909.0
618,1359,315,131,3,3,10165,380000.0,380000.0,2.6,9710.0,746,1909.0
619,1359,3,3,3,3,10165,380000.0,380000.0,2.6,9710.0,746,1909.0
620,1359,3,3,3,3,10165,380000.0,380000.0,2.6,9710.0,746,1909.0
621,1359,3,182,3,3,10165,380000.0,380000.0,2.6,9710.0,746,1909.0
622,1359,3,182,3,3,10165,380000.0,380000.0,2.6,9710.0,746,1909.0
623,1359,3,185,3,3,10165,380000.0,380000.0,2.6,9710.0,746,1909.0
624,1359,3,185,3,3,10165,380000.0,380000.0,2.6,9710.0,746,1909.0
625,1359,927,3,3,3,10165,380000.0,380000.0,2.6,9710.0,746,1909.0
626,1359,927,3,3,3,10165,380000.0,380000.0,2.6,9710.0,746,1909.0
627,1359,927,182,3,3,10165,380000.0,380000.0,2.6,9710.0,746,1909.0
628,1359,927,182,3,3,10165,380000.0,380000.0,2.6,9710.0,746,1909.0
629,1359,927,185,3,3,10165,380000.0,380000.0,2.6,9710.0,746,1909.0
630,1359,927,185,3,3,10165,380000.0,380000.0,2.6,9710.0,746,1909.0
631,1359,315,131,3,3,10165,380000.0,380000.0,2.6,9710.0,746,772.0
632,1359,315,131,3,3,10165,380000.0,380000.0,2.6,9710.0,746,772.0
633,1359,3,3,3,3,10165,380000.0,380000.0,2.6,9710.0,746,772.0
634,1359,3,3,3,3,10165,380000.0,380000.0,2.6,9710.0,746,772.0
635,1359,3,182,3,3,10165,380000.0,380000.0,2.6,9710.0,746,772.0
636,1359,3,182,3,3,10165,380000.0,380000.0,2.6,9710.0,746,772.0
637,1359,3,185,3,3,10165,380000.0,380000.0,2.6,9710.0,746,772.0
638,1359,3,185,3,3,10165,380000.0,380000.0,2.6,9710.0,746,772.0
639,1359,927,3,3,3,10165,380000.0,380000.0,2.6,9710.0,746,772.0
640,1359,927,3,3,3,10165,380000.0,380000.0,2.6,9710.0,746,772.0
641,1359,927,182,3,3,10165,380000.0,380000.0,2.6,9710.0,746,772.0
642,1359,927,182,3,3,10165,380000.0,380000.0,2.6,9710.0,746,772.0
643,1359,927,185,3,3,10165,380000.0,380000.0,2.6,9710.0,746,772.0
644,1359,927,185,3,3,10165,380000.0,380000.0,2.6,9710.0,746,772.0
645,1359,315,131,3,3,10165,380000.0,380000.0,0.04,15200.0,746,1909.0
646,1359,315,131,3,3,10165,380000.0,380000.0,0.04,15200.0,746,1909.0
647,1359,3,3,3,3,10165,380000.0,380000.0,0.04,15200.0,746,1909.0
648,1359,3,3,3,3,10165,380000.0,380000.0,0.04,15200.0,746,1909.0
649,1359,3,182,3,3,10165,380000.0,380000.0,0.04,15200.0,746,1909.0
650,1359,3,182,3,3,10165,380000.0,380000.0,0.04,15200.0,746,1909.0
651,1359,3,185,3,3,10165,380000.0,380000.0,0.04,15200.0,746,1909.0
652,1359,3,185,3,3,10165,380000.0,380000.0,0.04,15200.0,746,1909.0
653,1359,927,3,3,3,10165,380000.0,380000.0,0.04,15200.0,746,1909.0
654,1359,927,3,3,3,10165,380000.0,380000.0,0.04,15200.0,746,1909.0
655,1359,927,182,3,3,10165,380000.0,380000.0,0.04,15200.0,746,1909.0
656,1359,927,182,3,3,10165,380000.0,380000.0,0.04,15200.0,746,1909.0
657,1359,927,185,3,3,10165,380000.0,380000.0,0.04,15200.0,746,1909.0
658,1359,927,185,3,3,10165,380000.0,380000.0,0.04,15200.0,746,1909.0
659,1359,315,131,3,3,10165,380000.0,380000.0,0.04,15200.0,746,772.0
660,1359,315,131,3,3,10165,380000.0,380000.0,0.04,15200.0,746,772.0
661,1359,3,3,3,3,10165,380000.0,380000.0,0.04,15200.0,746,772.0
662,1359,3,3,3,3,10165,380000.0,380000.0,0.04,15200.0,746,772.0
663,1359,3,182,3,3,10165,380000.0,380000.0,0.04,15200.0,746,772.0
664,1359,3,182,3,3,10165,380000.0,380000.0,0.04,15200.0,746,772.0
665,1359,3,185,3,3,10165,380000.0,380000.0,0.04,15200.0,746,772.0
666,1359,3,185,3,3,10165,380000.0,380000.0,0.04,15200.0,746,772.0
667,1359,927,3,3,3,10165,380000.0,380000.0,0.04,15200.0,746,772.0
668,1359,927,3,3,3,10165,380000.0,380000.0,0.04,15200.0,746,772.0
669,1359,927,182,3,3,10165,380000.0,380000.0,0.04,15200.0,746,772.0
670,1359,927,182,3,3,10165,380000.0,380000.0,0.04,15200.0,746,772.0
671,1359,927,185,3,3,10165,380000.0,380000.0,0.04,15200.0,746,772.0
672,1359,927,185,3,3,10165,380000.0,380000.0,0.04,15200.0,746,772.0
673,171,378,24,1,1,500,471216.0,450000.0,4.2,21619.0,0,509.0
674,171,378,24,1,1,500,471216.0,450000.0,4.2,21619.0,0,509.0
675,171,1,1,1,1,500,471216.0,450000.0,4.2,21619.0,0,509.0
676,171,1,1,1,1,500,471216.0,450000.0,4.2,21619.0,0,509.0
677,171,1,181,1,1,500,471216.0,450000.0,4.2,21619.0,0,509.0
678,171,1,181,1,1,500,471216.0,450000.0,4.2,21619.0,0,509.0
679,171,1,183,1,1,500,471216.0,450000.0,4.2,21619.0,0,509.0
680,171,1,183,1,1,500,471216.0,450000.0,4.2,21619.0,0,509.0
681,171,925,1,1,1,500,471216.0,450000.0,4.2,21619.0,0,509.0
682,171,925,1,1,1,500,471216.0,450000.0,4.2,21619.0,0,509.0
683,171,925,181,1,1,500,471216.0,450000.0,4.2,21619.0,0,509.0
684,171,925,181,1,1,500,471216.0,450000.0,4.2,21619.0,0,509.0
685,171,925,183,1,1,500,471216.0,450000.0,4.2,21619.0,0,509.0
686,171,925,183,1,1,500,471216.0,450000.0,4.2,21619.0,0,509.0
687,171,378,24,1,1,500,471216.0,450000.0,4.2,21619.0,0,0.0
688,171,378,24,1,1,500,471216.0,450000.0,4.2,21619.0,0,0.0
689,171,1,1,1,1,500,471216.0,450000.0,4.2,21619.0,0,0.0
690,171,1,1,1,1,500,471216.0,450000.0,4.2,21619.0,0,0.0
691,171,1,181,1,1,500,471216.0,450000.0,4.2,21619.0,0,0.0
692,171,1,181,1,1,500,471216.0,450000.0,4.2,21619.0,0,0.0
693,171,1,183,1,1,500,471216.0,450000.0,4.2,21619.0,0,0.0
694,171,1,183,1,1,500,471216.0,450000.0,4.2,21619.0,0,0.0
695,171,925,1,1,1,500,471216.0,450000.0,4.2,21619.0,0,0.0
696,171,925,1,1,1,500,471216.0,450000.0,4.2,21619.0,0,0.0
697,171,925,181,1,1,500,471216.0,450000.0,4.2,21619.0,0,0.0
698,171,925,181,1,1,500,471216.0,450000.0,4.2,21619.0,0,0.0
699,171,925,183,1,1,500,471216.0,450000.0,4.2,21619.0,0,0.0
700,171,925,183,1,1,500,471216.0,450000.0,4.2,21619.0,0,0.0
701,171,378,24,1,1,500,471216.0,450000.0,0.05,22500.0,0,509.0
702,171,378,24,1,1,500,471216.0,450000.0,0.05,22500.0,0,509.0
703,171,1,1,1,1,500,471216.0,450000.0,0.05,22500.0,0,509.0
704,171,1,1,1,1,500,471216.0,450000.0,0.05,22500.0,0,509.0
705,171,1,181,1,1,500,471216.0,450000.0,0.05,22500.0,0,509.0
706,171,1,181,1,1,500,471216.0,450000.0,0.05,22500.0,0,509.0
707,171,1,183,1,1,500,471216.0,450000.0,0.05,22500.0,0,509.0
708,171,1,183,1,1,500,471216.0,450000.0,0.05,22500.0,0,509.0
709,171,925,1,1,1,500,471216.0,450000.0,0.05,22500.0,0,509.0
710,171,925,1,1,1,500,471216.0,450000.0,0.05,22500.0,0,509.0
711,171,925,181,1,1,500,471216.0,450000.0,0.05,22500.0,0,509.0
712,171,925,181,1,1,500,471216.0,450000.0,0.05,22500.0,0,509.0
713,171,925,183,1,1,500,471216.0,450000.0,0.05,22500.0,0,509.0
714,171,925,183,1,1,500,471216.0,450000.0,0.05,22500.0,0,509.0
715,171,378,24,1,1,500,471216.0,450000.0,0.05,22500.0,0,0.0
716,171,378,24,1,1,500,471216.0,450000.0,0.05,22500.0,0,0.0
717,171,1,1,1,1,500,471216.0,450000.0,0.05,22500.0,0,0.0
718,171,1,1,1,1,500,471216.0,450000.0,0.05,22500.0,0,0.0
719,171,1,181,1,1,500,471216.0,450000.0,0.05,22500.0,0,0.0
720,171,1,181,1,1,500,471216.0,450000.0,0.05,22500.0,0,0.0
721,171,1,183,1,1,500,471216.0,450000.0,0.05,22500.0,0,0.0
722,171,1,183,1,1,500,471216.0,450000.0,0.05,22500.0,0,0.0
723,171,925,1,1,1,500,471216.0,450000.0,0.05,22500.0,0,0.0
724,171,925,1,1,1,500,471216.0,450000.0,0.05,22500.0,0,0.0
725,171,925,181,1,1,500,471216.0,450000.0,0.05,22500.0,0,0.0
726,171,925,181,1,1,500,471216.0,450000.0,0.05,22500.0,0,0.0
727,171,925,183,1,1,500,471216.0,450000.0,0.05,22500.0,0,0.0
728,171,925,183,1,1,500,471216.0,450000.0,0.05,22500.0,0,0.0
729,171,378,24,1,1,500,450000.0,450000.0,4.2,21619.0,0,509.0
730,171,378,24,1,1,500,450000.0,450000.0,4.2,21619.0,0,509.0
731,171,1,1,1,1,500,450000.0,450000.0,4.2,21619.0,0,509.0
732,171,1,1,1,1,500,450000.0,450000.0,4.2,21619.0,0,509.0
733,171,1,181,1,1,500,450000.0,450000.0,4.2,21619.0,0,509.0
734,171,1,181,1,1,500,450000.0,450000.0,4.2,21619.0,0,509.0
735,171,1,183,1,1,500,450000.0,450000.0,4.2,21619.0,0,509.0
736,171,1,183,1,1,500,450000.0,450000.0,4.2,21619.0,0,509.0
737,171,925,1,1,1,500,450000.0,450000.0,4.2,21619.0,0,509.0
738,171,925,1,1,1,500,450000.0,450000.0,4.2,21619.0,0,509.0
739,171,925,181,1,1,500,450000.0,450000.0,4.2,21619.0,0,509.0
740,171,925,181,1,1,500,450000.0,450000.0,4.2,21619.0,0,509.0
741,171,925,183,1,1,500,450000.0,450000.0,4.2,21619.0,0,509.0
742,171,925,183,1,1,500,450000.0,450000.0,4.2,21619.0,0,509.0
743,171,378,24,1,1,500,450000.0,450000.0,4.2,21619.0,0,0.0
744,171,378,24,1,1,500,450000.0,450000.0,4.2,21619.0,0,0.0
745,171,1,1,1,1,500,450000.0,450000.0,4.2,21619.0,0,0.0
746,171,1,1,1,1,500,450000.0,450000.0,4.2,21619.0,0,0.0
747,171,1,181,1,1,500,450000.0,450000.0,4.2,21619.0,0,0.0
748,171,1,181,1,1,500,450000.0,450000.0,4.2,21619.0,0,0.0
749,171,1,183,1,1,500,450000.0,450000.0,4.2,21619.0,0,0.0
750,171,1,183,1,1,500,450000.0,450000.0,4.2,21619.0,0,0.0
751,171,925,1,1,1,500,450000.0,450000.0,4.2,21619.0,0,0.0
752,171,925,1,1,1,500,450000.0,450000.0,4.2,21619.0,0,0.0
753,171,925,181,1,1,500,450000.0,450000.0,4.2,21619.0,0,0.0
754,171,925,181,1,1,500,450000.0,450000.0,4.2,21619.0,0,0.0
755,171,925,183,1,1,500,450000.0,450000.0,4.2,21619.0,0,0.0
756,171,925,183,1,1,500,450000.0,450000.0,4.2,21619.0,0,0.0
757,171,378,24,1,1,500,450000.0,450000.0,0.05,22500.0,0,509.0
758,171,378,24,1,1,500,450000.0,450000.0,0.05,22500.0,0,509.0
759,171,1,1,1,1,500,450000.0,450000.0,0.05,22500.0,0,509.0
760,171,1,1,1,1,500,450000.0,450000.0,0.05,22500.0,0,509.0
761,171,1,181,1,1,500,450000.0,450000.0,0.05,22500.0,0,509.0
762,171,1,181,1,1,500,450000.0,450000.0,0.05,22500.0,0,509.0
763,171,1,183,1,1,500,450000.0,450000.0,0.05,22500.0,0,509.0
764,171,1,183,1,1,500,450000.0,450000.0,0.05,22500.0,0,509.0
765,171,925,1,1,1,500,450000.0,450000.0,0.05,22500.0,0,509.0
766,171,925,1,1,1,500,450000.0,450000.0,0.05,22500.0,0,509.0
767,171,925,181,1,1,500,450000.0,450000.0,0.05,22500.0,0,509.0
768,171,925,181,1,1,500,450000.0,450000.0,0.05,22500.0,0,509.0
769,171,925,183,1,1,500,450000.0,450000.0,0.05,22500.0,0,509.0
770,171,925,183,1,1,500,450000.0,450000.0,0.05,22500.0,0,509.0
771,171,378,24,1,1,500,450000.0,450000.0,0.05,22500.0,0,0.0
772,171,378,24,1,1,500,450000.0,450000.0,0.05,22500.0,0,0.0
773,171,1,1,1,1,500,450000.0,450000.0,0.05,22500.0,0,0.0
774,171,1,1,1,1,500,450000.0,450000.0,0.05,22500.0,0,0.0
775,171,1,181,1,1,500,450000.0,450000.0,0.05,22500.0,0,0.0
776,171,1,181,1,1,500,450000.0,450000.0,0.05,22500.0,0,0.0
777,171,1,183,1,1,500,450000.0,450000.0,0.05,22500.0,0,0.0
778,171,1,183,1,1,500,450000.0,450000.0,0.05,22500.0,0,0.0
779,171,925,1,1,1,500,450000.0,450000.0,0.05,22500.0,0,0.0
780,171,925,1,1,1,500,450000.0,450000.0,0.05,22500.0,0,0.0
781,171,925,181,1,1,500,450000.0,450000.0,0.05,22500.0,0,0.0
782,171,925,181,1,1,500,450000.0,450000.0,0.05,22500.0,0,0.0
783,171,925,183,1,1,500,450000.0,450000.0,0.05,22500.0,0,0.0
784,171,925,183,1,1,500,450000.0,450000.0,0.05,22500.0,0,0.0
785,263,315,131,3,3,10165,595328.0,380000.0,2.6,9710.0,0,813.0
786,263,315,131,3,3,10165,595328.0,380000.0,2.6,9710.0,0,813.0
787,263,3,3,3,3,10165,595328.0,380000.0,2.6,9710.0,0,813.0
788,263,3,3,3,3,10165,595328.0,380000.0,2.6,9710.0,0,813.0
789,263,3,182,3,3,10165,595328.0,380000.0,2.6,9710.0,0,813.0
790,263,3,182,3,3,10165,595328.0,380000.0,2.6,9710.0,0,813.0
791,263,3,185,3,3,10165,595328.0,380000.0,2.6,9710.0,0,813.0
792,263,3,185,3,3,10165,595328.0,380000.0,2.6,9710.0,0,813.0
793,263,927,3,3,3,10165,595328.0,380000.0,2.6,9710.0,0,813.0
794,263,927,3,3,3,10165,595328.0,380000.0,2.6,9710.0,0,813.0
795,263,927,182,3,3,10165,595328.0,380000.0,2.6,9710.0,0,813.0
796,263,927,182,3,3,10165,595328.0,380000.0,2.6,9710.0,0,813.0
797,263,927,185,3,3,10165,595328.0,380000.0,2.6,9710.0,0,813.0
798,263,927,185,3,3,10165,595328.0,380000.0,2.6,9710.0,0,813.0
799,263,315,131,3,3,10165,595328.0,380000.0,2.6,9710.0,0,0.0
800,263,315,131,3,3,10165,595328.0,380000.0,2.6,9710.0,0,0.0
801,263,3,3,3,3,10165,595328.0,380000.0,2.6,9710.0,0,0.0
802,263,3,3,3,3,10165,595328.0,380000.0,2.6,9710.0,0,0.0
803,263,3,182,3,3,10165,595328.0,380000.0,2.6,9710.0,0,0.0
804,263,3,182,3,3,10165,595328.0,380000.0,2.6,9710.0,0,0.0
805,263,3,185,3,3,10165,595328.0,380000.0,2.6,9710.0,0,0.0
806,263,3,185,3,3,10165,595328.0,380000.0,2.6,9710.0,0,0.0
807,263,927,3,3,3,10165,595328.0,380000.0,2.6,9710.0,0,0.0
808,263,927,3,3,3,10165,595328.0,380000.0,2.6,9710.0,0,0.0
809,263,927,182,3,3,10165,595328.0,380000.0,2.6,9710.0,0,0.0
810,263,927,182,3,3,10165,595328.0,380000.0,2.6,9710.0,0,0.0
811,263,927,185,3,3,10165,595328.0,380000.0,2.6,9710.0,0,0.0
812,263,927,185,3,3,10165,595328.0,380000.0,2.6,9710.0,0,0.0
813,263,315,131,3,3,10165,595328.0,380000.0,0.04,15200.0,0,813.0
814,263,315,131,3,3,10165,595328.0,380000.0,0.04,15200.0,0,813.0
815,263,3,3,3,3,10165,595328.0,380000.0,0.04,15200.0,0,813.0
816,263,3,3,3,3,10165,595328.0,380000.0,0.04,15200.0,0,813.0
817,263,3,182,3,3,10165,595328.0,380000.0,0.04,15200.0,0,813.0
818,263,3,182,3,3,10165,595328.0,380000.0,0.04,15200.0,0,813.0
819,263,3,185,3,3,10165,595328.0,380000.0,0.04,15200.0,0,813.0
820,263,3,185,3,3,10165,595328.0,380000.0,0.04,15200.0,0,813.0
821,263,927,3,3,3,10165,595328.0,380000.0,0.04,15200.0,0,813.0
822,263,927,3,3,3,10165,595328.0,380000.0,0.04,15200.0,0,813.0
823,263,927,182,3,3,10165,595328.0,380000.0,0.04,15200.0,0,813.0
824,263,927,182,3,3,10165,595328.0,380000.0,0.04,15200.0,0,813.0
825,263,927,185,3,3,10165,595328.0,380000.0,0.04,15200.0,0,813.0
826,263,927,185,3,3,10165,595328.0,380000.0,0.04,15200.0,0,813.0
827,263,315,131,3,3,10165,595328.0,380000.0,0.04,15200.0,0,0.0
828,263,315,131,3,3,10165,595328.0,380000.0,0.04,15200.0,0,0.0
829,263,3,3,3,3,10165,595328.0,380000.0,0.04,15200.0,0,0.0
830,263,3,3,3,3,10165,595328.0,380000.0,0.04,15200.0,0,0.0
831,263,3,182,3,3,10165,595328.0,380000.0,0.04,15200.0,0,0.0
832,263,3,182,3,3,10165,595328.0,380000.0,0.04,15200.0,0,0.0
833,263,3,185,3,3,10165,595328.0,380000.0,0.04,15200.0,0,0.0
834,263,3,185,3,3,10165,595328.0,380000.0,0.04,15200.0,0,0.0
835,263,927,3,3,3,10165,595328.0,380000.0,0.04,15200.0,0,0.0
836,263,927,3,3,3,10165,595328.0,380000.0,0.04,15200.0,0,0.0
837,263,927,182,3,3,10165,595328.0,380000.0,0.04,15200.0,0,0.0
838,263,927,182,3,3,10165,595328.0,380000.0,0.04,15200.0,0,0.0
839,263,927,185,3,3,10165,595328.0,380000.0,0.04,15200.0,0,0.0
840,263,927,185,3,3,10165,595328.0,380000.0,0.04,15200.0,0,0.0
841,263,315,131,3,3,10165,380000.0,380000.0,2.6,9710.0,0,813.0
842,263,315,131,3,3,10165,380000.0,380000.0,2.6,9710.0,0,813.0
843,263,3,3,3,3,10165,380000.0,380000.0,2.6,9710.0,0,813.0
844,263,3,3,3,3,10165,380000.0,380000.0,2.6,9710.0,0,813.0
845,263,3,182,3,3,10165,380000.0,380000.0,2.6,9710.0,0,813.0
846,263,3,182,3,3,10165,380000.0,380000.0,2.6,9710.0,0,813.0
847,263,3,185,3,3,10165,380000.0,380000.0,2.6,9710.0,0,813.0
848,263,3,185,3,3,10165,380000.0,380000.0,2.6,9710.0,0,813.0
849,263,927,3,3,3,10165,380000.0,380000.0,2.6,9710.0,0,813.0
850,263,927,3,3,3,10165,380000.0,380000.0,2.6,9710.0,0,813.0
851,263,927,182,3,3,10165,380000.0,380000.0,2.6,9710.0,0,813.0
852,263,927,182,3,3,10165,380000.0,380000.0,2.6,9710.0,0,813.0
853,263,927,185,3,3,10165,380000.0,380000.0,2.6,9710.0,0,813.0
854,263,927,185,3,3,10165,380000.0,380000.0,2.6,9710.0,0,813.0
855,263,315,131,3,3,10165,380000.0,380000.0,2.6,9710.0,0,0.0
856,263,315,131,3,3,10165,380000.0,380000.0,2.6,9710.0,0,0.0
857,263,3,3,3,3,10165,380000.0,380000.0,2.6,9710.0,0,0.0
858,263,3,3,3,3,10165,380000.0,380000.0,2.6,9710.0,0,0.0
859,263,3,182,3,3,10165,380000.0,380000.0,2.6,9710.0,0,0.0
860,263,3,182,3,3,10165,380000.0,380000.0,2.6,9710.0,0,0.0
861,263,3,185,3,3,10165,380000.0,380000.0,2.6,9710.0,0,0.0
862,263,3,185,3,3,10165,380000.0,380000.0,2.6,9710.0,0,0.0
863,263,927,3,3,3,10165,380000.0,380000.0,2.6,9710.0,0,0.0
864,263,927,3,3,3,10165,380000.0,380000.0,2.6,9710.0,0,0.0
865,263,927,182,3,3,10165,380000.0,380000.0,2.6,9710.0,0,0.0
866,263,927,182,3,3,10165,380000.0,380000.0,2.6,9710.0,0,0.0
867,263,927,185,3,3,10165,380000.0,380000.0,2.6,9710.0,0,0.0
868,263,927,185,3,3,10165,380000.0,380000.0,2.6,9710.0,0,0.0
869,263,315,131,3,3,10165,380000.0,380000.0,0.04,15200.0,0,813.0
870,263,315,131,3,3,10165,380000.0,380000.0,0.04,15200.0,0,813.0
871,263,3,3,3,3,10165,380000.0,380000.0,0.04,15200.0,0,813.0
872,263,3,3,3,3,10165,380000.0,380000.0,0.04,15200.0,0,813.0
873,263,3,182,3,3,10165,380000.0,380000.0,0.04,15200.0,0,813.0
874,263,3,182,3,3,10165,380000.0,380000.0,0.04,15200.0,0,813.0
875,263,3,185,3,3,10165,380000.0,380000.0,0.04,15200.0,0,813.0
876,263,3,185,3,3,10165,380000.0,380000.0,0.04,15200.0,0,813.0
877,263,927,3,3,3,10165,380000.0,380000.0,0.04,15200.0,0,813.0
878,263,927,3,3,3,10165,380000.0,380000.0,0.04,15200.0,0,813.0
879,263,927,182,3,3,10165,380000.0,380000.0,0.04,15200.0,0,813.0
880,263,927,182,3,3,10165,380000.0,380000.0,0.04,15200.0,0,813.0
881,263,927,185,3,3,10165,380000.0,380000.0,0.04,15200.0,0,813.0
882,263,927,185,3,3,10165,380000.0,380000.0,0.04,15200.0,0,813.0
883,263,315,131,3,3,10165,380000.0,380000.0,0.04,15200.0,0,0.0
884,263,315,131,3,3,10165,380000.0,380000.0,0.04,15200.0,0,0.0
885,263,3,3,3,3,10165,380000.0,380000.0,0.04,15200.0,0,0.0
886,263,3,3,3,3,10165,380000.0,380000.0,0.04,15200.0,0,0.0
887,263,3,182,3,3,10165,380000.0,380000.0,0.04,15200.0,0,0.0
888,263,3,182,3,3,10165,380000.0,380000.0,0.04,15200.0,0,0.0
889,263,3,185,3,3,10165,380000.0,380000.0,0.04,15200.0,0,0.0
890,263,3,185,3,3,10165,380000.0,380000.0,0.04,15200.0,0,0.0
891,263,927,3,3,3,10165,380000.0,380000.0,0.04,15200.0,0,0.0
892,263,927,3,3,3,10165,380000.0,380000.0,0.04,15200.0,0,0.0
893,263,927,182,3,3,10165,380000.0,380000.0,0.04,15200.0,0,0.0
894,263,927,182,3,3,10165,380000.0,380000.0,0.04,15200.0,0,0.0
895,263,927,185,3,3,10165,380000.0,380000.0,0.04,15200.0,0,0.0
896,263,927,185,3,3,10165,380000.0,380000.0,0.04,15200.0,0,0.0
897,592,45,121,2,2,700,362377.0,2500.0,3.2,34562.0,5,466.0
898,592,45,121,2,10,700,362377.0,2500.0,3.2,34562.0,5,466.0
899,592,45,121,2,2,700,362377.0,2500.0,3.2,34562.0,5,466.0
900,592,45,121,2,10,700,362377.0,2500.0,3.2,34562.0,5,466.0
901,592,2,2,2,2,700,362377.0,2500.0,3.2,34562.0,5,466.0
902,592,2,2,2,10,700,362377.0,2500.0,3.2,34562.0,5,466.0
903,592,2,2,2,2,700,362377.0,2500.0,3.2,34562.0,5,466.0
904,592,2,2,2,10,700,362377.0,2500.0,3.2,34562.0,5,466.0
905,592,2,181,2,2,700,362377.0,2500.0,3.2,34562.0,5,466.0
906,592,2,181,2,10,700,362377.0,2500.0,3.2,34562.0,5,466.0
907,592,2,181,2,2,700,362377.0,2500.0,3.2,34562.0,5,466.0
908,592,2,181,2,10,700,362377.0,2500.0,3.2,34562.0,5,466.0
909,592,2,184,2,2,700,362377.0,2500.0,3.2,34562.0,5,466.0
910,592,2,184,2,10,700,362377.0,2500.0,3.2,34562.0,5,466.0
911,592,2,184,2,2,700,362377.0,2500.0,3.2,34562.0,5,466.0
912,592,2,184,2,10,700,362377.0,2500.0,3.2,34562.0,5,466.0
913,592,926,2,2,2,700,362377.0,2500.0,3.2,34562.0,5,466.0
914,592,926,2,2,10,700,362377.0,2500.0,3.2,34562.0,5,466.0
915,592,926,2,2,2,700,362377.0,2500.0,3.2,34562.0,5,466.0
916,592,926,2,2,10,700,362377.0,2500.0,3.2,34562.0,5,466.0
917,592,926,181,2,2,700,362377.0,2500.0,3.2,34562.0,5,466.0
918,592,926,181,2,10,700,362377.0,2500.0,3.2,34562.0,5,466.0
919,592,926,181,2,2,700,362377.0,2500.0,3.2,34562.0,5,466.0
920,592,926,181,2,10,700,362377.0,2500.0,3.2,34562.0,5,466.0
921,592,926,184,2,2,700,362377.0,2500.0,3.2,34562.0,5,466.0
922,592,926,184,2,10,700,362377.0,2500.0,3.2,34562.0,5,466.0
923,592,926,184,2,2,700,362377.0,2500.0,3.2,34562.0,5,466.0
924,592,926,184,2,10,700,362377.0,2500.0,3.2,34562.0,5,466.0
925,592,45,121,2,2,700,362377.0,2500.0,3.2,34562.0,5,26.0
926,592,45,121,2,10,700,362377.0,2500.0,3.2,34562.0,5,26.0
927,592,45,121,2,2,700,362377.0,2500.0,3.2,34562.0,5,26.0
928,592,45,121,2,10,700,362377.0,2500.0,3.2,34562.0,5,26.0
929,592,2,2,2,2,700,362377.0,2500.0,3.2,34562.0,5,26.0
930,592,2,2,2,10,700,362377.0,2500.0,3.2,34562.0,5,26.0
931,592,2,2,2,2,700,362377.0,2500.0,3.2,34562.0,5,26.0
932,592,2,2,2,10,700,362377.0,2500.0,3.2,34562.0,5,26.0
933,592,2,181,2,2,700,362377.0,2500.0,3.2,34562.0,5,26.0
934,592,2,181,2,10,700,362377.0,2500.0,3.2,34562.0,5,26.0
935,592,2,181,2,2,700,362377.0,2500.0,3.2,34562.0,5,26.0
936,592,2,181,2,10,700,362377.0,2500.0,3.2,34562.0,5,26.0
937,592,2,184,2,2,700,362377.0,2500.0,3.2,34562.0,5,26.0
938,592,2,184,2,10,700,362377.0,2500.0,3.2,34562.0,5,26.0
939,592,2,184,2,2,700,362377.0,2500.0,3.2,34562.0,5,26.0
940,592,2,184,2,10,700,362377.0,2500.0,3.2,34562.0,5,26.0
941,592,926,2,2,2,700,362377.0,2500.0,3.2,34562.0,5,26.0
942,592,926,2,2,10,700,362377.0,2500.0,3.2,34562.0,5,26.0
943,592,926,2,2,2,700,362377.0,2500.0,3.2,34562.0,5,26.0
944,592,926,2,2,10,700,362377.0,2500.0,3.2,34562.0,5,26.0
945,592,926,181,2,2,700,362377.0,2500.0,3.2,34562.0,5,26.0
946,592,926,181,2,10,700,362377.0,2500.0,3.2,34562.0,5,26.0
947,592,926,181,2,2,700,362377.0,2500.0,3.2,34562.0,5,26.0
948,592,926,181,2,10,700,362377.0,2500.0,3.2,34562.0,5,26.0
949,592,926,184,2,2,700,362377.0,2500.0,3.2,34562.0,5,26.0
950,592,926,184,2,10,700,362377.0,2500.0,3.2,34562.0,5,26.0
951,592,926,184,2,2,700,362377.0,2500.0,3.2,34562.0,5,26.0
952,592,926,184,2,10,700,362377.0,2500.0,3.2,34562.0,5,26.0
953,592,45,121,2,2,700,362377.0,2500.0,0.03,75.0,5,466.0
954,592,45,121,2,10,700,362377.0,2500.0,0.03,75.0,5,466.0
955,592,45,121,2,2,700,362377.0,2500.0,0.03,75.0,5,466.0
956,592,45,121,2,10,700,362377.0,2500.0,0.03,75.0,5,466.0
957,592,2,2,2,2,700,362377.0,2500.0,0.03,75.0,5,466.0
958,592,2,2,2,10,700,362377.0,2500.0,0.03,75.0,5,466.0
959,592,2,2,2,2,700,362377.0,2500.0,0.03,75.0,5,466.0
960,592,2,2,2,10,700,362377.0,2500.0,0.03,75.0,5,466.0
961,592,2,181,2,2,700,362377.0,2500.0,0.03,75.0,5,466.0
962,592,2,181,2,10,700,362377.0,2500.0,0.03,75.0,5,466.0
963,592,2,181,2,2,700,362377.0,2500.0,0.03,75.0,5,466.0
964,592,2,181,2,10,700,362377.0,2500.0,0.03,75.0,5,466.0
965,592,2,184,2,2,700,362377.0,2500.0,0.03,75.0,5,466.0
966,592,2,184,2,10,700,362377.0,2500.0,0.03,75.0,5,466.0
967,592,2,184,2,2,700,362377.0,2500.0,0.03,75.0,5,466.0
968,592,2,184,2,10,700,362377.0,2500.0,0.03,75.0,5,466.0
969,592,926,2,2,2,700,362377.0,2500.0,0.03,75.0,5,466.0
970,592,926,2,2,10,700,362377.0,2500.0,0.03,75.0,5,466.0
971,592,926,2,2,2,700,362377.0,2500.0,0.03,75.0,5,466.0
972,592,926,2,2,10,700,362377.0,2500.0,0.03,75.0,5,466.0
973,592,926,181,2,2,700,362377.0,2500.0,0.03,75.0,5,466.0
974,592,926,181,2,10,700,362377.0,2500.0,0.03,75.0,5,466.0
975,592,926,181,2,2,700,362377.0,2500.0,0.03,75.0,5,466.0
976,592,926,181,2,10,700,362377.0,2500.0,0.03,75.0,5,466.0
977,592,926,184,2,2,700,362377.0,2500.0,0.03,75.0,5,466.0
978,592,926,184,2,10,700,362377.0,2500.0,0.03,75.0,5,466.0
979,592,926,184,2,2,700,362377.0,2500.0,0.03,75.0,5,466.0
980,592,926,184,2,10,700,362377.0,2500.0,0.03,75.0,5,466.0
981,592,45,121,2,2,700,362377.0,2500.0,0.03,75.0,5,26.0
982,592,45,121,2,10,700,362377.0,2500.0,0.03,75.0,5,26.0
983,592,45,121,2,2,700,362377.0,2500.0,0.03,75.0,5,26.0
984,592,45,121,2,10,700,362377.0,2500.0,0.03,75.0,5,26.0
985,592,2,2,2,2,700,362377.0,2500.0,0.03,75.0,5,26.0
986,592,2,2,2,10,700,362377.0,2500.0,0.03,75.0,5,26.0
987,592,2,2,2,2,700,362377.0,2500.0,0.03,75.0,5,26.0
988,592,2,2,2,10,700,362377.0,2500.0,0.03,75.0,5,26.0
989,592,2,181,2,2,700,362377.0,2500.0,0.03,75.0,5,26.0
990,592,2,181,2,10,700,362377.0,2500.0,0.03,75.0,5,26.0
991,592,2,181,2,2,700,362377.0,2500.0,0.03,75.0,5,26.0
992,592,2,181,2,10,700,362377.0,2500.0,0.03,75.0,5,26.0
993,592,2,184,2,2,700,362377.0,2500.0,0.03,75.0,5,26.0
994,592,2,184,2,10,700,362377.0,2500.0,0.03,75.0,5,26.0
995,592,2,184,2,2,700,362377.0,2500.0,0.03,75.0,5,26.0
996,592,2,184,2,10,700,362377.0,2500.0,0.03,75.0,5,26.0
997,592,926,2,2,2,700,362377.0,2500.0,0.03,75.0,5,26.0
998,592,926,2,2,10,700,362377.0,2500.0,0.03,75.0,5,26.0
999,592,926,2,2,2,700,362377.0,2500.0,0.03,75.0,5,26.0
1000,592,926,2,2,10,700,362377.0,2500.0,0.03,75.0,5,26.0
1001,592,926,181,2,2,700,362377.0,2500.0,0.03,75.0,5,26.0
1002,592,926,181,2,10,700,362377.0,2500.0,0.03,75.0,5,26.0
1003,592,926,181,2,2,700,362377.0,2500.0,0.03,75.0,5,26.0
1004,592,926,181,2,10,700,362377.0,2500.0,0.03,75.0,5,26.0
1005,592,926,184,2,2,700,362377.0,2500.0,0.03,75.0,5,26.0
1006,592,926,184,2,10,700,362377.0,2500.0,0.03,75.0,5,26.0
1007,592,926,184,2,2,700,362377.0,2500.0,0.03,75.0,5,26.0
1008,592,926,184,2,10,700,362377.0,2500.0,0.03,75.0,5,26.0
1009,592,45,121,2,2,700,2500.0,2500.0,3.2,34562.0,5,466.0
1010,592,45,121,2,10,700,2500.0,2500.0,3.2,34562.0,5,466.0
1011,592,45,121,2,2,700,2500.0,2500.0,3.2,34562.0,5,466.0
1012,592,45,121,2,10,700,2500.0,2500.0,3.2,34562.0,5,466.0
1013,592,2,2,2,2,700,2500.0,2500.0,3.2,34562.0,5,466.0
1014,592,2,2,2,10,700,2500.0,2500.0,3.2,34562.0,5,466.0
1015,592,2,2,2,2,700,2500.0,2500.0,3.2,34562.0,5,466.0
1016,592,2,2,2,10,700,2500.0,2500.0,3.2,34562.0,5,466.0
1017,592,2,181,2,2,700,2500.0,2500.0,3.2,34562.0,5,466.0
1018,592,2,181,2,10,700,2500.0,2500.0,3.2,34562.0,5,466.0
1019,592,2,181,2,2,700,2500.0,2500.0,3.2,34562.0,5,466.0
1020,592,2,181,2,10,700,2500.0,2500.0,3.2,34562.0,5,466.0
1021,592,2,184,2,2,700,2500.0,2500.0,3.2,34562.0,5,466.0
1022,592,2,184,2,10,700,2500.0,2500.0,3.2,34562.0,5,466.0
1023,592,2,184,2,2,700,2500.0,2500.0,3.2,34562.0,5,466.0
1024,592,2,184,2,10,700,2500.0,2500.0,3.2,34562.0,5,466.0
1025,592,926,2,2,2,700,2500.0,2500.0,3.2,34562.0,5,466.0
1026,592,926,2,2,10,700,2500.0,2500.0,3.2,34562.0,5,466.0
1027,592,926,2,2,2,700,2500.0,2500.0,3.2,34562.0,5,466.0
1028,592,926,2,2,10,700,2500.0,2500.0,3.2,34562.0,5,466.0
1029,592,926,181,2,2,700,2500.0,2500.0,3.2,34562.0,5,466.0
1030,592,926,181,2,10,700,2500.0,2500.0,3.2,34562.0,5,466.0
1031,592,926,181,2,2,700,2500.0,2500.0,3.2,34562.0,5,466.0
1032,592,926,181,2,10,700,2500.0,2500.0,3.2,34562.0,5,466.0
1033,592,926,184,2,2,700,2500.0,2500.0,3.2,34562.0,5,466.0
1034,592,926,184,2,10,700,2500.0,2500.0,3.2,34562.0,5,466.0
1035,592,926,184,2,2,700,2500.0,2500.0,3.2,34562.0,5,466.0
1036,592,926,184,2,10,700,2500.0,2500.0,3.2,34562.0,5,466.0
1037,592,45,121,2,2,700,2500.0,2500.0,3.2,34562.0,5,26.0
1038,592,45,121,2,10,700,2500.0,2500.0,3.2,34562.0,5,26.0
1039,592,45,121,2,2,700,2500.0,2500.0,3.2,34562.0,5,26.0
1040,592,45,121,2,10,700,2500.0,2500.0,3.2,34562.0,5,26.0
1041,592,2,2,2,2,700,2500.0,2500.0,3.2,34562.0,5,26.0
1042,592,2,2,2,10,700,2500.0,2500.0,3.2,34562.0,5,26.0
1043,592,2,2,2,2,700,2500.0,2500.0,3.2,34562.0,5,26.0
1044,592,2,2,2,10,700,2500.0,2500.0,3.2,34562.0,5,26.0
1045,592,2,181,2,2,700,2500.0,2500.0,3.2,34562.0,5,26.0
1046,592,2,181,2,10,700,2500.0,2500.0,3.2,34562.0,5,26.0
1047,592,2,181,2,2,700,2500.0,2500.0,3.2,34562.0,5,26.0
1048,592,2,181,2,10,700,2500.0,2500.0,3.2,34562.0,5,26.0
1049,592,2,184,2,2,700,2500.0,2500.0,3.2,34562.0,5,26.0
1050,592,2,184,2,10,700,2500.0,2500.0,3.2,34562.0,5,26.0
1051,592,2,184,2,2,700,2500.0,2500.0,3.2,34562.0,5,26.0
1052,592,2,184,2,10,700,2500.0,2500.0,3.2,34562.0,5,26.0
1053,592,926,2,2,2,700,2500.0,2500.0,3.2,34562.0,5,26.0
1054,592,926,2,2,10,700,2500.0,2500.0,3.2,34562.0,5,26.0
1055,592,926,2,2,2,700,2500.0,2500.0,3.2,34562.0,5,26.0
1056,592,926,2,2,10,700,2500.0,2500.0,3.2,34562.0,5,26.0
1057,592,926,181,2,2,700,2500.0,2500.0,3.2,34562.0,5,26.0
1058,592,926,181,2,10,700,2500.0,2500.0,3.2,34562.0,5,26.0
1059,592,926,181,2,2,700,2500.0,2500.0,3.2,34562.0,5,26.0
1060,592,926,181,2,10,700,2500.0,2500.0,3.2,34562.0,5,26.0
1061,592,926,184,2,2,700,2500.0,2500.0,3.2,34562.0,5,26.0
1062,592,926,184,2,10,700,2500.0,2500.0,3.2,34562.0,5,26.0
1063,592,926,184,2,2,700,2500.0,2500.0,3.2,34562.0,5,26.0
1064,592,926,184,2,10,700,2500.0,2500.0,3.2,34562.0,5,26.0
1065,592,45,121,2,2,700,2500.0,2500.0,0.03,75.0,5,466.0
1066,592,45,121,2,10,700,2500.0,2500.0,0.03,75.0,5,466.0
1067,592,45,121,2,2,700,2500.0,2500.0,0.03,75.0,5,466.0
1068,592,45,121,2,10,700,2500.0,2500.0,0.03,75.0,5,466.0
1069,592,2,2,2,2,700,2500.0,2500.0,0.03,75.0,5,466.0
1070,592,2,2,2,10,700,2500.0,2500.0,0.03,75.0,5,466.0
1071,592,2,2,2,2,700,2500.0,2500.0,0.03,75.0,5,466.0
1072,592,2,2,2,10,700,2500.0,2500.0,0.03,75.0,5,466.0
1073,592,2,181,2,2,700,2500.0,2500.0,0.03,75.0,5,466.0
1074,592,2,181,2,10,700,2500.0,2500.0,0.03,75.0,5,466.0
1075,592,2,181,2,2,700,2500.0,2500.0,0.03,75.0,5,466.0
1076,592,2,181,2,10,700,2500.0,2500.0,0.03,75.0,5,466.0
1077,592,2,184,2,2,700,2500.0,2500.0,0.03,75.0,5,466.0
1078,592,2,184,2,10,700,2500.0,2500.0,0.03,75.0,5,466.0
1079,592,2,184,2,2,700,2500.0,2500.0,0.03,75.0,5,466.0
1080,592,2,184,2,10,700,2500.0,2500.0,0.03,75.0,5,466.0
1081,592,926,2,2,2,700,2500.0,2500.0,0.03,75.0,5,466.0
1082,592,926,2,2,10,700,2500.0,2500.0,0.03,75.0,5,466.0
1083,592,926,2,2,2,700,2500.0,2500.0,0.03,75.0,5,466.0
1084,592,926,2,2,10,700,2500.0,2500.0,0.03,75.0,5,466.0
1085,592,926,181,2,2,700,2500.0,2500.0,0.03,75.0,5,466.0
1086,592,926,181,2,10,700,2500.0,2500.0,0.03,75.0,5,466.0
1087,592,926,181,2,2,700,2500.0,2500.0,0.03,75.0,5,466.0
1088,592,926,181,2,10,700,2500.0,2500.0,0.03,75.0,5,466.0
1089,592,926,184,2,2,700,2500.0,2500.0,0.03,75.0,5,466.0
1090,592,926,184,2,10,700,2500.0,2500.0,0.03,75.0,5,466.0
1091,592,926,184,2,2,700,2500.0,2500.0,0.03,75.0,5,466.0
1092,592,926,184,2,10,700,2500.0,2500.0,0.03,75.0,5,466.0
1093,592,45,121,2,2,700,2500.0,2500.0,0.03,75.0,5,26.0
1094,592,45,121,2,10,700,2500.0,2500.0,0.03,75.0,5,26.0
1095,592,45,121,2,2,700,2500.0,2500.0,0.03,75.0,5,26.0
1096,592,45,121,2,10,700,2500.0,2500.0,0.03,75.0,5,26.0
1097,592,2,2,2,2,700,2500.0,2500.0,0.03,75.0,5,26.0
1098,592,2,2,2,10,700,2500.0,2500.0,0.03,75.0,5,26.0
1099,592,2,2,2,2,700,2500.0,2500.0,0.03,75.0,5,26.0
1100,592,2,2,2,10,700,2500.0,2500.0,0.03,75.0,5,26.0
1101,592,2,181,2,2,700,2500.0,2500.0,0.03,75.0,5,26.0
1102,592,2,181,2,10,700,2500.0,2500.0,0.03,75.0,5,26.0
1103,592,2,181,2,2,700,2500.0,2500.0,0.03,75.0,5,26.0
1104,592,2,181,2,10,700,2500.0,2500.0,0.03,75.0,5,26.0
1105,592,2,184,2,2,700,2500.0,2500.0,0.03,75.0,5,26.0
1106,592,2,184,2,10,700,2500.0,2500.0,0.03,75.0,5,26.0
1107,592,2,184,2,2,700,2500.0,2500.0,0.03,75.0,5,26.0
1108,592,2,184,2,10,700,2500.0,2500.0,0.03,75.0,5,26.0
1109,592,926,2,2,2,700,2500.0,2500.0,0.03,75.0,5,26.0
1110,592,926,2,2,10,700,2500.0,2500.0,0.03,75.0,5,26.0
1111,592,926,2,2,2,700,2500.0,2500.0,0.03,75.0,5,26.0
1112,592,926,2,2,10,700,2500.0,2500.0,0.03,75.0,5,26.0
1113,592,926,181,2,2,700,2500.0,2500.0,0.03,75.0,5,26.0
1114,592,926,181,2,10,700,2500.0,2500.0,0.03,75.0,5,26.0
1115,592,926,181,2,2,700,2500.0,2500.0,0.03,75.0,5,26.0
1116,592,926,181,2,10,700,2500.0,2500.0,0.03,75.0,5,26.0
1117,592,926,184,2,2,700,2500.0,2500.0,0.03,75.0,5,26.0
1118,592,926,184,2,10,700,2500.0,2500.0,0.03,75.0,5,26.0
1119,592,926,184,2,2,700,2500.0,2500.0,0.03,75.0,5,26.0
1120,592,926,184,2,10,700,2500.0,2500.0,0.03,75.0,5,26.0
1121,227,315,131,3,3,10165,595328.0,2500.0,3.2,34562.0,0,777.0
1122,227,315,131,3,3,10165,595328.0,2500.0,3.2,34562.0,0,777.0
1123,227,3,3,3,3,10165,595328.0,2500.0,3.2,34562.0,0,777.0
1124,227,3,3,3,3,10165,595328.0,2500.0,3.2,34562.0,0,777.0
1125,227,3,182,3,3,10165,595328.0,2500.0,3.2,34562.0,0,777.0
1126,227,3,182,3,3,10165,595328.0,2500.0,3.2,34562.0,0,777.0
1127,227,3,185,3,3,10165,595328.0,2500.0,3.2,34562.0,0,777.0
1128,227,3,185,3,3,10165,595328.0,2500.0,3.2,34562.0,0,777.0
1129,227,927,3,3,3,10165,595328.0,2500.0,3.2,34562.0,0,777.0
1130,227,927,3,3,3,10165,595328.0,2500.0,3.2,34562.0,0,777.0
1131,227,927,182,3,3,10165,595328.0,2500.0,3.2,34562.0,0,777.0
1132,227,927,182,3,3,10165,595328.0,2500.0,3.2,34562.0,0,777.0
1133,227,927,185,3,3,10165,595328.0,2500.0,3.2,34562.0,0,777.0
1134,227,927,185,3,3,10165,595328.0,2500.0,3.2,34562.0,0,777.0
1135,227,315,131,3,3,10165,595328.0,2500.0,3.2,34562.0,0,0.0
1136,227,315,131,3,3,10165,595328.0,2500.0,3.2,34562.0,0,0.0
1137,227,3,3,3,3,10165,595328.0,2500.0,3.2,34562.0,0,0.0
1138,227,3,3,3,3,10165,595328.0,2500.0,3.2,34562.0,0,0.0
1139,227,3,182,3,3,10165,595328.0,2500.0,3.2,34562.0,0,0.0
1140,227,3,182,3,3,10165,595328.0,2500.0,3.2,34562.0,0,0.0
1141,227,3,185,3,3,10165,595328.0,2500.0,3.2,34562.0,0,0.0
1142,227,3,185,3,3,10165,595328.0,2500.0,3.2,34562.0,0,0.0
1143,227,927,3,3,3,10165,595328.0,2500.0,3.2,34562.0,0,0.0
1144,227,927,3,3,3,10165,595328.0,2500.0,3.2,34562.0,0,0.0
1145,227,927,182,3,3,10165,595328.0,2500.0,3.2,34562.0,0,0.0
1146,227,927,182,3,3,10165,595328.0,2500.0,3.2,34562.0,0,0.0
1147,227,927,185,3,3,10165,595328.0,2500.0,3.2,34562.0,0,0.0
1148,227,927,185,3,3,10165,595328.0,2500.0,3.2,34562.0,0,0.0
1149,227,315,131,3,3,10165,595328.0,2500.0,0.03,75.0,0,777.0
1150,227,315,131,3,3,10165,595328.0,2500.0,0.03,75.0,0,777.0
1151,227,3,3,3,3,10165,595328.0,2500.0,0.03,75.0,0,777.0
1152,227,3,3,3,3,10165,595328.0,2500.0,0.03,75.0,0,777.0
1153,227,3,182,3,3,10165,595328.0,2500.0,0.03,75.0,0,777.0
1154,227,3,182,3,3,10165,595328.0,2500.0,0.03,75.0,0,777.0
1155,227,3,185,3,3,10165,595328.0,2500.0,0.03,75.0,0,777.0
1156,227,3,185,3,3,10165,595328.0,2500.0,0.03,75.0,0,777.0
1157,227,927,3,3,3,10165,595328.0,2500.0,0.03,75.0,0,777.0
1158,227,927,3,3,3,10165,595328.0,2500.0,0.03,75.0,0,777.0
1159,227,927,182,3,3,10165,595328.0,2500.0,0.03,75.0,0,777.0
1160,227,927,182,3,3,10165,595328.0,2500.0,0.03,75.0,0,777.0
1161,227,927,185,3,3,10165,595328.0,2500.0,0.03,75.0,0,777.0
1162,227,927,185,3,3,10165,595328.0,2500.0,0.03,75.0,0,777.0
1163,227,315,131,3,3,10165,595328.0,2500.0,0.03,75.0,0,0.0
1164,227,315,131,3,3,10165,595328.0,2500.0,0.03,75.0,0,0.0
1165,227,3,3,3,3,10165,595328.0,2500.0,0.03,75.0,0,0.0
1166,227,3,3,3,3,10165,595328.0,2500.0,0.03,75.0,0,0.0
1167,227,3,182,3,3,10165,595328.0,2500.0,0.03,75.0,0,0.0
1168,227,3,182,3,3,10165,595328.0,2500.0,0.03,75.0,0,0.0
1169,227,3,185,3,3,10165,595328.0,2500.0,0.03,75.0,0,0.0
1170,227,3,185,3,3,10165,595328.0,2500.0,0.03,75.0,0,0.0
1171,227,927,3,3,3,10165,595328.0,2500.0,0.03,75.0,0,0.0
1172,227,927,3,3,3,10165,595328.0,2500.0,0.03,75.0,0,0.0
1173,227,927,182,3,3,10165,595328.0,2500.0,0.03,75.0,0,0.0
1174,227,927,182,3,3,10165,595328.0,2500.0,0.03,75.0,0,0.0
1175,227,927,185,3,3,10165,595328.0,2500.0,0.03,75.0,0,0.0
1176,227,927,185,3,3,10165,595328.0,2500.0,0.03,75.0,0,0.0
1177,227,315,131,3,3,10165,380000.0,2500.0,3.2,34562.0,0,777.0
1178,227,315,131,3,3,10165,380000.0,2500.0,3.2,34562.0,0,777.0
1179,227,3,3,3,3,10165,380000.0,2500.0,3.2,34562.0,0,777.0
1180,227,3,3,3,3,10165,380000.0,2500.0,3.2,34562.0,0,777.0
1181,227,3,182,3,3,10165,380000.0,2500.0,3.2,34562.0,0,777.0
1182,227,3,182,3,3,10165,380000.0,2500.0,3.2,34562.0,0,777.0
1183,227,3,185,3,3,10165,380000.0,2500.0,3.2,34562.0,0,777.0
1184,227,3,185,3,3,10165,380000.0,2500.0,3.2,34562.0,0,777.0
1185,227,927,3,3,3,10165,380000.0,2500.0,3.2,34562.0,0,777.0
1186,227,927,3,3,3,10165,380000.0,2500.0,3.2,34562.0,0,777.0
1187,227,927,182,3,3,10165,380000.0,2500.0,3.2,34562.0,0,777.0
1188,227,927,182,3,3,10165,380000.0,2500.0,3.2,34562.0,0,777.0
1189,227,927,185,3,3,10165,380000.0,2500.0,3.2,34562.0,0,777.0
1190,227,927,185,3,3,10165,380000.0,2500.0,3.2,34562.0,0,777.0
1191,227,315,131,3,3,10165,380000.0,2500.0,3.2,34562.0,0,0.0
1192,227,315,131,3,3,10165,380000.0,2500.0,3.2,34562.0,0,0.0
1193,227,3,3,3,3,10165,380000.0,2500.0,3.2,34562.0,0,0.0
1194,227,3,3,3,3,10165,380000.0,2500.0,3.2,34562.0,0,0.0
1195,227,3,182,3,3,10165,380000.0,2500.0,3.2,34562.0,0,0.0
1196,227,3,182,3,3,10165,380000.0,2500.0,3.2,34562.0,0,0.0
1197,227,3,185,3,3,10165,380000.0,2500.0,3.2,34562.0,0,0.0
1198,227,3,185,3,3,10165,380000.0,2500.0,3.2,34562.0,0,0.0
1199,227,927,3,3,3,10165,380000.0,2500.0,3.2,34562.0,0,0.0
1200,227,927,3,3,3,10165,380000.0,2500.0,3.2,34562.0,0,0.0
1201,227,927,182,3,3,10165,380000.0,2500.0,3.2,34562.0,0,0.0
1202,227,927,182,3,3,10165,380000.0,2500.0,3.2,34562.0,0,0.0
1203,227,927,185,3,3,10165,380000.0,2500.0,3.2,34562.0,0,0.0
1204,227,927,185,3,3,10165,380000.0,2500.0,3.2,34562.0,0,0.0
1205,227,315,131,3,3,10165,380000.0,2500.0,0.03,75.0,0,777.0
1206,227,315,131,3,3,10165,380000.0,2500.0,0.03,75.0,0,777.0
1207,227,3,3,3,3,10165,380000.0,2500.0,0.03,75.0,0,777.0
1208,227,3,3,3,3,10165,380000.0,2500.0,0.03,75.0,0,777.0
1209,227,3,182,3,3,10165,380000.0,2500.0,0.03,75.0,0,777.0
1210,227,3,182,3,3,10165,380000.0,2500.0,0.03,75.0,0,777.0
1211,227,3,185,3,3,10165,380000.0,2500.0,0.03,75.0,0,777.0
1212,227,3,185,3,3,10165,380000.0,2500.0,0.03,75.0,0,777.0
1213,227,927,3,3,3,10165,380000.0,2500.0,0.03,75.0,0,777.0
1214,227,927,3,3,3,10165,380000.0,2500.0,0.03,75.0,0,777.0
1215,227,927,182,3,3,10165,380000.0,2500.0,0.03,75.0,0,777.0
1216,227,927,182,3,3,10165,380000.0,2500.0,0.03,75.0,0,777.0
1217,227,927,185,3,3,10165,380000.0,2500.0,0.03,75.0,0,777.0
1218,227,927,185,3,3,10165,380000.0,2500.0,0.03,75.0,0,777.0
1219,227,315,131,3,3,10165,380000.0,2500.0,0.03,75.0,0,0.0
1220,227,315,131,3,3,10165,380000.0,2500.0,0.03,75.0,0,0.0
1221,227,3,3,3,3,10165,380000.0,2500.0,0.03,75.0,0,0.0
1222,227,3,3,3,3,10165,380000.0,2500.0,0.03,75.0,0,0.0
1223,227,3,182,3,3,10165,380000.0,2500.0,0.03,75.0,0,0.0
1224,227,3,182,3,3,10165,380000.0,2500.0,0.03,75.0,0,0.0
1225,227,3,185,3,3,10165,380000.0,2500.0,0.03,75.0,0,0.0
1226,227,3,185,3,3,10165,380000.0,2500.0,0.03,75.0,0,0.0
1227,227,927,3,3,3,10165,380000.0,2500.0,0.03,75.0,0,0.0
1228,227,927,3,3,3,10165,380000.0,2500.0,0.03,75.0,0,0.0
1229,227,927,182,3,3,10165,380000.0,2500.0,0.03,75.0,0,0.0
1230,227,927,182,3,3,10165,380000.0,2500.0,0.03,75.0,0,0.0
1231,227,927,185,3,3,10165,380000.0,2500.0,0.03,75.0,0,0.0
1232,227,927,185,3,3,10165,380000.0,2500.0,0.03,75.0,0,0.0
1233,592,315,131,3,3,10165,595328.0,2500.0,3.2,34562.0,0,1142.0
1234,592,315,131,3,3,10165,595328.0,2500.0,3.2,34562.0,0,1142.0
1235,592,3,3,3,3,10165,595328.0,2500.0,3.2,34562.0,0,1142.0
1236,592,3,3,3,3,10165,595328.0,2500.0,3.2,34562.0,0,1142.0
1237,592,3,182,3,3,10165,595328.0,2500.0,3.2,34562.0,0,1142.0
1238,592,3,182,3,3,10165,595328.0,2500.0,3.2,34562.0,0,1142.0
1239,592,3,185,3,3,10165,595328.0,2500.0,3.2,34562.0,0,1142.0
1240,592,3,185,3,3,10165,595328.0,2500.0,3.2,34562.0,0,1142.0
1241,592,927,3,3,3,10165,595328.0,2500.0,3.2,34562.0,0,1142.0
1242,592,927,3,3,3,10165,595328.0,2500.0,3.2,34562.0,0,1142.0
1243,592,927,182,3,3,10165,595328.0,2500.0,3.2,34562.0,0,1142.0
1244,592,927,182,3,3,10165,595328.0,2500.0,3.2,34562.0,0,1142.0
1245,592,927,185,3,3,10165,595328.0,2500.0,3.2,34562.0,0,1142.0
1246,592,927,185,3,3,10165,595328.0,2500.0,3.2,34562.0,0,1142.0
1247,592,315,131,3,3,10165,595328.0,2500.0,3.2,34562.0,0,5.0
1248,592,315,131,3,3,10165,595328.0,2500.0,3.2,34562.0,0,5.0
1249,592,3,3,3,3,10165,595328.0,2500.0,3.2,34562.0,0,5.0
1250,592,3,3,3,3,10165,595328.0,2500.0,3.2,34562.0,0,5.0
1251,592,3,182,3,3,10165,595328.0,2500.0,3.2,34562.0,0,5.0
1252,592,3,182,3,3,10165,595328.0,2500.0,3.2,34562.0,0,5.0
1253,592,3,185,3,3,10165,595328.0,2500.0,3.2,34562.0,0,5.0
1254,592,3,185,3,3,10165,595328.0,2500.0,3.2,34562.0,0,5.0
1255,592,927,3,3,3,10165,595328.0,2500.0,3.2,34562.0,0,5.0
1256,592,927,3,3,3,10165,595328.0,2500.0,3.2,34562.0,0,5.0
1257,592,927,182,3,3,10165,595328.0,2500.0,3.2,34562.0,0,5.0
1258,592,927,182,3,3,10165,595328.0,2500.0,3.2,34562.0,0,5.0
1259,592,927,185,3,3,10165,595328.0,2500.0,3.2,34562.0,0,5.0
1260,592,927,185,3,3,10165,595328.0,2500.0,3.2,34562.0,0,5.0
1261,592,315,131,3,3,10165,595328.0,2500.0,0.03,75.0,0,1142.0
1262,592,315,131,3,3,10165,595328.0,2500.0,0.03,75.0,0,1142.0
1263,592,3,3,3,3,10165,595328.0,2500.0,0.03,75.0,0,1142.0
1264,592,3,3,3,3,10165,595328.0,2500.0,0.03,75.0,0,1142.0
1265,592,3,182,3,3,10165,595328.0,2500.0,0.03,75.0,0,1142.0
1266,592,3,182,3,3,10165,595328.0,2500.0,0.03,75.0,0,1142.0
1267,592,3,185,3,3,10165,595328.0,2500.0,0.03,75.0,0,1142.0
1268,592,3,185,3,3,10165,595328.0,2500.0,0.03,75.0,0,1142.0
1269,592,927,3,3,3,10165,595328.0,2500.0,0.03,75.0,0,1142.0
1270,592,927,3,3,3,10165,595328.0,2500.0,0.03,75.0,0,1142.0
1271,592,927,182,3,3,10165,595328.0,2500.0,0.03,75.0,0,1142.0
1272,592,927,182,3,3,10165,595328.0,2500.0,0.03,75.0,0,1142.0
1273,592,927,185,3,3,10165,595328.0,2500.0,0.03,75.0,0,1142.0
1274,592,927,185,3,3,10165,595328.0,2500.0,0.03,75.0,0,1142.0
1275,592,315,131,3,3,10165,595328.0,2500.0,0.03,75.0,0,5.0
1276,592,315,131,3,3,10165,595328.0,2500.0,0.03,75.0,0,5.0
1277,592,3,3,3,3,10165,595328.0,2500.0,0.03,75.0,0,5.0
1278,592,3,3,3,3,10165,595328.0,2500.0,0.03,75.0,0,5.0
1279,592,3,182,3,3,10165,595328.0,2500.0,0.03,75.0,0,5.0
1280,592,3,182,3,3,10165,595328.0,2500.0,0.03,75.0,0,5.0
1281,592,3,185,3,3,10165,595328.0,2500.0,0.03,75.0,0,5.0
1282,592,3,185,3,3,10165,595328.0,2500.0,0.03,75.0,0,5.0
1283,592,927,3,3,3,10165,595328.0,2500.0,0.03,75.0,0,5.0
1284,592,927,3,3,3,10165,595328.0,2500.0,0.03,75.0,0,5.0
1285,592,927,182,3,3,10165,595328.0,2500.0,0.03,75.0,0,5.0
1286,592,927,182,3,3,10165,595328.0,2500.0,0.03,75.0,0,5.0
1287,592,927,185,3,3,10165,595328.0,2500.0,0.03,75.0,0,5.0
1288,592,927,185,3,3,10165,595328.0,2500.0,0.03,75.0,0,5.0
1289,592,315,131,3,3,10165,380000.0,2500.0,3.2,34562.0,0,1142.0
1290,592,315,131,3,3,10165,380000.0,2500.0,3.2,34562.0,0,1142.0
1291,592,3,3,3,3,10165,380000.0,2500.0,3.2,34562.0,0,1142.0
1292,592,3,3,3,3,10165,380000.0,2500.0,3.2,34562.0,0,1142.0
1293,592,3,182,3,3,10165,380000.0,2500.0,3.2,34562.0,0,1142.0
1294,592,3,182,3,3,10165,380000.0,2500.0,3.2,34562.0,0,1142.0
1295,592,3,185,3,3,10165,380000.0,2500.0,3.2,34562.0,0,1142.0
1296,592,3,185,3,3,10165,380000.0,2500.0,3.2,34562.0,0,1142.0
1297,592,927,3,3,3,10165,380000.0,2500.0,3.2,34562.0,0,1142.0
1298,592,927,3,3,3,10165,380000.0,2500.0,3.2,34562.0,0,1142.0
1299,592,927,182,3,3,10165,380000.0,2500.0,3.2,34562.0,0,1142.0
1300,592,927,182,3,3,10165,380000.0,2500.0,3.2,34562.0,0,1142.0
1301,592,927,185,3,3,10165,380000.0,2500.0,3.2,34562.0,0,1142.0
1302,592,927,185,3,3,10165,380000.0,2500.0,3.2,34562.0,0,1142.0
1303,592,315,131,3,3,10165,380000.0,2500.0,3.2,34562.0,0,5.0
1304,592,315,131,3,3,10165,380000.0,2500.0,3.2,34562.0,0,5.0
1305,592,3,3,3,3,10165,380000.0,2500.0,3.2,34562.0,0,5.0
1306,592,3,3,3,3,10165,380000.0,2500.0,3.2,34562.0,0,5.0
1307,592,3,182,3,3,10165,380000.0,2500.0,3.2,34562.0,0,5.0
1308,592,3,182,3,3,10165,380000.0,2500.0,3.2,34562.0,0,5.0
1309,592,3,185,3,3,10165,380000.0,2500.0,3.2,34562.0,0,5.0
1310,592,3,185,3,3,10165,380000.0,2500.0,3.2,34562.0,0,5.0
1311,592,927,3,3,3,10165,380000.0,2500.0,3.2,34562.0,0,5.0
1312,592,927,3,3,3,10165,380000.0,2500.0,3.2,34562.0,0,5.0
1313,592,927,182,3,3,10165,380000.0,2500.0,3.2,34562.0,0,5.0
1314,592,927,182,3,3,10165,380000.0,2500.0,3.2,34562.0,0,5.0
1315,592,927,185,3,3,10165,380000.0,2500.0,3.2,34562.0,0,5.0
1316,592,927,185,3,3,10165,380000.0,2500.0,3.2,34562.0,0,5.0
1317,592,315,131,3,3,10165,380000.0,2500.0,0.03,75.0,0,1142.0
1318,592,315,131,3,3,10165,380000.0,2500.0,0.03,75.0,0,1142.0
1319,592,3,3,3,3,10165,380000.0,2500.0,0.03,75.0,0,1142.0
1320,592,3,3,3,3,10165,380000.0,2500.0,0.03,75.0,0,1142.0
1321,592,3,182,3,3,10165,380000.0,2500.0,0.03,75.0,0,1142.0
1322,592,3,182,3,3,10165,380000.0,2500.0,0.03,75.0,0,1142.0
1323,592,3,185,3,3,10165,380000.0,2500.0,0.03,75.0,0,1142.0
1324,592,3,185,3,3,10165,380000.0,2500.0,0.03,75.0,0,1142.0
1325,592,927,3,3,3,10165,380000.0,2500.0,0.03,75.0,0,1142.0
1326,592,927,3,3,3,10165,380000.0,2500.0,0.03,75.0,0,1142.0
1327,592,927,182,3,3,10165,380000.0,2500.0,0.03,75.0,0,1142.0
1328,592,927,182,3,3,10165,380000.0,2500.0,0.03,75.0,0,1142.0
1329,592,927,185,3,3,10165,380000.0,2500.0,0.03,75.0,0,1142.0
1330,592,927,185,3,3,10165,380000.0,2500.0,0.03,75.0,0,1142.0
1331,592,315,131,3,3,10165,380000.0,2500.0,0.03,75.0,0,5.0
1332,592,315,131,3,3,10165,380000.0,2500.0,0.03,75.0,0,5.0
1333,592,3,3,3,3,10165,380000.0,2500.0,0.03,75.0,0,5.0
1334,592,3,3,3,3,10165,380000.0,2500.0,0.03,75.0,0,5.0
1335,592,3,182,3,3,10165,380000.0,2500.0,0.03,75.0,0,5.0
1336,592,3,182,3,3,10165,380000.0,2500.0,0.03,75.0,0,5.0
1337,592,3,185,3,3,10165,380000.0,2500.0,0.03,75.0,0,5.0
1338,592,3,185,3,3,10165,380000.0,2500.0,0.03,75.0,0,5.0
1339,592,927,3,3,3,10165,380000.0,2500.0,0.03,75.0,0,5.0
1340,592,927,3,3,3,10165,380000.0,2500.0,0.03,75.0,0,5.0
1341,592,927,182,3,3,10165,380000.0,2500.0,0.03,75.0,0,5.0
1342,592,927,182,3,3,10165,380000.0,2500.0,0.03,75.0,0,5.0
1343,592,927,185,3,3,10165,380000.0,2500.0,0.03,75.0,0,5.0
1344,592,927,185,3,3,10165,380000.0,2500.0,0.03,75.0,0,5.0
1345,592,315,131,3,3,10165,595328.0,2500.0,3.2,34562.0,0,1142.0
1346,592,315,131,3,3,10165,595328.0,2500.0,3.2,34562.0,0,1142.0
1347,592,3,3,3,3,10165,595328.0,2500.0,3.2,34562.0,0,1142.0
1348,592,3,3,3,3,10165,595328.0,2500.0,3.2,34562.0,0,1142.0
1349,592,3,182,3,3,10165,595328.0,2500.0,3.2,34562.0,0,1142.0
1350,592,3,182,3,3,10165,595328.0,2500.0,3.2,34562.0,0,1142.0
1351,592,3,185,3,3,10165,595328.0,2500.0,3.2,34562.0,0,1142.0
1352,592,3,185,3,3,10165,595328.0,2500.0,3.2,34562.0,0,1142.0
1353,592,927,3,3,3,10165,595328.0,2500.0,3.2,34562.0,0,1142.0
1354,592,927,3,3,3,10165,595328.0,2500.0,3.2,34562.0,0,1142.0
1355,592,927,182,3,3,10165,595328.0,2500.0,3.2,34562.0,0,1142.0
1356,592,927,182,3,3,10165,595328.0,2500.0,3.2,34562.0,0,1142.0
1357,592,927,185,3,3,10165,595328.0,2500.0,3.2,34562.0,0,1142.0
1358,592,927,185,3,3,10165,595328.0,2500.0,3.2,34562.0,0,1142.0
1359,592,315,131,3,3,10165,595328.0,2500.0,3.2,34562.0,0,5.0
1360,592,315,131,3,3,10165,595328.0,2500.0,3.2,34562.0,0,5.0
1361,592,3,3,3,3,10165,595328.0,2500.0,3.2,34562.0,0,5.0
1362,592,3,3,3,3,10165,595328.0,2500.0,3.2,34562.0,0,5.0
1363,592,3,182,3,3,10165,595328.0,2500.0,3.2,34562.0,0,5.0
1364,592,3,182,3,3,10165,595328.0,2500.0,3.2,34562.0,0,5.0
1365,592,3,185,3,3,10165,595328.0,2500.0,3.2,34562.0,0,5.0
1366,592,3,185,3,3,10165,595328.0,2500.0,3.2,34562.0,0,5.0
1367,592,927,3,3,3,10165,595328.0,2500.0,3.2,34562.0,0,5.0
1368,592,927,3,3,3,10165,595328.0,2500.0,3.2,34562.0,0,5.0
1369,592,927,182,3,3,10165,595328.0,2500.0,3.2,34562.0,0,5.0
1370,592,927,182,3,3,10165,595328.0,2500.0,3.2,34562.0,0,5.0
1371,592,927,185,3,3,10165,595328.0,2500.0,3.2,34562.0,0,5.0
1372,592,927,185,3,3,10165,595328.0,2500.0,3.2,34562.0,0,5.0
1373,592,315,131,3,3,10165,595328.0,2500.0,0.03,75.0,0,1142.0
1374,592,315,131,3,3,10165,595328.0,2500.0,0.03,75.0,0,1142.0
1375,592,3,3,3,3,10165,595328.0,2500.0,0.03,75.0,0,1142.0
1376,592,3,3,3,3,10165,595328.0,2500.0,0.03,75.0,0,1142.0
1377,592,3,182,3,3,10165,595328.0,2500.0,0.03,75.0,0,1142.0
1378,592,3,182,3,3,10165,595328.0,2500.0,0.03,75.0,0,1142.0
1379,592,3,185,3,3,10165,595328.0,2500.0,0.03,75.0,0,1142.0
1380,592,3,185,3,3,10165,595328.0,2500.0,0.03,75.0,0,1142.0
1381,592,927,3,3,3,10165,595328.0,2500.0,0.03,75.0,0,1142.0
1382,592,927,3,3,3,10165,595328.0,2500.0,0.03,75.0,0,1142.0
1383,592,927,182,3,3,10165,595328.0,2500.0,0.03,75.0,0,1142.0
1384,592,927,182,3,3,10165,595328.0,2500.0,0.03,75.0,0,1142.0
1385,592,927,185,3,3,10165,595328.0,2500.0,0.03,75.0,0,1142.0
1386,592,927,185,3,3,10165,595328.0,2500.0,0.03,75.0,0,1142.0
1387,592,315,131,3,3,10165,595328.0,2500.0,0.03,75.0,0,5.0
1388,592,315,131,3,3,10165,595328.0,2500.0,0.03,75.0,0,5.0
1389,592,3,3,3,3,10165,595328.0,2500.0,0.03,75.0,0,5.0
1390,592,3,3,3,3,10165,595328.0,2500.0,0.03,75.0,0,5.0
1391,592,3,182,3,3,10165,595328.0,2500.0,0.03,75.0,0,5.0
1392,592,3,182,3,3,10165,595328.0,2500.0,0.03,75.0,0,5.0
1393,592,3,185,3,3,10165,595328.0,2500.0,0.03,75.0,0,5.0
1394,592,3,185,3,3,10165,595328.0,2500.0,0.03,75.0,0,5.0
1395,592,927,3,3,3,10165,595328.0,2500.0,0.03,75.0,0,5.0
1396,592,927,3,3,3,10165,595328.0,2500.0,0.03,75.0,0,5.0
1397,592,927,182,3,3,10165,595328.0,2500.0,0.03,75.0,0,5.0
1398,592,927,182,3,3,10165,595328.0,2500.0,0.03,75.0,0,5.0
1399,592,927,185,3,3,10165,595328.0,2500.0,0.03,75.0,0,5.0
1400,592,927,185,3,3,10165,595328.0,2500.0,0.03,75.0,0,5.0
1401,592,315,131,3,3,10165,380000.0,2500.0,3.2,34562.0,0,1142.0
1402,592,315,131,3,3,10165,380000.0,2500.0,3.2,34562.0,0,1142.0
1403,592,3,3,3,3,10165,380000.0,2500.0,3.2,34562.0,0,1142.0
1404,592,3,3,3,3,10165,380000.0,2500.0,3.2,34562.0,0,1142.0
1405,592,3,182,3,3,10165,380000.0,2500.0,3.2,34562.0,0,1142.0
1406,592,3,182,3,3,10165,380000.0,2500.0,3.2,34562.0,0,1142.0
1407,592,3,185,3,3,10165,380000.0,2500.0,3.2,34562.0,0,1142.0
1408,592,3,185,3,3,10165,380000.0,2500.0,3.2,34562.0,0,1142.0
1409,592,927,3,3,3,10165,380000.0,2500.0,3.2,34562.0,0,1142.0
1410,592,927,3,3,3,10165,380000.0,2500.0,3.2,34562.0,0,1142.0
1411,592,927,182,3,3,10165,380000.0,2500.0,3.2,34562.0,0,1142.0
1412,592,927,182,3,3,10165,380000.0,2500.0,3.2,34562.0,0,1142.0
1413,592,927,185,3,3,10165,380000.0,2500.0,3.2,34562.0,0,1142.0
1414,592,927,185,3,3,10165,380000.0,2500.0,3.2,34562.0,0,1142.0
1415,592,315,131,3,3,10165,380000.0,2500.0,3.2,34562.0,0,5.0
1416,592,315,131,3,3,10165,380000.0,2500.0,3.2,34562.0,0,5.0
1417,592,3,3,3,3,10165,380000.0,2500.0,3.2,34562.0,0,5.0
1418,592,3,3,3,3,10165,380000.0,2500.0,3.2,34562.0,0,5.0
1419,592,3,182,3,3,10165,380000.0,2500.0,3.2,34562.0,0,5.0
1420,592,3,182,3,3,10165,380000.0,2500.0,3.2,34562.0,0,5.0
1421,592,3,185,3,3,10165,380000.0,2500.0,3.2,34562.0,0,5.0
1422,592,3,185,3,3,10165,380000.0,2500.0,3.2,34562.0,0,5.0
1423,592,927,3,3,3,10165,380000.0,2500.0,3.2,34562.0,0,5.0
1424,592,927,3,3,3,10165,380000.0,2500.0,3.2,34562.0,0,5.0
1425,592,927,182,3,3,10165,380000.0,2500.0,3.2,34562.0,0,5.0
1426,592,927,182,3,3,10165,380000.0,2500.0,3.2,34562.0,0,5.0
1427,592,927,185,3,3,10165,380000.0,2500.0,3.2,34562.0,0,5.0
1428,592,927,185,3,3,10165,380000.0,2500.0,3.2,34562.0,0,5.0
1429,592,315,131,3,3,10165,380000.0,2500.0,0.03,75.0,0,1142.0
1430,592,315,131,3,3,10165,380000.0,2500.0,0.03,75.0,0,1142.0
1431,592,3,3,3,3,10165,380000.0,2500.0,0.03,75.0,0,1142.0
1432,592,3,3,3,3,10165,380000.0,2500.0,0.03,75.0,0,1142.0
1433,592,3,182,3,3,10165,380000.0,2500.0,0.03,75.0,0,1142.0
1434,592,3,182,3,3,10165,380000.0,2500.0,0.03,75.0,0,1142.0
1435,592,3,185,3,3,10165,380000.0,2500.0,0.03,75.0,0,1142.0
1436,592,3,185,3,3,10165,380000.0,2500.0,0.03,75.0,0,1142.0
1437,592,927,3,3,3,10165,380000.0,2500.0,0.03,75.0,0,1142.0
1438,592,927,3,3,3,10165,380000.0,2500.0,0.03,75.0,0,1142.0
1439,592,927,182,3,3,10165,380000.0,2500.0,0.03,75.0,0,1142.0
1440,592,927,182,3,3,10165,380000.0,2500.0,0.03,75.0,0,1142.0
1441,592,927,185,3,3,10165,380000.0,2500.0,0.03,75.0,0,1142.0
1442,592,927,185,3,3,10165,380000.0,2500.0,0.03,75.0,0,1142.0
1443,592,315,131,3,3,10165,380000.0,2500.0,0.03,75.0,0,5.0
1444,592,315,131,3,3,10165,380000.0,2500.0,0.03,75.0,0,5.0
1445,592,3,3,3,3,10165,380000.0,2500.0,0.03,75.0,0,5.0
1446,592,3,3,3,3,10165,380000.0,2500.0,0.03,75.0,0,5.0
1447,592,3,182,3,3,10165,380000.0,2500.0,0.03,75.0,0,5.0
1448,592,3,182,3,3,10165,380000.0,2500.0,0.03,75.0,0,5.0
1449,592,3,185,3,3,10165,380000.0,2500.0,0.03,75.0,0,5.0
1450,592,3,185,3,3,10165,380000.0,2500.0,0.03,75.0,0,5.0
1451,592,927,3,3,3,10165,380000.0,2500.0,0.03,75.0,0,5.0
1452,592,927,3,3,3,10165,380000.0,2500.0,0.03,75.0,0,5.0
1453,592,927,182,3,3,10165,380000.0,2500.0,0.03,75.0,0,5.0
1454,592,927,182,3,3,10165,380000.0,2500.0,0.03,75.0,0,5.0
1455,592,927,185,3,3,10165,380000.0,2500.0,0.03,75.0,0,5.0
1456,592,927,185,3,3,10165,380000.0,2500.0,0.03,75.0,0,5.0
