property_id,address_id,owner_id,agent_id,feature_id,listing_date,listing_type,asking_amount,1,117,964,423,708,7/13/2020,error: undefined method `first' for nil:NilClass,559304.7
1.0,411.0,221.0,327.0,1.0,1/27/2021,Sale,471216.0,,,,,,,,
2.0,45.0,988.0,384.0,2.0,5/6/2022,Sale,362377.0,,,,,,,,
3.0,338.0,181.0,643.0,3.0,6/29/2020,Sale,595328.0,,,,,,,,
4.0,26.0,765.0,108.0,4.0,5/31/2021,Rental,933964.0,,,,,,,,
5.0,391.0,970.0,832.0,5.0,6/9/2019,Sale,,,,,,,,,
6.0,851.0,479.0,913.0,6.0,7/13/2020,Sale,903208.0,,,,,,,,
7.0,863.0,4.0,288.0,7.0,12/12/2023,Rental,141770.0,,,,,,,,
8.0,310.0,118.0,524.0,8.0,2/25/2022,Rental,738200.0,,,,,,,,
9.0,208.0,645.0,445.0,9.0,5/10/2023,Sale,300904.0,,,,,,,,
10.0,922.0,275.0,149.0,10.0,7/8/2023,Rental,168352.0,,,,,,,,
11.0,254.0,982.0,99.0,11.0,10/4/2022,Rental,47395.0,,,,,,,,
12.0,801.0,222.0,281.0,12.0,2/24/2023,Rental,859680.0,,,,,,,,
13.0,974.0,534.0,556.0,13.0,7/8/2022,Rental,271050.0,,,,,,,,
14.0,162.0,977.0,182.0,14.0,10/28/2019,Rental,59082.0,,,,,,,,
15.0,702.0,396.0,51.0,15.0,8/27/2022,Rental,186929.0,,,,,,,,
16.0,362.0,36.0,357.0,16.0,1/7/2022,Sale,226926.0,,,,,,,,
17.0,261.0,518.0,633.0,17.0,1/10/2023,Rental,,,,,,,,,
18.0,339.0,603.0,13.0,18.0,4/5/2020,Sale,647939.0,,,,,,,,
19.0,55.0,515.0,459.0,19.0,3/4/2021,,314776.0,,,,,,,,
20.0,811.0,17.0,312.0,20.0,9/20/2021,Sale,595579.0,,,,,,,,
21.0,153.0,767.0,314.0,21.0,9/28/2021,Sale,383845.0,,,,,,,,
22.0,11.0,568.0,804.0,22.0,7/24/2022,,,,,,,,,,
23.0,839.0,595.0,125.0,23.0,7/3/2020,,,,,,,,,,
24.0,85.0,799.0,744.0,24.0,5/31/2020,,941795.0,,,,,,,,
25.0,518.0,945.0,217.0,25.0,7/26/2019,Sale,889771.0,,,,,,,,
26.0,50.0,918.0,520.0,26.0,12/4/2021,Rental,484836.0,,,,,,,,
27.0,935.0,324.0,89.0,27.0,6/3/2022,,548190.0,,,,,,,,
28.0,398.0,346.0,320.0,28.0,8/11/2021,,515748.0,,,,,,,,
29.0,579.0,590.0,756.0,29.0,10/12/2023,Sale,39361.0,,,,,,,,
30.0,844.0,949.0,355.0,30.0,3/1/2021,Rental,249581.0,,,,,,,,
31.0,803.0,278.0,508.0,31.0,2/20/2022,Sale,53848.0,,,,,,,,
32.0,820.0,567.0,732.0,32.0,8/3/2020,Sale,882362.0,,,,,,,,
33.0,290.0,699.0,290.0,33.0,11/13/2022,Sale,648909.0,,,,,,,,
34.0,77.0,591.0,448.0,34.0,11/16/2019,,114767.0,,,,,,,,
35.0,800.0,319.0,116.0,35.0,3/2/2023,Sale,544243.0,,,,,,,,
36.0,204.0,331.0,436.0,36.0,10/19/2023,Rental,666868.0,,,,,,,,
37.0,479.0,536.0,546.0,37.0,8/4/2021,Rental,874558.0,,,,,,,,
38.0,213.0,933.0,315.0,38.0,4/17/2020,Sale,612120.0,,,,,,,,
39.0,955.0,689.0,483.0,39.0,3/1/2022,,595357.0,,,,,,,,
40.0,497.0,269.0,46.0,40.0,3/11/2019,Rental,235388.0,,,,,,,,
41.0,709.0,336.0,583.0,41.0,4/19/2019,Rental,696196.0,,,,,,,,
42.0,359.0,884.0,593.0,42.0,10/19/2019,Sale,307673.0,,,,,,,,
43.0,90.0,825.0,114.0,43.0,8/10/2021,Rental,154191.0,,,,,,,,
44.0,987.0,719.0,731.0,44.0,11/13/2020,Sale,454918.0,,,,,,,,
45.0,166.0,793.0,377.0,45.0,4/26/2023,,859391.0,,,,,,,,
46.0,195.0,581.0,398.0,46.0,10/25/2021,Sale,691544.0,,,,,,,,
47.0,403.0,701.0,145.0,47.0,3/13/2023,,,,,,,,,,
48.0,314.0,156.0,655.0,48.0,1/7/2022,Rental,922438.0,,,,,,,,
49.0,349.0,87.0,713.0,49.0,2/10/2019,,395844.0,,,,,,,,
50.0,674.0,307.0,957.0,50.0,7/4/2022,Sale,24543.0,,,,,,,,
51.0,576.0,152.0,247.0,51.0,2/25/2023,Rental,421684.0,,,,,,,,
52.0,813.0,451.0,586.0,52.0,6/21/2022,Sale,209683.0,,,,,,,,
53.0,358.0,961.0,271.0,53.0,2/5/2022,Sale,993637.0,,,,,,,,
54.0,86.0,657.0,690.0,54.0,1/15/2019,Sale,751404.0,,,,,,,,
55.0,996.0,931.0,58.0,55.0,7/13/2021,,553240.0,,,,,,,,
56.0,97.0,257.0,418.0,56.0,5/24/2022,Rental,110581.0,,,,,,,,
57.0,400.0,38.0,47.0,57.0,6/6/2019,Rental,365695.0,,,,,,,,
58.0,927.0,573.0,477.0,58.0,6/28/2023,Rental,255264.0,,,,,,,,
59.0,808.0,832.0,295.0,59.0,10/27/2023,Rental,568383.0,,,,,,,,
60.0,749.0,414.0,23.0,60.0,7/13/2021,Sale,483967.0,,,,,,,,
61.0,430.0,957.0,481.0,61.0,12/9/2019,Sale,830073.0,,,,,,,,
62.0,915.0,83.0,667.0,62.0,8/24/2019,Rental,682312.0,,,,,,,,
63.0,75.0,778.0,330.0,63.0,5/8/2020,Rental,584316.0,,,,,,,,
64.0,513.0,743.0,962.0,64.0,12/18/2021,Rental,26141.0,,,,,,,,
65.0,424.0,49.0,939.0,65.0,6/2/2021,Sale,722849.0,,,,,,,,
66.0,859.0,450.0,729.0,66.0,9/6/2020,Sale,874666.0,,,,,,,,
67.0,491.0,608.0,746.0,67.0,8/25/2023,Sale,517605.0,,,,,,,,
68.0,548.0,304.0,603.0,68.0,10/29/2019,Sale,631073.0,,,,,,,,
69.0,375.0,31.0,835.0,69.0,3/25/2021,Rental,389307.0,,,,,,,,
70.0,760.0,692.0,526.0,70.0,3/1/2021,,540901.0,,,,,,,,
71.0,994.0,556.0,968.0,71.0,1/13/2020,Sale,387417.0,,,,,,,,
72.0,224.0,560.0,933.0,72.0,2/12/2023,Sale,197153.0,,,,,,,,
73.0,240.0,623.0,421.0,73.0,1/4/2022,Rental,901799.0,,,,,,,,
74.0,672.0,670.0,515.0,74.0,8/1/2021,Sale,810230.0,,,,,,,,
75.0,741.0,33.0,864.0,75.0,6/30/2019,Rental,127671.0,,,,,,,,
76.0,666.0,409.0,767.0,76.0,11/15/2020,Sale,309431.0,,,,,,,,
77.0,968.0,862.0,889.0,77.0,12/23/2022,Sale,734275.0,,,,,,,,
78.0,869.0,282.0,124.0,78.0,11/19/2022,Rental,901299.0,,,,,,,,
79.0,152.0,702.0,648.0,79.0,5/16/2022,Rental,74098.0,,,,,,,,
80.0,83.0,919.0,519.0,80.0,12/6/2023,Sale,728959.0,,,,,,,,
81.0,727.0,841.0,6.0,81.0,1/20/2019,Sale,,,,,,,,,
82.0,28.0,974.0,571.0,82.0,7/29/2023,Sale,369776.0,,,,,,,,
83.0,510.0,112.0,986.0,83.0,12/18/2021,Rental,357692.0,,,,,,,,
84.0,633.0,557.0,952.0,84.0,6/20/2021,Rental,272099.0,,,,,,,,
85.0,903.0,99.0,816.0,85.0,1/9/2020,Rental,954256.0,,,,,,,,
86.0,139.0,550.0,349.0,86.0,12/17/2020,Sale,73088.0,,,,,,,,
87.0,695.0,973.0,61.0,87.0,10/11/2019,Sale,725207.0,,,,,,,,
88.0,750.0,926.0,109.0,88.0,6/27/2019,Rental,673517.0,,,,,,,,
89.0,114.0,306.0,557.0,89.0,5/31/2020,Sale,971314.0,,,,,,,,
90.0,964.0,868.0,575.0,90.0,2/19/2020,Sale,677291.0,,,,,,,,
91.0,549.0,267.0,403.0,91.0,8/3/2019,Sale,988492.0,,,,,,,,
92.0,926.0,177.0,159.0,92.0,11/28/2019,Sale,314310.0,,,,,,,,
93.0,364.0,41.0,567.0,93.0,3/29/2019,Sale,872689.0,,,,,,,,
94.0,535.0,609.0,449.0,94.0,7/29/2019,Rental,335441.0,,,,,,,,
95.0,977.0,922.0,183.0,95.0,8/22/2021,Rental,669878.0,,,,,,,,
96.0,925.0,908.0,422.0,96.0,7/18/2022,Sale,737508.0,,,,,,,,
97.0,486.0,524.0,135.0,97.0,6/5/2022,Rental,262833.0,,,,,,,,
98.0,443.0,258.0,836.0,98.0,7/7/2021,Rental,894004.0,,,,,,,,
99.0,320.0,769.0,493.0,99.0,2/23/2023,Sale,885559.0,,,,,,,,
100.0,704.0,400.0,313.0,100.0,8/11/2021,,346606.0,,,,,,,,
101.0,483.0,614.0,635.0,101.0,8/30/2019,Rental,58937.0,,,,,,,,
102.0,92.0,587.0,378.0,102.0,6/18/2020,Sale,574771.0,,,,,,,,
103.0,794.0,71.0,692.0,103.0,6/28/2019,Sale,794018.0,,,,,,,,
104.0,632.0,193.0,755.0,104.0,9/17/2022,Rental,,,,,,,,,
105.0,972.0,612.0,389.0,105.0,8/29/2019,Sale,852726.0,,,,,,,,
106.0,49.0,679.0,854.0,106.0,8/27/2022,Rental,690136.0,,,,,,,,
107.0,825.0,766.0,802.0,107.0,7/20/2019,Rental,750716.0,,,,,,,,
108.0,993.0,879.0,760.0,108.0,5/5/2022,Sale,849862.0,,,,,,,,
109.0,159.0,671.0,248.0,109.0,7/22/2020,Sale,789016.0,,,,,,,,
110.0,533.0,946.0,56.0,110.0,5/5/2023,Sale,453230.0,,,,,,,,
111.0,756.0,1000.0,884.0,111.0,8/27/2022,Sale,517512.0,,,,,,,,
112.0,277.0,265.0,914.0,112.0,10/5/2019,,915257.0,,,,,,,,
113.0,423.0,204.0,989.0,113.0,8/20/2021,Sale,380761.0,,,,,,,,
114.0,270.0,467.0,334.0,114.0,4/8/2021,Sale,467636.0,,,,,,,,
115.0,711.0,963.0,528.0,115.0,6/14/2021,Sale,967534.0,,,,,,,,
116.0,371.0,390.0,612.0,116.0,4/8/2021,,755442.0,,,,,,,,
117.0,285.0,677.0,395.0,117.0,1/30/2023,Rental,744242.0,,,,,,,,
118.0,161.0,490.0,166.0,118.0,7/14/2020,Rental,636393.0,,,,,,,,
119.0,52.0,548.0,796.0,119.0,6/7/2023,Rental,479249.0,,,,,,,,
120.0,846.0,528.0,495.0,120.0,3/22/2023,Sale,571014.0,,,,,,,,
121.0,163.0,294.0,64.0,121.0,11/9/2019,Sale,814513.0,,,,,,,,
122.0,435.0,828.0,954.0,122.0,3/17/2022,Rental,27269.0,,,,,,,,
123.0,504.0,370.0,133.0,123.0,1/28/2019,Sale,,,,,,,,,
124.0,502.0,446.0,191.0,124.0,7/9/2022,Sale,987132.0,,,,,,,,
125.0,984.0,499.0,470.0,125.0,9/28/2022,Sale,,,,,,,,,
126.0,660.0,678.0,17.0,126.0,11/28/2019,Sale,363918.0,,,,,,,,
127.0,353.0,780.0,838.0,127.0,6/11/2021,Rental,161675.0,,,,,,,,
128.0,630.0,210.0,102.0,128.0,1/8/2023,Sale,423656.0,,,,,,,,
129.0,119.0,626.0,79.0,129.0,12/4/2021,Sale,863636.0,,,,,,,,
130.0,884.0,89.0,751.0,130.0,3/30/2020,Sale,461651.0,,,,,,,,
131.0,459.0,663.0,867.0,131.0,4/3/2023,Rental,185879.0,,,,,,,,
132.0,488.0,175.0,990.0,132.0,5/30/2021,,831552.0,,,,,,,,
133.0,569.0,644.0,234.0,133.0,1/11/2019,Rental,860361.0,,,,,,,,
134.0,167.0,249.0,916.0,134.0,7/21/2022,Sale,113755.0,,,,,,,,
135.0,595.0,151.0,984.0,135.0,5/11/2019,Sale,773402.0,,,,,,,,
136.0,292.0,171.0,919.0,136.0,3/21/2023,Sale,610342.0,,,,,,,,
137.0,209.0,464.0,53.0,137.0,6/26/2019,Rental,728186.0,,,,,,,,
138.0,279.0,48.0,610.0,138.0,9/29/2021,Sale,966007.0,,,,,,,,
139.0,450.0,773.0,871.0,139.0,5/18/2019,Sale,,,,,,,,,
140.0,481.0,939.0,502.0,140.0,1/21/2019,Rental,564947.0,,,,,,,,
141.0,965.0,737.0,997.0,141.0,1/7/2019,Rental,542886.0,,,,,,,,
142.0,731.0,891.0,727.0,142.0,4/20/2020,Rental,405871.0,,,,,,,,
143.0,88.0,757.0,127.0,143.0,3/19/2023,,905134.0,,,,,,,,
144.0,238.0,123.0,963.0,144.0,3/24/2020,Rental,,,,,,,,,
145.0,765.0,391.0,888.0,145.0,6/18/2020,Rental,648935.0,,,,,,,,
146.0,27.0,927.0,362.0,146.0,7/3/2022,Sale,578419.0,,,,,,,,
147.0,15.0,622.0,160.0,147.0,6/17/2020,Sale,183963.0,,,,,,,,
148.0,620.0,605.0,602.0,148.0,4/21/2023,Sale,937939.0,,,,,,,,
149.0,715.0,930.0,882.0,149.0,12/13/2019,Rental,671510.0,,,,,,,,
150.0,117.0,991.0,67.0,150.0,8/30/2019,Rental,56041.0,,,,,,,,
151.0,624.0,582.0,878.0,151.0,5/25/2021,Rental,377626.0,,,,,,,,
152.0,836.0,653.0,995.0,152.0,9/7/2023,Rental,472284.0,,,,,,,,
153.0,933.0,230.0,264.0,153.0,11/11/2020,Sale,357086.0,,,,,,,,
154.0,156.0,611.0,242.0,154.0,12/4/2019,Sale,132999.0,,,,,,,,
155.0,444.0,749.0,841.0,155.0,8/31/2023,,270445.0,,,,,,,,
156.0,748.0,883.0,469.0,156.0,3/24/2019,Sale,547669.0,,,,,,,,
157.0,372.0,502.0,419.0,157.0,6/10/2023,Rental,827605.0,,,,,,,,
158.0,475.0,194.0,859.0,158.0,12/28/2023,,377629.0,,,,,,,,
159.0,511.0,943.0,822.0,159.0,4/8/2022,Sale,275460.0,,,,,,,,
160.0,593.0,418.0,123.0,160.0,6/26/2023,,896166.0,,,,,,,,
161.0,89.0,607.0,590.0,161.0,2/18/2019,,523599.0,,,,,,,,
162.0,601.0,172.0,147.0,162.0,11/13/2020,Sale,293011.0,,,,,,,,
163.0,981.0,50.0,819.0,163.0,12/17/2020,Sale,532155.0,,,,,,,,
164.0,768.0,833.0,239.0,164.0,9/24/2021,Sale,772239.0,,,,,,,,
165.0,971.0,967.0,140.0,165.0,1/6/2019,,404994.0,,,,,,,,
166.0,893.0,413.0,266.0,166.0,1/4/2020,Sale,238063.0,,,,,,,,
167.0,191.0,850.0,761.0,167.0,1/12/2021,Rental,775335.0,,,,,,,,
168.0,477.0,896.0,375.0,168.0,7/30/2023,Rental,937871.0,,,,,,,,
169.0,328.0,429.0,293.0,169.0,1/11/2020,Rental,497698.0,,,,,,,,
170.0,150.0,907.0,256.0,170.0,12/24/2023,Sale,272109.0,,,,,,,,
171.0,246.0,631.0,613.0,171.0,1/2/2020,Sale,715985.0,,,,,,,,
172.0,581.0,987.0,137.0,172.0,7/13/2023,Sale,690708.0,,,,,,,,
173.0,369.0,866.0,285.0,173.0,8/15/2023,Rental,883530.0,,,,,,,,
174.0,726.0,768.0,57.0,174.0,3/5/2020,,971835.0,,,,,,,,
175.0,875.0,185.0,823.0,175.0,7/26/2019,Rental,563827.0,,,,,,,,
176.0,661.0,410.0,942.0,176.0,8/14/2020,Rental,740298.0,,,,,,,,
177.0,809.0,950.0,430.0,177.0,1/21/2020,Sale,537016.0,,,,,,,,
178.0,774.0,514.0,174.0,178.0,5/19/2023,,747459.0,,,,,,,,
179.0,187.0,283.0,724.0,179.0,10/7/2021,Sale,682522.0,,,,,,,,
180.0,563.0,665.0,885.0,180.0,12/28/2022,Sale,765142.0,,,,,,,,
181.0,975.0,360.0,226.0,181.0,12/15/2022,Rental,68726.0,,,,,,,,
182.0,885.0,522.0,413.0,182.0,1/2/2020,Sale,216212.0,,,,,,,,
183.0,439.0,938.0,834.0,183.0,4/1/2021,Sale,,,,,,,,,
184.0,460.0,417.0,478.0,184.0,8/7/2019,Sale,947499.0,,,,,,,,
185.0,605.0,18.0,455.0,185.0,9/21/2020,Rental,577425.0,,,,,,,,
186.0,895.0,184.0,443.0,186.0,6/18/2020,Rental,381599.0,,,,,,,,
187.0,840.0,800.0,545.0,187.0,9/15/2021,Rental,877826.0,,,,,,,,
188.0,516.0,66.0,624.0,188.0,6/24/2019,Rental,730041.0,,,,,,,,
189.0,547.0,574.0,31.0,189.0,6/16/2021,Rental,790199.0,,,,,,,,
190.0,123.0,234.0,637.0,190.0,11/7/2020,Sale,786458.0,,,,,,,,
191.0,628.0,598.0,861.0,191.0,5/3/2020,Sale,949950.0,,,,,,,,
192.0,907.0,650.0,425.0,192.0,6/7/2021,,81833.0,,,,,,,,
193.0,212.0,559.0,383.0,193.0,3/29/2022,Rental,444909.0,,,,,,,,
194.0,323.0,682.0,219.0,194.0,9/18/2021,Sale,222607.0,,,,,,,,
195.0,68.0,218.0,201.0,195.0,3/26/2020,Sale,649022.0,,,,,,,,
196.0,340.0,845.0,7.0,196.0,9/19/2023,Rental,372298.0,,,,,,,,
197.0,492.0,754.0,657.0,197.0,10/24/2021,,704963.0,,,,,,,,
198.0,441.0,921.0,766.0,198.0,10/7/2021,Sale,952521.0,,,,,,,,
199.0,47.0,872.0,910.0,199.0,12/7/2019,,659178.0,,,,,,,,
200.0,343.0,384.0,274.0,200.0,2/20/2020,Sale,115892.0,,,,,,,,
201.0,680.0,246.0,656.0,201.0,5/7/2022,Sale,,,,,,,,,
202.0,781.0,712.0,641.0,202.0,4/4/2021,Rental,493300.0,,,,,,,,
203.0,436.0,979.0,664.0,203.0,8/13/2019,Sale,122223.0,,,,,,,,
204.0,382.0,738.0,879.0,204.0,9/26/2021,Sale,869419.0,,,,,,,,
205.0,738.0,791.0,241.0,205.0,10/30/2023,Rental,475812.0,,,,,,,,
206.0,476.0,438.0,649.0,206.0,2/11/2021,Sale,995084.0,,,,,,,,
207.0,617.0,953.0,750.0,207.0,11/28/2019,,980864.0,,,,,,,,
208.0,225.0,358.0,709.0,208.0,6/4/2020,,431373.0,,,,,,,,
209.0,298.0,674.0,45.0,209.0,4/9/2019,Rental,,,,,,,,,
210.0,960.0,314.0,531.0,210.0,7/20/2023,Sale,34682.0,,,,,,,,
211.0,860.0,233.0,431.0,211.0,8/20/2022,Sale,698762.0,,,,,,,,
212.0,18.0,12.0,20.0,212.0,3/22/2023,Sale,815638.0,,,,,,,,
213.0,276.0,531.0,579.0,213.0,8/28/2019,Sale,182280.0,,,,,,,,
214.0,867.0,925.0,662.0,214.0,7/11/2023,Rental,905306.0,,,,,,,,
215.0,422.0,137.0,946.0,215.0,4/21/2021,Sale,905192.0,,,,,,,,
216.0,589.0,139.0,259.0,216.0,5/16/2023,Sale,996571.0,,,,,,,,
217.0,299.0,289.0,214.0,217.0,9/4/2020,Sale,686187.0,,,,,,,,
218.0,54.0,804.0,694.0,218.0,11/4/2022,Rental,,,,,,,,,
219.0,402.0,153.0,674.0,219.0,7/2/2020,Rental,274472.0,,,,,,,,
220.0,566.0,90.0,700.0,220.0,10/22/2021,Sale,,,,,,,,,
221.0,611.0,313.0,553.0,221.0,10/16/2019,Sale,517224.0,,,,,,,,
222.0,734.0,357.0,877.0,222.0,10/15/2023,Sale,,,,,,,,,
223.0,186.0,753.0,286.0,223.0,6/24/2020,Sale,,,,,,,,,
224.0,135.0,382.0,62.0,224.0,6/17/2022,Sale,106331.0,,,,,,,,
225.0,30.0,798.0,442.0,225.0,7/2/2023,,386133.0,,,,,,,,
226.0,936.0,272.0,464.0,226.0,7/27/2019,Rental,570211.0,,,,,,,,
227.0,676.0,854.0,683.0,227.0,1/10/2021,Sale,133001.0,,,,,,,,
228.0,932.0,984.0,922.0,228.0,12/7/2020,Sale,864214.0,,,,,,,,
229.0,377.0,544.0,161.0,229.0,8/26/2019,Rental,577866.0,,,,,,,,
230.0,783.0,486.0,895.0,230.0,4/25/2020,,317080.0,,,,,,,,
231.0,969.0,93.0,76.0,231.0,12/5/2021,Sale,30403.0,,,,,,,,
232.0,501.0,286.0,94.0,232.0,1/1/2023,,700928.0,,,,,,,,
233.0,552.0,32.0,152.0,233.0,2/16/2023,Sale,618929.0,,,,,,,,
234.0,4.0,577.0,175.0,234.0,3/4/2022,Sale,,,,,,,,,
235.0,121.0,639.0,82.0,235.0,1/11/2021,Sale,692914.0,,,,,,,,
236.0,406.0,704.0,158.0,236.0,2/7/2019,Sale,193448.0,,,,,,,,
237.0,173.0,805.0,828.0,237.0,11/28/2022,Rental,908200.0,,,,,,,,
238.0,172.0,208.0,626.0,238.0,11/5/2021,Sale,,,,,,,,,
239.0,67.0,260.0,774.0,239.0,10/14/2022,Rental,652913.0,,,,,,,,
240.0,920.0,368.0,943.0,240.0,2/15/2021,,606994.0,,,,,,,,
241.0,864.0,571.0,818.0,241.0,1/31/2023,Rental,706376.0,,,,,,,,
242.0,679.0,56.0,117.0,242.0,4/12/2019,Sale,519555.0,,,,,,,,
243.0,698.0,63.0,671.0,243.0,4/11/2022,Sale,,,,,,,,,
244.0,868.0,563.0,487.0,244.0,3/28/2021,Rental,216078.0,,,,,,,,
245.0,886.0,710.0,179.0,245.0,2/19/2022,Sale,619189.0,,,,,,,,
246.0,639.0,42.0,185.0,246.0,1/21/2020,,601361.0,,,,,,,,
247.0,777.0,721.0,599.0,247.0,12/14/2020,,316271.0,,,,,,,,
248.0,35.0,628.0,1.0,248.0,10/17/2020,Sale,789111.0,,,,,,,,
249.0,394.0,211.0,25.0,249.0,9/27/2019,Rental,357328.0,,,,,,,,
250.0,418.0,814.0,977.0,250.0,7/24/2020,Sale,822403.0,,,,,,,,
251.0,793.0,428.0,815.0,251.0,2/14/2019,Sale,704563.0,,,,,,,,
252.0,519.0,345.0,332.0,252.0,5/15/2021,Sale,150932.0,,,,,,,,
253.0,782.0,372.0,600.0,253.0,1/4/2023,Rental,130364.0,,,,,,,,
254.0,946.0,752.0,69.0,254.0,9/12/2023,Sale,213557.0,,,,,,,,
255.0,223.0,330.0,940.0,255.0,7/22/2020,Sale,35020.0,,,,,,,,
256.0,602.0,707.0,298.0,256.0,9/26/2023,Rental,848651.0,,,,,,,,
257.0,725.0,449.0,71.0,257.0,5/21/2020,Sale,336437.0,,,,,,,,
258.0,296.0,35.0,773.0,258.0,12/22/2021,Sale,690808.0,,,,,,,,
259.0,806.0,383.0,833.0,259.0,3/21/2019,,723791.0,,,,,,,,
260.0,524.0,658.0,350.0,260.0,2/13/2020,Sale,546422.0,,,,,,,,
261.0,344.0,990.0,151.0,261.0,5/5/2022,Rental,657775.0,,,,,,,,
262.0,506.0,597.0,797.0,262.0,5/31/2023,,919219.0,,,,,,,,
263.0,95.0,302.0,788.0,263.0,6/23/2022,Rental,211803.0,,,,,,,,
264.0,262.0,747.0,206.0,264.0,9/3/2021,Rental,291609.0,,,,,,,,
265.0,804.0,439.0,119.0,265.0,12/8/2021,,77977.0,,,,,,,,
266.0,278.0,540.0,973.0,266.0,10/16/2023,Sale,226233.0,,,,,,,,
267.0,505.0,280.0,38.0,267.0,4/6/2020,,395222.0,,,,,,,,
268.0,464.0,237.0,107.0,268.0,8/21/2022,Sale,35543.0,,,,,,,,
269.0,84.0,231.0,870.0,269.0,1/4/2023,Sale,970167.0,,,,,,,,
270.0,536.0,84.0,235.0,270.0,4/19/2019,Sale,995222.0,,,,,,,,
271.0,724.0,378.0,344.0,271.0,11/2/2021,Sale,542297.0,,,,,,,,
272.0,568.0,447.0,680.0,272.0,4/11/2020,Rental,716227.0,,,,,,,,
273.0,105.0,351.0,644.0,273.0,8/21/2023,Sale,740652.0,,,,,,,,
274.0,321.0,332.0,538.0,274.0,1/1/2022,Sale,670724.0,,,,,,,,
275.0,861.0,771.0,806.0,275.0,9/13/2020,Rental,,,,,,,,,
276.0,281.0,579.0,936.0,276.0,8/2/2023,Sale,455686.0,,,,,,,,
277.0,480.0,379.0,698.0,277.0,2/14/2020,Rental,355641.0,,,,,,,,
278.0,499.0,334.0,851.0,278.0,11/25/2022,Rental,503914.0,,,,,,,,
279.0,989.0,288.0,685.0,279.0,2/5/2021,Rental,843556.0,,,,,,,,
280.0,976.0,905.0,490.0,280.0,12/6/2019,Rental,20833.0,,,,,,,,
281.0,346.0,64.0,34.0,281.0,5/10/2022,Rental,997625.0,,,,,,,,
282.0,959.0,91.0,601.0,282.0,3/23/2022,Sale,146954.0,,,,,,,,
283.0,417.0,487.0,196.0,283.0,4/18/2022,Rental,567989.0,,,,,,,,
284.0,250.0,11.0,956.0,284.0,6/6/2021,Rental,,,,,,,,,
285.0,948.0,554.0,70.0,285.0,3/17/2023,Rental,,,,,,,,,
286.0,199.0,442.0,122.0,286.0,1/20/2022,Rental,751815.0,,,,,,,,
287.0,80.0,724.0,168.0,287.0,6/22/2019,Sale,,,,,,,,,
288.0,983.0,116.0,961.0,288.0,5/29/2020,Rental,894400.0,,,,,,,,
289.0,707.0,506.0,366.0,289.0,8/22/2021,,566324.0,,,,,,,,
290.0,226.0,667.0,522.0,290.0,3/8/2023,Sale,657435.0,,,,,,,,
291.0,79.0,14.0,661.0,291.0,4/26/2022,,997212.0,,,,,,,,
292.0,373.0,274.0,273.0,292.0,4/30/2021,Rental,117655.0,,,,,,,,
293.0,284.0,819.0,706.0,293.0,1/26/2020,Sale,175662.0,,,,,,,,
294.0,712.0,904.0,560.0,294.0,9/26/2021,,419021.0,,,,,,,,
295.0,904.0,157.0,660.0,295.0,10/26/2022,Rental,892694.0,,,,,,,,
296.0,438.0,686.0,4.0,296.0,12/1/2021,,17195.0,,,,,,,,
297.0,185.0,102.0,598.0,297.0,6/13/2022,Sale,691574.0,,,,,,,,
298.0,244.0,947.0,471.0,298.0,10/18/2020,Rental,527573.0,,,,,,,,
299.0,107.0,245.0,608.0,299.0,6/26/2023,Sale,667629.0,,,,,,,,
300.0,201.0,851.0,529.0,300.0,5/3/2021,Sale,737511.0,,,,,,,,
301.0,44.0,951.0,971.0,301.0,5/14/2021,Rental,287778.0,,,,,,,,
302.0,111.0,474.0,476.0,302.0,7/25/2023,Rental,722276.0,,,,,,,,
303.0,177.0,141.0,759.0,303.0,9/9/2019,Sale,303103.0,,,,,,,,
304.0,986.0,273.0,530.0,304.0,6/6/2019,Sale,787336.0,,,,,,,,
305.0,165.0,481.0,886.0,305.0,3/22/2022,Sale,335767.0,,,,,,,,
306.0,988.0,958.0,739.0,306.0,9/9/2022,Sale,205340.0,,,,,,,,
307.0,716.0,22.0,368.0,307.0,10/8/2022,,184460.0,,,,,,,,
308.0,713.0,445.0,517.0,308.0,4/5/2019,Sale,362815.0,,,,,,,,
309.0,316.0,604.0,935.0,309.0,9/14/2021,,37844.0,,,,,,,,
310.0,837.0,633.0,894.0,310.0,4/9/2023,Rental,456660.0,,,,,,,,
311.0,32.0,732.0,121.0,311.0,11/21/2022,Rental,409617.0,,,,,,,,
312.0,385.0,114.0,473.0,312.0,7/17/2020,Rental,479247.0,,,,,,,,
313.0,537.0,751.0,681.0,313.0,9/11/2021,,438078.0,,,,,,,,
314.0,604.0,126.0,932.0,314.0,11/10/2019,Rental,276163.0,,,,,,,,
315.0,289.0,792.0,865.0,315.0,10/12/2021,Sale,297305.0,,,,,,,,
316.0,470.0,403.0,304.0,316.0,6/22/2023,Rental,,,,,,,,,
317.0,940.0,67.0,360.0,317.0,9/27/2023,Sale,775092.0,,,,,,,,
318.0,125.0,6.0,352.0,318.0,11/26/2021,Rental,474653.0,,,,,,,,
319.0,556.0,415.0,535.0,319.0,6/13/2020,Sale,764338.0,,,,,,,,
320.0,5.0,610.0,84.0,320.0,12/25/2020,,305318.0,,,,,,,,
321.0,168.0,530.0,737.0,321.0,12/17/2023,Rental,325762.0,,,,,,,,
322.0,575.0,150.0,485.0,322.0,2/6/2022,Rental,60125.0,,,,,,,,
323.0,623.0,376.0,923.0,323.0,3/17/2022,Sale,580211.0,,,,,,,,
324.0,445.0,996.0,980.0,324.0,10/11/2023,Sale,248278.0,,,,,,,,
325.0,999.0,821.0,501.0,325.0,4/24/2020,Sale,91721.0,,,,,,,,
326.0,612.0,161.0,439.0,326.0,4/3/2022,Sale,554706.0,,,,,,,,
327.0,560.0,669.0,255.0,327.0,5/9/2021,Sale,,,,,,,,,
328.0,169.0,886.0,686.0,328.0,9/28/2022,Rental,152376.0,,,,,,,,
329.0,787.0,46.0,284.0,329.0,3/21/2019,Rental,355045.0,,,,,,,,
330.0,58.0,240.0,104.0,330.0,3/4/2023,,482440.0,,,,,,,,
331.0,759.0,103.0,416.0,331.0,1/20/2022,Rental,281791.0,,,,,,,,
332.0,720.0,389.0,380.0,332.0,6/9/2019,Rental,365747.0,,,,,,,,
333.0,363.0,892.0,691.0,333.0,9/16/2019,Rental,325539.0,,,,,,,,
334.0,404.0,422.0,92.0,334.0,8/2/2020,Rental,369775.0,,,,,,,,
335.0,467.0,472.0,66.0,335.0,4/6/2021,Sale,260519.0,,,,,,,,
336.0,696.0,691.0,784.0,336.0,4/20/2022,Rental,463623.0,,,,,,,,
337.0,260.0,899.0,335.0,337.0,5/13/2020,Sale,773597.0,,,,,,,,
338.0,675.0,853.0,251.0,338.0,7/6/2019,Rental,669815.0,,,,,,,,
339.0,918.0,659.0,132.0,339.0,5/30/2021,Sale,621150.0,,,,,,,,
340.0,374.0,871.0,533.0,340.0,2/22/2021,,243359.0,,,,,,,,
341.0,554.0,600.0,14.0,341.0,10/28/2023,Rental,894612.0,,,,,,,,
342.0,329.0,120.0,275.0,342.0,3/15/2020,Sale,984109.0,,,,,,,,
343.0,493.0,145.0,918.0,343.0,9/12/2020,,366363.0,,,,,,,,
344.0,301.0,750.0,181.0,344.0,7/26/2022,Sale,32956.0,,,,,,,,
345.0,572.0,259.0,904.0,345.0,1/30/2021,Sale,330020.0,,,,,,,,
346.0,354.0,532.0,444.0,346.0,10/27/2019,Sale,67382.0,,,,,,,,
347.0,565.0,998.0,54.0,347.0,10/10/2020,Sale,360007.0,,,,,,,,
348.0,453.0,317.0,16.0,348.0,6/13/2023,Rental,424024.0,,,,,,,,
349.0,20.0,986.0,24.0,349.0,3/18/2021,Sale,698610.0,,,,,,,,
350.0,951.0,956.0,28.0,350.0,8/18/2019,Sale,86623.0,,,,,,,,
351.0,57.0,295.0,199.0,351.0,4/1/2023,Sale,929217.0,,,,,,,,
352.0,578.0,373.0,347.0,352.0,1/23/2020,,884216.0,,,,,,,,
353.0,973.0,423.0,208.0,353.0,6/20/2022,Rental,658220.0,,,,,,,,
354.0,799.0,15.0,820.0,354.0,10/8/2023,Rental,681942.0,,,,,,,,
355.0,140.0,2.0,554.0,355.0,6/17/2022,Sale,586140.0,,,,,,,,
356.0,561.0,876.0,257.0,356.0,8/12/2020,Rental,967398.0,,,,,,,,
357.0,717.0,182.0,647.0,357.0,8/3/2022,Sale,47530.0,,,,,,,,
358.0,252.0,811.0,653.0,358.0,2/26/2019,Sale,941383.0,,,,,,,,
359.0,899.0,183.0,250.0,359.0,7/20/2019,Sale,297374.0,,,,,,,,
360.0,653.0,75.0,631.0,360.0,7/19/2021,Sale,338358.0,,,,,,,,
361.0,944.0,60.0,292.0,361.0,12/2/2022,Rental,867543.0,,,,,,,,
362.0,366.0,58.0,803.0,362.0,11/16/2021,Rental,582139.0,,,,,,,,
363.0,293.0,596.0,385.0,363.0,7/8/2022,Sale,761632.0,,,,,,,,
364.0,668.0,7.0,688.0,364.0,6/7/2019,Sale,429542.0,,,,,,,,
365.0,621.0,160.0,958.0,365.0,5/2/2020,,391959.0,,,,,,,,
366.0,307.0,535.0,486.0,366.0,12/31/2021,Rental,633580.0,,,,,,,,
367.0,130.0,173.0,482.0,367.0,1/15/2020,Sale,743654.0,,,,,,,,
368.0,25.0,932.0,310.0,368.0,5/22/2019,Rental,706539.0,,,,,,,,
369.0,645.0,430.0,893.0,369.0,2/26/2019,Rental,465665.0,,,,,,,,
370.0,247.0,95.0,551.0,370.0,3/17/2019,Rental,862857.0,,,,,,,,
371.0,640.0,840.0,112.0,371.0,12/10/2023,Sale,425315.0,,,,,,,,
372.0,221.0,264.0,434.0,372.0,3/9/2023,,848029.0,,,,,,,,
373.0,664.0,823.0,423.0,373.0,1/26/2020,,607660.0,,,,,,,,
374.0,207.0,493.0,768.0,374.0,11/8/2021,Sale,665977.0,,,,,,,,
375.0,596.0,863.0,303.0,375.0,1/30/2020,Sale,362396.0,,,,,,,,
376.0,663.0,98.0,547.0,376.0,1/31/2020,Rental,911073.0,,,,,,,,
377.0,688.0,983.0,735.0,377.0,12/28/2023,Rental,858926.0,,,,,,,,
378.0,494.0,341.0,976.0,378.0,2/8/2019,Rental,917434.0,,,,,,,,
379.0,954.0,764.0,679.0,379.0,4/11/2023,Rental,804581.0,,,,,,,,
380.0,577.0,367.0,73.0,380.0,9/25/2023,Sale,805930.0,,,,,,,,
381.0,231.0,959.0,843.0,381.0,1/19/2023,Sale,895506.0,,,,,,,,
382.0,203.0,912.0,381.0,382.0,1/15/2023,Rental,578589.0,,,,,,,,
383.0,546.0,473.0,260.0,383.0,4/28/2022,Rental,496586.0,,,,,,,,
384.0,967.0,491.0,317.0,384.0,4/5/2022,Rental,887986.0,,,,,,,,
385.0,205.0,694.0,659.0,385.0,8/24/2020,,,,,,,,,,
386.0,912.0,492.0,424.0,386.0,10/28/2022,Sale,292035.0,,,,,,,,
387.0,178.0,76.0,970.0,387.0,12/17/2023,Sale,200882.0,,,,,,,,
388.0,248.0,353.0,27.0,388.0,2/1/2023,,689428.0,,,,,,,,
389.0,109.0,61.0,549.0,389.0,4/5/2020,Sale,687717.0,,,,,,,,
390.0,456.0,776.0,652.0,390.0,2/17/2020,Sale,353813.0,,,,,,,,
391.0,598.0,420.0,990.0,391.0,5/27/2019,Rental,793616.0,,,,,,,,
392.0,898.0,461.0,177.0,392.0,4/28/2019,Sale,674654.0,,,,,,,,
393.0,956.0,615.0,57.0,393.0,1/21/2022,Sale,189901.0,,,,,,,,
394.0,667.0,405.0,880.0,394.0,12/24/2020,Sale,679629.0,,,,,,,,
395.0,332.0,364.0,236.0,395.0,7/27/2022,Sale,257128.0,,,,,,,,
396.0,370.0,421.0,587.0,396.0,5/8/2023,Rental,793633.0,,,,,,,,
397.0,701.0,948.0,501.0,397.0,9/10/2022,Sale,499677.0,,,,,,,,
398.0,784.0,837.0,248.0,398.0,1/15/2022,Rental,,,,,,,,,
399.0,465.0,728.0,833.0,399.0,1/15/2023,,945363.0,,,,,,,,
400.0,142.0,807.0,922.0,400.0,9/13/2021,,258971.0,,,,,,,,
401.0,684.0,722.0,334.0,401.0,1/10/2021,Rental,141036.0,,,,,,,,
402.0,591.0,876.0,60.0,402.0,3/11/2020,Sale,815106.0,,,,,,,,
403.0,885.0,677.0,489.0,403.0,12/4/2023,Sale,108208.0,,,,,,,,
404.0,392.0,418.0,9.0,404.0,2/9/2020,Sale,302783.0,,,,,,,,
405.0,901.0,392.0,222.0,405.0,6/4/2022,Rental,216196.0,,,,,,,,
406.0,380.0,108.0,420.0,406.0,9/14/2019,Sale,974221.0,,,,,,,,
407.0,967.0,674.0,906.0,407.0,8/30/2023,Rental,475580.0,,,,,,,,
408.0,326.0,90.0,682.0,408.0,12/22/2023,Rental,605191.0,,,,,,,,
409.0,581.0,268.0,367.0,409.0,12/18/2021,Sale,101880.0,,,,,,,,
410.0,843.0,242.0,353.0,410.0,10/28/2022,Sale,991518.0,,,,,,,,
411.0,370.0,38.0,73.0,411.0,10/20/2022,Sale,691131.0,,,,,,,,
412.0,18.0,715.0,595.0,412.0,11/30/2019,Rental,253897.0,,,,,,,,
413.0,231.0,627.0,524.0,413.0,7/20/2021,Rental,834499.0,,,,,,,,
414.0,899.0,367.0,872.0,414.0,2/7/2023,Rental,347752.0,,,,,,,,
415.0,160.0,781.0,164.0,415.0,4/27/2022,Rental,108331.0,,,,,,,,
416.0,80.0,310.0,1.0,416.0,11/18/2021,Rental,581414.0,,,,,,,,
417.0,399.0,195.0,425.0,417.0,8/31/2023,Rental,188994.0,,,,,,,,
418.0,807.0,519.0,237.0,418.0,12/18/2022,Sale,,,,,,,,,
419.0,650.0,644.0,13.0,419.0,7/22/2021,Rental,248781.0,,,,,,,,
420.0,825.0,373.0,140.0,420.0,6/15/2019,Rental,28280.0,,,,,,,,
421.0,493.0,942.0,703.0,421.0,4/4/2020,Rental,38915.0,,,,,,,,
422.0,699.0,109.0,209.0,422.0,11/5/2020,Sale,908379.0,,,,,,,,
423.0,377.0,765.0,873.0,423.0,11/9/2022,Rental,805575.0,,,,,,,,
424.0,661.0,318.0,156.0,424.0,6/8/2020,Sale,116171.0,,,,,,,,
425.0,789.0,214.0,186.0,425.0,10/25/2020,Sale,597445.0,,,,,,,,
426.0,189.0,530.0,852.0,426.0,8/12/2019,Rental,285134.0,,,,,,,,
427.0,884.0,187.0,456.0,427.0,4/17/2019,Sale,956441.0,,,,,,,,
428.0,258.0,477.0,688.0,428.0,8/17/2022,Sale,,,,,,,,,
429.0,547.0,542.0,103.0,429.0,12/27/2020,Rental,227687.0,,,,,,,,
430.0,515.0,938.0,77.0,430.0,10/28/2023,Sale,756350.0,,,,,,,,
431.0,498.0,294.0,549.0,431.0,3/20/2019,Sale,476205.0,,,,,,,,
432.0,608.0,712.0,642.0,432.0,3/22/2019,Sale,265461.0,,,,,,,,
433.0,11.0,520.0,399.0,433.0,4/22/2022,Rental,,,,,,,,,
434.0,632.0,306.0,861.0,434.0,6/6/2021,Rental,510797.0,,,,,,,,
435.0,421.0,676.0,387.0,435.0,5/27/2020,Rental,840935.0,,,,,,,,
436.0,323.0,191.0,817.0,436.0,7/25/2023,Sale,793151.0,,,,,,,,
437.0,375.0,927.0,909.0,437.0,6/7/2021,Sale,482013.0,,,,,,,,
438.0,299.0,963.0,910.0,438.0,3/22/2020,Rental,657957.0,,,,,,,,
439.0,6.0,843.0,43.0,439.0,1/29/2019,,966562.0,,,,,,,,
440.0,778.0,313.0,897.0,440.0,10/2/2022,Rental,,,,,,,,,
441.0,374.0,303.0,521.0,441.0,5/27/2022,Rental,302190.0,,,,,,,,
442.0,473.0,361.0,331.0,442.0,12/24/2022,Rental,970687.0,,,,,,,,
443.0,919.0,379.0,193.0,443.0,9/5/2020,Rental,,,,,,,,,
444.0,433.0,75.0,451.0,444.0,1/29/2021,Sale,301707.0,,,,,,,,
445.0,164.0,175.0,88.0,445.0,1/20/2021,Rental,200690.0,,,,,,,,
446.0,431.0,170.0,400.0,446.0,5/11/2021,Rental,562054.0,,,,,,,,
447.0,675.0,281.0,911.0,447.0,9/18/2023,,166618.0,,,,,,,,
448.0,394.0,366.0,48.0,448.0,5/2/2022,,636352.0,,,,,,,,
449.0,966.0,946.0,590.0,449.0,3/27/2022,Rental,201708.0,,,,,,,,
450.0,357.0,782.0,37.0,450.0,9/25/2019,Sale,937712.0,,,,,,,,
451.0,873.0,223.0,298.0,451.0,11/11/2021,Rental,201175.0,,,,,,,,
452.0,556.0,603.0,314.0,452.0,2/19/2020,Rental,837238.0,,,,,,,,
453.0,513.0,411.0,645.0,453.0,7/1/2022,Rental,423867.0,,,,,,,,
454.0,932.0,728.0,490.0,454.0,12/19/2023,Rental,93802.0,,,,,,,,
455.0,129.0,682.0,958.0,455.0,5/16/2019,Sale,736868.0,,,,,,,,
456.0,933.0,698.0,19.0,456.0,7/31/2023,,770826.0,,,,,,,,
457.0,37.0,374.0,470.0,457.0,2/15/2022,Sale,313725.0,,,,,,,,
458.0,215.0,871.0,455.0,458.0,9/11/2023,,630895.0,,,,,,,,
459.0,72.0,943.0,188.0,459.0,3/6/2019,Sale,137837.0,,,,,,,,
460.0,305.0,522.0,874.0,460.0,1/15/2019,,302991.0,,,,,,,,
461.0,893.0,309.0,518.0,461.0,1/12/2022,Sale,988488.0,,,,,,,,
462.0,770.0,986.0,803.0,462.0,7/6/2022,Sale,787649.0,,,,,,,,
463.0,198.0,237.0,260.0,463.0,11/11/2020,,179874.0,,,,,,,,
464.0,55.0,156.0,27.0,464.0,4/29/2022,Rental,954117.0,,,,,,,,
465.0,9.0,730.0,446.0,465.0,2/19/2023,Rental,900760.0,,,,,,,,
466.0,560.0,316.0,362.0,466.0,7/1/2020,Sale,453302.0,,,,,,,,
467.0,682.0,981.0,189.0,467.0,1/31/2023,Rental,718052.0,,,,,,,,
468.0,881.0,641.0,760.0,468.0,11/25/2022,Sale,229975.0,,,,,,,,
469.0,200.0,621.0,797.0,469.0,8/18/2021,Rental,848663.0,,,,,,,,
470.0,113.0,656.0,205.0,470.0,8/13/2021,Rental,127154.0,,,,,,,,
471.0,83.0,102.0,240.0,471.0,7/24/2022,Sale,171894.0,,,,,,,,
472.0,293.0,695.0,824.0,472.0,6/29/2022,,200899.0,,,,,,,,
473.0,922.0,914.0,597.0,473.0,9/26/2023,Rental,681186.0,,,,,,,,
474.0,480.0,210.0,11.0,474.0,6/26/2020,Sale,746208.0,,,,,,,,
475.0,367.0,754.0,3.0,475.0,7/25/2020,Rental,347111.0,,,,,,,,
476.0,365.0,120.0,589.0,476.0,5/4/2022,Sale,859033.0,,,,,,,,
477.0,860.0,830.0,207.0,477.0,9/28/2019,,911236.0,,,,,,,,
478.0,553.0,36.0,133.0,478.0,12/11/2021,Sale,41461.0,,,,,,,,
479.0,142.0,776.0,930.0,479.0,10/12/2022,Rental,,,,,,,,,
480.0,266.0,899.0,568.0,480.0,11/22/2023,Sale,213486.0,,,,,,,,
481.0,760.0,921.0,83.0,481.0,10/28/2022,,72449.0,,,,,,,,
482.0,775.0,916.0,405.0,482.0,6/16/2021,Sale,308240.0,,,,,,,,
483.0,525.0,382.0,277.0,483.0,8/15/2023,,772500.0,,,,,,,,
484.0,167.0,31.0,726.0,484.0,1/10/2020,Sale,542883.0,,,,,,,,
485.0,637.0,541.0,493.0,485.0,1/15/2019,,851028.0,,,,,,,,
486.0,719.0,478.0,683.0,486.0,5/23/2022,Rental,784100.0,,,,,,,,
487.0,122.0,416.0,925.0,487.0,7/27/2021,Sale,492352.0,,,,,,,,
488.0,85.0,550.0,51.0,488.0,10/28/2022,Sale,785762.0,,,,,,,,
489.0,976.0,435.0,751.0,489.0,10/28/2021,Sale,139007.0,,,,,,,,
490.0,143.0,918.0,503.0,490.0,8/2/2020,Sale,534413.0,,,,,,,,
491.0,596.0,81.0,81.0,491.0,4/11/2020,Rental,,,,,,,,,
492.0,953.0,895.0,341.0,492.0,5/31/2022,,237408.0,,,,,,,,
493.0,558.0,279.0,85.0,493.0,3/27/2021,Rental,,,,,,,,,
494.0,237.0,933.0,255.0,494.0,12/19/2021,Sale,583023.0,,,,,,,,
495.0,223.0,567.0,80.0,495.0,10/16/2023,,403942.0,,,,,,,,
496.0,776.0,144.0,814.0,496.0,4/6/2019,Sale,329383.0,,,,,,,,
497.0,796.0,161.0,26.0,497.0,5/14/2022,,52976.0,,,,,,,,
498.0,98.0,497.0,977.0,498.0,12/3/2021,,302800.0,,,,,,,,
499.0,604.0,967.0,416.0,499.0,7/29/2019,,302437.0,,,,,,,,
500.0,783.0,894.0,989.0,500.0,4/26/2020,Sale,349812.0,,,,,,,,
501.0,229.0,101.0,783.0,501.0,12/21/2021,Rental,565012.0,,,,,,,,
502.0,603.0,113.0,28.0,502.0,8/14/2022,Sale,291563.0,,,,,,,,
503.0,484.0,278.0,305.0,503.0,9/16/2021,Sale,795333.0,,,,,,,,
504.0,687.0,662.0,102.0,504.0,1/31/2021,Sale,360872.0,,,,,,,,
505.0,810.0,159.0,923.0,505.0,11/22/2019,Rental,766861.0,,,,,,,,
506.0,58.0,513.0,588.0,506.0,5/5/2019,Sale,,,,,,,,,
507.0,127.0,514.0,398.0,507.0,9/19/2019,Sale,677274.0,,,,,,,,
508.0,771.0,483.0,330.0,508.0,7/3/2020,,783914.0,,,,,,,,
509.0,914.0,92.0,616.0,509.0,4/21/2022,Sale,888321.0,,,,,,,,
510.0,140.0,258.0,948.0,510.0,1/31/2021,Rental,271292.0,,,,,,,,
511.0,944.0,878.0,382.0,511.0,3/2/2023,Rental,942687.0,,,,,,,,
512.0,123.0,923.0,691.0,512.0,1/15/2022,Sale,314595.0,,,,,,,,
513.0,991.0,588.0,839.0,513.0,6/3/2019,Rental,610724.0,,,,,,,,
514.0,54.0,626.0,905.0,514.0,7/2/2019,Rental,,,,,,,,,
515.0,920.0,9.0,610.0,515.0,1/15/2022,Sale,,,,,,,,,
516.0,986.0,121.0,854.0,516.0,12/11/2022,Rental,352154.0,,,,,,,,
517.0,988.0,815.0,84.0,517.0,9/3/2019,Rental,193258.0,,,,,,,,
518.0,351.0,131.0,342.0,518.0,6/23/2023,Rental,659517.0,,,,,,,,
519.0,350.0,428.0,622.0,519.0,5/5/2022,Sale,936517.0,,,,,,,,
520.0,704.0,885.0,560.0,520.0,9/25/2021,Rental,,,,,,,,,
521.0,180.0,135.0,818.0,521.0,1/19/2023,Sale,675081.0,,,,,,,,
522.0,864.0,446.0,828.0,522.0,12/31/2021,Sale,,,,,,,,,
523.0,436.0,241.0,332.0,523.0,2/7/2020,Sale,,,,,,,,,
524.0,981.0,355.0,373.0,524.0,2/9/2020,Rental,742945.0,,,,,,,,
525.0,529.0,409.0,122.0,525.0,1/28/2021,Rental,887380.0,,,,,,,,
526.0,49.0,312.0,955.0,526.0,5/7/2023,Sale,665312.0,,,,,,,,
527.0,26.0,211.0,378.0,527.0,11/10/2023,Sale,238457.0,,,,,,,,
528.0,393.0,153.0,774.0,528.0,12/30/2019,Sale,618042.0,,,,,,,,
529.0,12.0,26.0,650.0,529.0,5/19/2021,Rental,761255.0,,,,,,,,
530.0,474.0,957.0,273.0,530.0,3/13/2023,Rental,492818.0,,,,,,,,
531.0,816.0,729.0,785.0,531.0,8/28/2019,Sale,826377.0,,,,,,,,
532.0,291.0,512.0,281.0,532.0,5/8/2019,Rental,300908.0,,,,,,,,
533.0,521.0,780.0,176.0,533.0,2/8/2021,,141184.0,,,,,,,,
534.0,934.0,912.0,843.0,534.0,2/20/2022,Sale,300721.0,,,,,,,,
535.0,788.0,529.0,677.0,535.0,2/13/2020,Sale,613860.0,,,,,,,,
536.0,17.0,802.0,998.0,536.0,7/25/2019,Rental,43507.0,,,,,,,,
537.0,982.0,360.0,166.0,537.0,7/10/2023,Sale,879457.0,,,,,,,,
538.0,239.0,954.0,447.0,538.0,8/31/2021,Rental,546643.0,,,,,,,,
539.0,434.0,290.0,173.0,539.0,5/16/2022,Sale,677359.0,,,,,,,,
540.0,128.0,178.0,407.0,540.0,11/27/2019,Rental,898919.0,,,,,,,,
541.0,15.0,504.0,308.0,541.0,7/6/2023,,710178.0,,,,,,,,
542.0,649.0,73.0,284.0,542.0,10/27/2023,Rental,989511.0,,,,,,,,
543.0,748.0,295.0,961.0,543.0,10/29/2022,Rental,154359.0,,,,,,,,
544.0,854.0,803.0,671.0,544.0,12/7/2021,Sale,796238.0,,,,,,,,
545.0,300.0,99.0,762.0,545.0,4/5/2022,Rental,45544.0,,,,,,,,
546.0,175.0,253.0,389.0,546.0,10/27/2020,Sale,593113.0,,,,,,,,
547.0,578.0,525.0,807.0,547.0,5/1/2020,Sale,918660.0,,,,,,,,
548.0,646.0,499.0,187.0,548.0,12/9/2021,Sale,771716.0,,,,,,,,
549.0,102.0,420.0,520.0,549.0,3/24/2021,Rental,644729.0,,,,,,,,
550.0,658.0,749.0,864.0,550.0,1/26/2019,Rental,980860.0,,,,,,,,
551.0,1.0,107.0,834.0,551.0,7/17/2022,Rental,670743.0,,,,,,,,
552.0,298.0,399.0,769.0,552.0,5/27/2020,Sale,645235.0,,,,,,,,
553.0,968.0,163.0,482.0,553.0,4/17/2021,Sale,625507.0,,,,,,,,
554.0,582.0,129.0,652.0,554.0,3/30/2023,Sale,783038.0,,,,,,,,
555.0,132.0,707.0,743.0,555.0,9/26/2022,Rental,383021.0,,,,,,,,
556.0,831.0,572.0,858.0,556.0,10/2/2021,Rental,115364.0,,,,,,,,
557.0,338.0,340.0,244.0,557.0,9/6/2019,Rental,625046.0,,,,,,,,
558.0,611.0,850.0,379.0,558.0,1/16/2019,Sale,879896.0,,,,,,,,
559.0,720.0,733.0,463.0,559.0,12/18/2022,Rental,459602.0,,,,,,,,
560.0,419.0,913.0,374.0,560.0,2/17/2020,Sale,428781.0,,,,,,,,
561.0,475.0,470.0,680.0,561.0,5/21/2020,Sale,741383.0,,,,,,,,
562.0,794.0,934.0,866.0,562.0,8/14/2023,Sale,162945.0,,,,,,,,
563.0,633.0,194.0,472.0,563.0,1/24/2020,Sale,489321.0,,,,,,,,
564.0,518.0,68.0,810.0,564.0,9/20/2022,,949849.0,,,,,,,,
565.0,96.0,78.0,21.0,565.0,6/29/2019,Sale,168459.0,,,,,,,,
566.0,444.0,721.0,479.0,566.0,8/25/2023,Sale,845204.0,,,,,,,,
567.0,695.0,493.0,739.0,567.0,11/8/2022,Sale,577295.0,,,,,,,,
568.0,837.0,19.0,723.0,568.0,2/13/2020,,907459.0,,,,,,,,
569.0,842.0,634.0,718.0,569.0,11/30/2021,Sale,51483.0,,,,,,,,
570.0,420.0,471.0,944.0,570.0,11/27/2019,,249161.0,,,,,,,,
571.0,941.0,202.0,121.0,571.0,5/31/2020,Sale,292060.0,,,,,,,,
572.0,91.0,956.0,206.0,572.0,11/6/2020,Rental,612379.0,,,,,,,,
573.0,533.0,174.0,830.0,573.0,2/25/2022,Sale,90575.0,,,,,,,,
574.0,84.0,43.0,275.0,574.0,11/26/2021,Sale,727105.0,,,,,,,,
575.0,945.0,197.0,434.0,575.0,1/18/2023,Sale,701229.0,,,,,,,,
576.0,978.0,975.0,570.0,576.0,4/4/2019,Sale,413842.0,,,,,,,,
577.0,839.0,777.0,32.0,577.0,4/8/2021,Rental,,,,,,,,,
578.0,602.0,998.0,959.0,578.0,5/27/2020,Sale,547198.0,,,,,,,,
579.0,220.0,896.0,146.0,579.0,10/29/2021,Sale,809235.0,,,,,,,,
580.0,722.0,654.0,662.0,580.0,6/24/2022,,38023.0,,,,,,,,
581.0,574.0,335.0,333.0,581.0,2/18/2021,Sale,220533.0,,,,,,,,
582.0,488.0,403.0,401.0,582.0,3/13/2019,Rental,187029.0,,,,,,,,
583.0,887.0,216.0,184.0,583.0,5/5/2021,Sale,20497.0,,,,,,,,
584.0,287.0,327.0,328.0,584.0,11/5/2020,Sale,154732.0,,,,,,,,
585.0,330.0,359.0,555.0,585.0,3/1/2020,Rental,180583.0,,,,,,,,
586.0,234.0,138.0,453.0,586.0,10/7/2023,Sale,708934.0,,,,,,,,
587.0,170.0,711.0,87.0,587.0,10/16/2023,Rental,29542.0,,,,,,,,
588.0,460.0,661.0,699.0,588.0,4/29/2019,Rental,258104.0,,,,,,,,
589.0,438.0,272.0,821.0,589.0,3/13/2023,Sale,392873.0,,,,,,,,
590.0,550.0,80.0,798.0,590.0,4/15/2020,Rental,980158.0,,,,,,,,
591.0,526.0,266.0,246.0,591.0,4/13/2021,,775964.0,,,,,,,,
592.0,500.0,569.0,413.0,592.0,7/9/2023,Rental,738795.0,,,,,,,,
593.0,638.0,971.0,719.0,593.0,9/11/2020,Rental,876737.0,,,,,,,,
594.0,416.0,15.0,942.0,594.0,11/6/2022,Rental,281950.0,,,,,,,,
595.0,324.0,968.0,943.0,595.0,6/28/2021,,,,,,,,,,
596.0,894.0,746.0,340.0,596.0,11/22/2022,Sale,190107.0,,,,,,,,
597.0,808.0,929.0,773.0,597.0,7/28/2023,Sale,321969.0,,,,,,,,
598.0,68.0,13.0,304.0,598.0,11/20/2023,Sale,289539.0,,,,,,,,
599.0,716.0,618.0,508.0,599.0,7/31/2022,Sale,849519.0,,,,,,,,
600.0,499.0,714.0,695.0,600.0,1/7/2020,Sale,778981.0,,,,,,,,
601.0,428.0,774.0,131.0,601.0,5/10/2021,Rental,908188.0,,,,,,,,
602.0,222.0,270.0,361.0,602.0,12/8/2022,Sale,446740.0,,,,,,,,
603.0,50.0,813.0,722.0,603.0,7/22/2019,Rental,178262.0,,,,,,,,
604.0,697.0,798.0,300.0,604.0,11/30/2020,Sale,428691.0,,,,,,,,
605.0,747.0,390.0,899.0,605.0,4/6/2023,Rental,934874.0,,,,,,,,
606.0,506.0,238.0,847.0,606.0,10/27/2022,Rental,678605.0,,,,,,,,
607.0,712.0,51.0,539.0,607.0,1/5/2023,Rental,471829.0,,,,,,,,
608.0,527.0,98.0,855.0,608.0,11/16/2021,Sale,,,,,,,,,
609.0,677.0,201.0,567.0,609.0,3/18/2019,Rental,735672.0,,,,,,,,
610.0,390.0,94.0,404.0,610.0,3/19/2023,Rental,770676.0,,,,,,,,
611.0,490.0,706.0,850.0,611.0,4/5/2019,Sale,113980.0,,,,,,,,
612.0,886.0,788.0,724.0,612.0,7/27/2019,Rental,930771.0,,,,,,,,
613.0,835.0,320.0,538.0,613.0,12/3/2021,Sale,628468.0,,,,,,,,
614.0,821.0,952.0,996.0,614.0,2/18/2020,Rental,732102.0,,,,,,,,
615.0,866.0,846.0,917.0,615.0,10/8/2022,Rental,869633.0,,,,,,,,
616.0,152.0,807.0,668.0,616.0,1/12/2019,,595639.0,,,,,,,,
617.0,65.0,526.0,573.0,617.0,11/26/2020,Sale,603868.0,,,,,,,,
618.0,77.0,434.0,310.0,618.0,8/19/2020,,896368.0,,,,,,,,
619.0,784.0,146.0,676.0,619.0,10/25/2021,Rental,178073.0,,,,,,,,
620.0,38.0,358.0,137.0,620.0,5/9/2019,Sale,209077.0,,,,,,,,
621.0,134.0,992.0,18.0,621.0,6/9/2022,Rental,197155.0,,,,,,,,
622.0,250.0,76.0,421.0,622.0,11/8/2019,Rental,883274.0,,,,,,,,
623.0,681.0,598.0,717.0,623.0,1/20/2022,Rental,979209.0,,,,,,,,
624.0,30.0,945.0,100.0,624.0,11/22/2023,Rental,673090.0,,,,,,,,
625.0,568.0,702.0,678.0,625.0,4/8/2023,Rental,740447.0,,,,,,,,
626.0,692.0,554.0,289.0,626.0,6/12/2023,Rental,752190.0,,,,,,,,
627.0,742.0,453.0,8.0,627.0,9/6/2022,Rental,438284.0,,,,,,,,
628.0,543.0,6.0,230.0,628.0,4/9/2022,Sale,704662.0,,,,,,,,
629.0,75.0,93.0,550.0,629.0,12/16/2022,Sale,712145.0,,,,,,,,
630.0,733.0,961.0,134.0,630.0,10/11/2019,,396611.0,,,,,,,,
631.0,387.0,451.0,201.0,631.0,12/26/2020,Sale,247795.0,,,,,,,,
632.0,404.0,518.0,234.0,632.0,3/6/2021,Sale,434843.0,,,,,,,,
633.0,455.0,770.0,601.0,633.0,7/20/2023,Sale,45838.0,,,,,,,,
634.0,946.0,664.0,561.0,634.0,2/23/2022,Sale,196667.0,,,,,,,,
635.0,798.0,353.0,634.0,635.0,11/29/2022,Sale,753091.0,,,,,,,,
636.0,918.0,528.0,251.0,636.0,6/17/2021,Sale,350767.0,,,,,,,,
637.0,255.0,344.0,869.0,637.0,10/15/2019,Rental,968863.0,,,,,,,,
638.0,466.0,829.0,681.0,638.0,5/17/2023,Sale,167083.0,,,,,,,,
639.0,622.0,726.0,22.0,639.0,1/12/2021,,252409.0,,,,,,,,
640.0,509.0,581.0,150.0,640.0,7/18/2023,Sale,428436.0,,,,,,,,
641.0,869.0,718.0,964.0,641.0,5/16/2022,Rental,670595.0,,,,,,,,
642.0,636.0,291.0,476.0,642.0,11/10/2023,Rental,287992.0,,,,,,,,
643.0,103.0,667.0,124.0,643.0,10/12/2021,,513970.0,,,,,,,,
644.0,361.0,213.0,228.0,644.0,12/19/2019,Rental,412846.0,,,,,,,,
645.0,948.0,480.0,924.0,645.0,3/23/2023,Rental,249725.0,,,,,,,,
646.0,301.0,708.0,190.0,646.0,1/27/2022,Rental,942432.0,,,,,,,,
647.0,651.0,233.0,96.0,647.0,1/18/2021,Rental,865323.0,,,,,,,,
648.0,730.0,906.0,831.0,648.0,12/6/2020,Rental,345035.0,,,,,,,,
649.0,583.0,45.0,938.0,649.0,6/8/2023,,822248.0,,,,,,,,
650.0,411.0,589.0,755.0,650.0,9/15/2020,Rental,941863.0,,,,,,,,
651.0,95.0,507.0,7.0,651.0,4/13/2023,Sale,141453.0,,,,,,,,
652.0,577.0,987.0,315.0,652.0,2/26/2019,Rental,857482.0,,,,,,,,
653.0,930.0,821.0,846.0,653.0,4/22/2019,,,,,,,,,,
654.0,600.0,240.0,993.0,654.0,11/7/2022,Sale,423378.0,,,,,,,,
655.0,623.0,425.0,89.0,655.0,2/21/2022,,454621.0,,,,,,,,
656.0,936.0,299.0,138.0,656.0,12/5/2019,,446639.0,,,,,,,,
657.0,437.0,172.0,323.0,657.0,3/3/2021,Sale,944686.0,,,,,,,,
658.0,182.0,501.0,790.0,658.0,8/17/2021,,902263.0,,,,,,,,
659.0,235.0,314.0,887.0,659.0,1/3/2021,Sale,389055.0,,,,,,,,
660.0,917.0,523.0,414.0,660.0,5/7/2019,Sale,301291.0,,,,,,,,
661.0,334.0,839.0,667.0,661.0,6/9/2019,Sale,276439.0,,,,,,,,
662.0,737.0,884.0,439.0,662.0,2/27/2023,Rental,,,,,,,,,
663.0,31.0,324.0,4.0,663.0,8/8/2019,Rental,479734.0,,,,,,,,
664.0,276.0,563.0,141.0,664.0,1/6/2023,Sale,207376.0,,,,,,,,
665.0,308.0,699.0,346.0,665.0,2/17/2022,,772713.0,,,,,,,,
666.0,21.0,412.0,217.0,666.0,2/25/2022,Rental,954959.0,,,,,,,,
667.0,22.0,65.0,649.0,667.0,1/8/2019,Sale,723029.0,,,,,,,,
668.0,491.0,561.0,91.0,668.0,2/18/2020,Sale,510852.0,,,,,,,,
669.0,178.0,696.0,787.0,669.0,6/26/2020,Sale,387668.0,,,,,,,,
670.0,809.0,56.0,862.0,670.0,9/25/2021,Sale,342141.0,,,,,,,,
671.0,280.0,851.0,647.0,671.0,7/18/2023,Sale,524053.0,,,,,,,,
672.0,343.0,269.0,20.0,672.0,9/20/2021,Rental,565259.0,,,,,,,,
673.0,311.0,319.0,58.0,673.0,12/25/2019,Sale,,,,,,,,,
674.0,274.0,855.0,600.0,674.0,5/6/2021,,422758.0,,,,,,,,
675.0,702.0,685.0,994.0,675.0,10/31/2021,Sale,870698.0,,,,,,,,
676.0,781.0,215.0,768.0,676.0,7/2/2023,Sale,,,,,,,,,
677.0,205.0,20.0,974.0,677.0,8/14/2023,Sale,947840.0,,,,,,,,
678.0,557.0,479.0,692.0,678.0,8/29/2022,Rental,513151.0,,,,,,,,
679.0,339.0,417.0,354.0,679.0,10/2/2023,Sale,547747.0,,,,,,,,
680.0,495.0,442.0,118.0,680.0,4/18/2023,,802529.0,,,,,,,,
681.0,226.0,791.0,603.0,681.0,8/21/2021,Sale,518101.0,,,,,,,,
682.0,874.0,993.0,126.0,682.0,2/15/2023,Rental,830677.0,,,,,,,,
683.0,412.0,230.0,761.0,683.0,8/20/2020,,439440.0,,,,,,,,
684.0,42.0,469.0,651.0,684.0,1/8/2019,Sale,167458.0,,,,,,,,
685.0,355.0,935.0,759.0,685.0,6/17/2020,Sale,929925.0,,,,,,,,
686.0,197.0,881.0,799.0,686.0,5/10/2023,Sale,212838.0,,,,,,,,
687.0,749.0,419.0,782.0,687.0,2/23/2020,Sale,909926.0,,,,,,,,
688.0,118.0,357.0,914.0,688.0,11/17/2020,Sale,533597.0,,,,,,,,
689.0,386.0,455.0,849.0,689.0,6/6/2020,Sale,669667.0,,,,,,,,
690.0,937.0,150.0,108.0,690.0,5/10/2022,Rental,162595.0,,,,,,,,
691.0,656.0,356.0,168.0,691.0,12/10/2021,Sale,454569.0,,,,,,,,
692.0,136.0,835.0,23.0,692.0,7/31/2019,Rental,599758.0,,,,,,,,
693.0,817.0,773.0,543.0,693.0,3/24/2022,Sale,687632.0,,,,,,,,
694.0,597.0,456.0,431.0,694.0,10/1/2022,Rental,135991.0,,,,,,,,
695.0,440.0,790.0,458.0,695.0,11/26/2020,Sale,709593.0,,,,,,,,
696.0,667.0,840.0,517.0,696.0,1/12/2023,,567567.0,,,,,,,,
697.0,383.0,481.0,753.0,697.0,12/17/2023,Rental,64727.0,,,,,,,,
698.0,785.0,597.0,181.0,698.0,2/23/2021,Rental,981061.0,,,,,,,,
699.0,599.0,937.0,800.0,699.0,8/25/2021,Sale,983860.0,,,,,,,,
700.0,478.0,52.0,987.0,700.0,1/3/2020,Rental,732741.0,,,,,,,,
701.0,251.0,55.0,180.0,701.0,8/8/2023,Sale,224679.0,,,,,,,,
702.0,313.0,122.0,749.0,702.0,8/3/2020,Rental,450990.0,,,,,,,,
703.0,353.0,331.0,780.0,703.0,6/13/2023,Sale,227855.0,,,,,,,,
704.0,107.0,227.0,879.0,704.0,12/10/2022,Rental,,,,,,,,,
705.0,609.0,458.0,235.0,705.0,9/13/2019,Rental,827879.0,,,,,,,,
706.0,875.0,423.0,125.0,706.0,3/22/2023,Sale,327042.0,,,,,,,,
707.0,268.0,363.0,344.0,707.0,11/17/2021,Rental,320322.0,,,,,,,,
708.0,382.0,725.0,953.0,708.0,8/16/2019,Sale,199414.0,,,,,,,,
709.0,664.0,61.0,581.0,709.0,1/24/2020,Rental,222849.0,,,,,,,,
710.0,669.0,994.0,621.0,710.0,3/11/2019,Sale,656655.0,,,,,,,,
711.0,23.0,436.0,816.0,711.0,9/24/2019,,,,,,,,,,
712.0,865.0,739.0,859.0,712.0,6/19/2022,Rental,340010.0,,,,,,,,
713.0,471.0,25.0,729.0,713.0,9/15/2023,Rental,,,,,,,,,
714.0,396.0,200.0,748.0,714.0,4/21/2020,Sale,449654.0,,,,,,,,
715.0,56.0,545.0,863.0,715.0,5/3/2023,Rental,156949.0,,,,,,,,
716.0,522.0,84.0,415.0,716.0,7/25/2019,,637866.0,,,,,,,,
717.0,100.0,21.0,484.0,717.0,8/13/2023,Rental,492391.0,,,,,,,,
718.0,718.0,734.0,952.0,718.0,7/13/2022,,142019.0,,,,,,,,
719.0,634.0,771.0,303.0,719.0,9/22/2020,Rental,,,,,,,,,
720.0,364.0,105.0,347.0,720.0,5/7/2022,Rental,789072.0,,,,,,,,
721.0,912.0,239.0,516.0,721.0,5/3/2020,Sale,898478.0,,,,,,,,
722.0,586.0,808.0,939.0,722.0,8/6/2023,,822365.0,,,,,,,,
723.0,851.0,490.0,702.0,723.0,5/1/2022,Rental,299238.0,,,,,,,,
724.0,400.0,254.0,158.0,724.0,10/7/2019,Sale,726732.0,,,,,,,,
725.0,371.0,12.0,326.0,725.0,8/30/2019,Rental,665585.0,,,,,,,,
726.0,516.0,870.0,767.0,726.0,1/11/2023,,19959.0,,,,,,,,
727.0,70.0,736.0,474.0,727.0,4/24/2022,Rental,365646.0,,,,,,,,
728.0,285.0,229.0,105.0,728.0,9/30/2019,Rental,28461.0,,,,,,,,
729.0,270.0,629.0,438.0,729.0,8/27/2023,Sale,119247.0,,,,,,,,
730.0,974.0,259.0,375.0,730.0,6/23/2022,Rental,406825.0,,,,,,,,
731.0,738.0,882.0,34.0,731.0,10/21/2022,Sale,427614.0,,,,,,,,
732.0,954.0,106.0,324.0,732.0,2/9/2023,Sale,890308.0,,,,,,,,
733.0,535.0,755.0,884.0,733.0,12/27/2020,Rental,,,,,,,,,
734.0,542.0,432.0,194.0,734.0,8/6/2021,Rental,805504.0,,,,,,,,
735.0,86.0,394.0,844.0,735.0,9/27/2020,Sale,904086.0,,,,,,,,
736.0,793.0,544.0,261.0,736.0,11/5/2021,Sale,192327.0,,,,,,,,
737.0,273.0,89.0,370.0,737.0,9/15/2019,Sale,74180.0,,,,,,,,
738.0,994.0,556.0,857.0,738.0,2/6/2022,,34783.0,,,,,,,,
739.0,811.0,488.0,776.0,739.0,3/11/2021,Rental,942694.0,,,,,,,,
740.0,871.0,743.0,272.0,740.0,11/18/2020,Rental,110209.0,,,,,,,,
741.0,900.0,141.0,38.0,741.0,1/21/2019,,790403.0,,,,,,,,
742.0,397.0,351.0,746.0,742.0,9/26/2020,,454230.0,,,,,,,,
743.0,910.0,5.0,92.0,743.0,4/21/2020,Sale,906056.0,,,,,,,,
744.0,115.0,66.0,511.0,744.0,8/15/2021,,142030.0,,,,,,,,
745.0,911.0,449.0,98.0,745.0,8/13/2020,Rental,719423.0,,,,,,,,
746.0,184.0,375.0,988.0,746.0,2/22/2020,Rental,750967.0,,,,,,,,
747.0,939.0,91.0,69.0,747.0,2/18/2019,Sale,75582.0,,,,,,,,
748.0,453.0,917.0,56.0,748.0,6/19/2020,Sale,407171.0,,,,,,,,
749.0,236.0,500.0,522.0,749.0,9/5/2023,Rental,994706.0,,,,,,,,
750.0,295.0,206.0,845.0,750.0,5/18/2022,Rental,448428.0,,,,,,,,
751.0,924.0,805.0,183.0,751.0,12/13/2022,Rental,807831.0,,,,,,,,
752.0,24.0,612.0,802.0,752.0,1/12/2019,Rental,471148.0,,,,,,,,
753.0,120.0,806.0,360.0,753.0,5/15/2020,Sale,,,,,,,,,
754.0,171.0,864.0,670.0,754.0,5/25/2023,Rental,108453.0,,,,,,,,
755.0,427.0,903.0,728.0,755.0,9/23/2022,Rental,752922.0,,,,,,,,
756.0,765.0,79.0,395.0,756.0,9/3/2023,Sale,809242.0,,,,,,,,
757.0,989.0,158.0,553.0,757.0,12/25/2023,Rental,221405.0,,,,,,,,
758.0,756.0,623.0,211.0,758.0,3/29/2020,Rental,904333.0,,,,,,,,
759.0,882.0,965.0,276.0,759.0,2/9/2022,Rental,501765.0,,,,,,,,
760.0,212.0,546.0,656.0,760.0,11/30/2023,Rental,574886.0,,,,,,,,
761.0,426.0,140.0,147.0,761.0,7/28/2021,Rental,545195.0,,,,,,,,
762.0,165.0,103.0,283.0,762.0,11/10/2021,Rental,628092.0,,,,,,,,
763.0,524.0,427.0,159.0,763.0,11/16/2020,Sale,318598.0,,,,,,,,
764.0,855.0,709.0,523.0,764.0,5/1/2022,Sale,736735.0,,,,,,,,
765.0,594.0,531.0,466.0,765.0,12/30/2021,Sale,360119.0,,,,,,,,
766.0,356.0,433.0,412.0,766.0,3/16/2020,Rental,415720.0,,,,,,,,
767.0,144.0,424.0,734.0,767.0,7/31/2019,Rental,494875.0,,,,,,,,
768.0,832.0,982.0,547.0,768.0,10/23/2020,Sale,126172.0,,,,,,,,
769.0,537.0,406.0,514.0,769.0,5/5/2022,Rental,900250.0,,,,,,,,
770.0,815.0,487.0,584.0,770.0,2/4/2019,Rental,519052.0,,,,,,,,
771.0,736.0,763.0,556.0,771.0,1/21/2021,Rental,684658.0,,,,,,,,
772.0,710.0,747.0,31.0,772.0,1/25/2021,Sale,536848.0,,,,,,,,
773.0,903.0,218.0,348.0,773.0,3/8/2021,Rental,93146.0,,,,,,,,
774.0,980.0,491.0,732.0,774.0,10/20/2021,,140662.0,,,,,,,,
775.0,708.0,533.0,596.0,775.0,5/14/2023,,620470.0,,,,,,,,
776.0,926.0,997.0,29.0,776.0,12/7/2023,,508057.0,,,,,,,,
777.0,331.0,67.0,104.0,777.0,1/20/2020,Sale,164025.0,,,,,,,,
778.0,879.0,282.0,562.0,778.0,12/25/2022,,831343.0,,,,,,,,
779.0,413.0,264.0,966.0,779.0,8/16/2023,,201352.0,,,,,,,,
780.0,610.0,231.0,306.0,780.0,4/2/2020,Rental,976317.0,,,,,,,,
781.0,417.0,330.0,178.0,781.0,10/6/2020,Rental,560029.0,,,,,,,,
782.0,627.0,873.0,223.0,782.0,8/21/2021,,134136.0,,,,,,,,
783.0,698.0,463.0,878.0,783.0,5/18/2019,Rental,30527.0,,,,,,,,
784.0,588.0,112.0,635.0,784.0,12/29/2019,,383555.0,,,,,,,,
785.0,579.0,969.0,182.0,785.0,10/7/2019,Sale,750587.0,,,,,,,,
786.0,147.0,941.0,387.0,786.0,11/18/2021,Sale,111736.0,,,,,,,,
787.0,823.0,176.0,765.0,787.0,3/12/2021,Sale,312198.0,,,,,,,,
788.0,293.0,527.0,138.0,788.0,8/28/2019,Sale,606834.0,,,,,,,,
789.0,454.0,442.0,111.0,789.0,1/10/2022,Sale,199163.0,,,,,,,,
790.0,739.0,517.0,160.0,790.0,12/23/2023,Rental,,,,,,,,,
791.0,667.0,990.0,97.0,791.0,9/26/2021,Rental,772870.0,,,,,,,,
792.0,821.0,573.0,928.0,792.0,5/31/2020,,27234.0,,,,,,,,
793.0,459.0,195.0,102.0,793.0,12/14/2022,Sale,806688.0,,,,,,,,
794.0,266.0,142.0,769.0,794.0,3/11/2021,Rental,595009.0,,,,,,,,
795.0,268.0,898.0,980.0,795.0,7/19/2020,,55678.0,,,,,,,,
796.0,723.0,56.0,721.0,796.0,10/15/2022,Sale,418840.0,,,,,,,,
797.0,618.0,211.0,80.0,797.0,8/6/2019,Sale,,,,,,,,,
798.0,606.0,552.0,648.0,798.0,6/8/2021,Sale,897412.0,,,,,,,,
799.0,499.0,943.0,441.0,799.0,6/29/2019,Rental,133362.0,,,,,,,,
800.0,975.0,585.0,13.0,800.0,9/2/2021,,374065.0,,,,,,,,
801.0,651.0,870.0,533.0,801.0,1/2/2023,Rental,615978.0,,,,,,,,
802.0,422.0,804.0,898.0,802.0,11/24/2023,Sale,103425.0,,,,,,,,
803.0,451.0,386.0,835.0,803.0,2/13/2020,Sale,954878.0,,,,,,,,
804.0,622.0,5.0,809.0,804.0,7/20/2019,Sale,655721.0,,,,,,,,
805.0,349.0,135.0,155.0,805.0,7/10/2021,Rental,847270.0,,,,,,,,
806.0,320.0,82.0,215.0,806.0,10/6/2022,Sale,,,,,,,,,
807.0,952.0,854.0,426.0,807.0,10/31/2022,Sale,608383.0,,,,,,,,
808.0,661.0,474.0,670.0,808.0,10/1/2020,,149738.0,,,,,,,,
809.0,834.0,213.0,780.0,809.0,1/12/2020,Rental,537300.0,,,,,,,,
810.0,15.0,603.0,884.0,810.0,11/1/2021,Sale,988028.0,,,,,,,,
811.0,722.0,85.0,345.0,811.0,5/7/2022,Rental,544058.0,,,,,,,,
812.0,936.0,977.0,652.0,812.0,1/10/2019,Rental,614371.0,,,,,,,,
813.0,916.0,220.0,91.0,813.0,7/12/2022,Rental,711023.0,,,,,,,,
814.0,615.0,330.0,286.0,814.0,12/23/2020,Sale,149729.0,,,,,,,,
815.0,823.0,600.0,661.0,815.0,11/14/2021,Rental,59501.0,,,,,,,,
816.0,903.0,740.0,885.0,816.0,12/25/2022,,512240.0,,,,,,,,
817.0,452.0,722.0,150.0,817.0,5/10/2021,Sale,55199.0,,,,,,,,
818.0,620.0,832.0,230.0,818.0,1/10/2023,Sale,819575.0,,,,,,,,
819.0,66.0,179.0,879.0,819.0,9/28/2021,Rental,81841.0,,,,,,,,
820.0,33.0,123.0,265.0,820.0,6/26/2023,Rental,899985.0,,,,,,,,
821.0,401.0,365.0,536.0,821.0,6/2/2020,Rental,785979.0,,,,,,,,
822.0,105.0,932.0,370.0,822.0,7/6/2021,Rental,296751.0,,,,,,,,
823.0,949.0,305.0,355.0,823.0,6/29/2022,,569325.0,,,,,,,,
824.0,318.0,295.0,582.0,824.0,1/10/2021,Rental,580597.0,,,,,,,,
825.0,971.0,219.0,843.0,825.0,7/12/2022,Rental,286513.0,,,,,,,,
826.0,174.0,971.0,805.0,826.0,7/26/2021,,344858.0,,,,,,,,
827.0,375.0,315.0,722.0,827.0,5/14/2020,Sale,471773.0,,,,,,,,
828.0,956.0,64.0,907.0,828.0,7/16/2020,Rental,451994.0,,,,,,,,
829.0,757.0,759.0,794.0,829.0,8/9/2020,Rental,627066.0,,,,,,,,
830.0,409.0,298.0,847.0,830.0,4/4/2021,Rental,915785.0,,,,,,,,
831.0,552.0,271.0,35.0,831.0,2/16/2020,Sale,328962.0,,,,,,,,
832.0,147.0,998.0,28.0,832.0,6/21/2020,Sale,395495.0,,,,,,,,
833.0,195.0,241.0,469.0,833.0,9/30/2023,Rental,102799.0,,,,,,,,
834.0,122.0,522.0,287.0,834.0,1/3/2019,Sale,635703.0,,,,,,,,
835.0,598.0,138.0,52.0,835.0,2/18/2021,Sale,393357.0,,,,,,,,
836.0,370.0,31.0,465.0,836.0,1/28/2023,Sale,122986.0,,,,,,,,
837.0,430.0,790.0,522.0,837.0,6/24/2022,Sale,526163.0,,,,,,,,
838.0,568.0,133.0,146.0,838.0,1/9/2023,Rental,447393.0,,,,,,,,
839.0,206.0,54.0,422.0,839.0,6/3/2021,Rental,226459.0,,,,,,,,
840.0,134.0,50.0,920.0,840.0,3/27/2021,Rental,895844.0,,,,,,,,
841.0,870.0,319.0,645.0,841.0,6/30/2021,Sale,131018.0,,,,,,,,
842.0,346.0,127.0,637.0,842.0,12/23/2021,Rental,503138.0,,,,,,,,
843.0,396.0,310.0,606.0,843.0,3/25/2019,Rental,349101.0,,,,,,,,
844.0,304.0,128.0,277.0,844.0,5/8/2022,Rental,,,,,,,,,
845.0,941.0,646.0,381.0,845.0,4/4/2023,Rental,866173.0,,,,,,,,
846.0,868.0,855.0,535.0,846.0,11/2/2021,Rental,347885.0,,,,,,,,
847.0,708.0,399.0,887.0,847.0,10/29/2023,,366354.0,,,,,,,,
848.0,402.0,824.0,728.0,848.0,4/20/2023,Rental,232530.0,,,,,,,,
849.0,948.0,108.0,438.0,849.0,6/17/2020,Rental,259865.0,,,,,,,,
850.0,918.0,859.0,247.0,850.0,12/21/2022,Rental,914681.0,,,,,,,,
851.0,824.0,681.0,17.0,851.0,1/24/2019,Sale,950664.0,,,,,,,,
852.0,118.0,583.0,930.0,852.0,11/12/2022,Sale,795396.0,,,,,,,,
853.0,271.0,506.0,701.0,853.0,12/23/2021,Rental,18522.0,,,,,,,,
854.0,812.0,121.0,660.0,854.0,6/7/2020,Sale,548415.0,,,,,,,,
855.0,316.0,504.0,204.0,855.0,2/4/2021,Sale,653504.0,,,,,,,,
856.0,21.0,436.0,361.0,856.0,3/21/2022,Rental,840076.0,,,,,,,,
857.0,977.0,808.0,220.0,857.0,10/14/2023,Rental,408808.0,,,,,,,,
858.0,574.0,9.0,227.0,858.0,3/11/2021,Sale,747675.0,,,,,,,,
859.0,383.0,455.0,700.0,859.0,8/27/2021,Sale,256935.0,,,,,,,,
860.0,322.0,423.0,47.0,860.0,12/25/2022,Sale,374594.0,,,,,,,,
861.0,603.0,307.0,109.0,861.0,1/6/2022,Sale,54306.0,,,,,,,,
862.0,800.0,934.0,419.0,862.0,1/17/2019,Rental,550363.0,,,,,,,,
863.0,550.0,520.0,164.0,863.0,9/16/2022,Sale,260126.0,,,,,,,,
864.0,922.0,536.0,202.0,864.0,11/17/2022,Sale,552010.0,,,,,,,,
865.0,159.0,880.0,495.0,865.0,8/3/2021,Sale,626722.0,,,,,,,,
866.0,827.0,485.0,725.0,866.0,9/29/2020,Rental,201559.0,,,,,,,,
867.0,665.0,131.0,991.0,867.0,6/20/2022,Rental,139597.0,,,,,,,,
868.0,937.0,871.0,317.0,868.0,7/16/2023,Rental,697748.0,,,,,,,,
869.0,694.0,510.0,824.0,869.0,11/27/2021,Sale,247499.0,,,,,,,,
870.0,231.0,16.0,133.0,870.0,5/5/2021,,786840.0,,,,,,,,
871.0,398.0,39.0,653.0,871.0,8/19/2021,,317578.0,,,,,,,,
872.0,997.0,187.0,918.0,872.0,2/16/2021,Rental,865956.0,,,,,,,,
873.0,419.0,882.0,583.0,873.0,9/19/2019,Sale,855453.0,,,,,,,,
874.0,291.0,264.0,709.0,874.0,1/24/2023,Rental,768196.0,,,,,,,,
875.0,725.0,817.0,329.0,875.0,4/17/2023,,631452.0,,,,,,,,
876.0,273.0,335.0,379.0,876.0,8/5/2022,,819293.0,,,,,,,,
877.0,660.0,246.0,19.0,877.0,1/4/2019,Rental,,,,,,,,,
878.0,141.0,242.0,534.0,878.0,12/22/2022,Sale,856575.0,,,,,,,,
879.0,852.0,614.0,207.0,879.0,4/2/2023,Sale,647250.0,,,,,,,,
880.0,494.0,66.0,11.0,880.0,8/10/2019,,532259.0,,,,,,,,
881.0,710.0,170.0,971.0,881.0,9/5/2022,Rental,261354.0,,,,,,,,
882.0,751.0,132.0,629.0,882.0,7/20/2021,Rental,438078.0,,,,,,,,
883.0,360.0,354.0,49.0,883.0,3/29/2022,,622827.0,,,,,,,,
884.0,681.0,119.0,389.0,884.0,10/11/2021,Rental,630101.0,,,,,,,,
885.0,765.0,512.0,141.0,885.0,10/23/2020,Sale,987562.0,,,,,,,,
886.0,75.0,638.0,877.0,886.0,6/7/2019,Sale,363594.0,,,,,,,,
887.0,591.0,76.0,654.0,887.0,9/4/2021,Sale,584466.0,,,,,,,,
888.0,811.0,989.0,638.0,888.0,12/5/2021,Sale,789450.0,,,,,,,,
889.0,784.0,75.0,564.0,889.0,10/15/2020,Rental,847050.0,,,,,,,,
890.0,341.0,647.0,798.0,890.0,5/30/2020,Rental,255366.0,,,,,,,,
891.0,511.0,818.0,165.0,891.0,9/25/2023,Sale,463636.0,,,,,,,,
892.0,193.0,207.0,456.0,892.0,12/2/2023,Sale,562190.0,,,,,,,,
893.0,192.0,694.0,487.0,893.0,5/4/2019,Rental,509750.0,,,,,,,,
894.0,614.0,826.0,783.0,894.0,12/6/2021,Rental,725919.0,,,,,,,,
895.0,998.0,454.0,858.0,895.0,1/28/2019,,974447.0,,,,,,,,
896.0,776.0,49.0,549.0,896.0,5/1/2022,Rental,951175.0,,,,,,,,
897.0,279.0,572.0,698.0,897.0,11/3/2023,,457466.0,,,,,,,,
898.0,960.0,161.0,489.0,898.0,10/9/2021,,54456.0,,,,,,,,
899.0,838.0,751.0,952.0,899.0,6/2/2021,Sale,116279.0,,,,,,,,
900.0,211.0,8.0,313.0,900.0,9/13/2021,Sale,905193.0,,,,,,,,
901.0,462.0,884.0,796.0,901.0,7/4/2020,Rental,156740.0,,,,,,,,
902.0,277.0,523.0,115.0,902.0,9/19/2022,Rental,129948.0,,,,,,,,
903.0,153.0,439.0,589.0,903.0,3/30/2022,Sale,269817.0,,,,,,,,
904.0,348.0,584.0,292.0,904.0,1/1/2021,Sale,715526.0,,,,,,,,
905.0,955.0,174.0,925.0,905.0,1/26/2020,Rental,319538.0,,,,,,,,
906.0,183.0,969.0,192.0,906.0,1/2/2019,Rental,,,,,,,,,
907.0,581.0,26.0,970.0,907.0,3/28/2021,Sale,912978.0,,,,,,,,
908.0,469.0,482.0,723.0,908.0,5/22/2023,Rental,639628.0,,,,,,,,
909.0,967.0,7.0,531.0,909.0,8/21/2020,Sale,596890.0,,,,,,,,
910.0,308.0,311.0,537.0,910.0,12/3/2021,Sale,698503.0,,,,,,,,
911.0,515.0,164.0,34.0,911.0,11/15/2019,Rental,80219.0,,,,,,,,
912.0,740.0,806.0,125.0,912.0,12/29/2021,Sale,588356.0,,,,,,,,
913.0,420.0,935.0,939.0,913.0,8/30/2022,Sale,62174.0,,,,,,,,
914.0,976.0,183.0,742.0,914.0,5/7/2023,Sale,761972.0,,,,,,,,
915.0,855.0,982.0,74.0,915.0,8/28/2019,Sale,636421.0,,,,,,,,
916.0,647.0,58.0,859.0,916.0,3/31/2021,Rental,43917.0,,,,,,,,
917.0,696.0,629.0,93.0,917.0,8/1/2020,Rental,419253.0,,,,,,,,
918.0,713.0,762.0,70.0,918.0,9/22/2022,Rental,963905.0,,,,,,,,
919.0,728.0,829.0,365.0,919.0,8/29/2022,Rental,664114.0,,,,,,,,
920.0,106.0,757.0,357.0,920.0,9/16/2020,Rental,118014.0,,,,,,,,
921.0,249.0,495.0,919.0,921.0,12/25/2019,Rental,241845.0,,,,,,,,
922.0,766.0,152.0,145.0,922.0,2/9/2022,Sale,839266.0,,,,,,,,
923.0,431.0,351.0,944.0,923.0,7/11/2020,,647207.0,,,,,,,,
924.0,123.0,162.0,968.0,924.0,11/24/2019,Rental,390370.0,,,,,,,,
925.0,534.0,4.0,761.0,925.0,11/12/2020,Sale,330547.0,,,,,,,,
926.0,613.0,578.0,20.0,926.0,9/5/2019,Sale,252020.0,,,,,,,,
927.0,877.0,791.0,863.0,927.0,2/2/2022,,887284.0,,,,,,,,
928.0,461.0,550.0,665.0,928.0,3/2/2020,Sale,886121.0,,,,,,,,
929.0,854.0,415.0,249.0,929.0,9/14/2019,Rental,884938.0,,,,,,,,
930.0,181.0,611.0,46.0,930.0,12/4/2023,Rental,586697.0,,,,,,,,
931.0,734.0,805.0,95.0,931.0,2/20/2021,Rental,747481.0,,,,,,,,
932.0,785.0,619.0,733.0,932.0,6/16/2023,Rental,222662.0,,,,,,,,
933.0,242.0,24.0,750.0,933.0,9/26/2021,Sale,942560.0,,,,,,,,
934.0,668.0,382.0,699.0,934.0,10/17/2022,Rental,968045.0,,,,,,,,
935.0,836.0,765.0,556.0,935.0,6/20/2020,Rental,915669.0,,,,,,,,
936.0,202.0,691.0,789.0,936.0,6/28/2020,Rental,976243.0,,,,,,,,
937.0,450.0,293.0,870.0,937.0,12/26/2019,,343465.0,,,,,,,,
938.0,124.0,488.0,300.0,938.0,4/22/2019,Rental,974967.0,,,,,,,,
939.0,138.0,673.0,680.0,939.0,7/5/2020,Rental,766708.0,,,,,,,,
940.0,910.0,425.0,231.0,940.0,6/25/2022,,202203.0,,,,,,,,
941.0,307.0,745.0,36.0,941.0,9/12/2020,Rental,314906.0,,,,,,,,
942.0,791.0,890.0,614.0,942.0,3/14/2021,Sale,,,,,,,,,
943.0,178.0,384.0,945.0,943.0,4/8/2020,,803855.0,,,,,,,,
944.0,387.0,314.0,802.0,944.0,1/7/2020,Rental,441781.0,,,,,,,,
945.0,912.0,671.0,760.0,945.0,2/21/2021,Sale,409122.0,,,,,,,,
946.0,593.0,209.0,83.0,946.0,10/31/2023,Sale,233699.0,,,,,,,,
947.0,876.0,519.0,175.0,947.0,2/17/2023,Rental,351979.0,,,,,,,,
948.0,504.0,378.0,347.0,948.0,2/25/2023,Sale,686872.0,,,,,,,,
949.0,787.0,633.0,707.0,949.0,4/30/2021,Rental,508243.0,,,,,,,,
950.0,702.0,375.0,339.0,950.0,6/12/2019,Sale,289966.0,,,,,,,,
951.0,149.0,997.0,705.0,951.0,3/11/2022,Sale,735083.0,,,,,,,,
952.0,128.0,359.0,4.0,952.0,2/29/2020,Rental,604107.0,,,,,,,,
953.0,321.0,631.0,136.0,953.0,12/2/2019,Rental,517359.0,,,,,,,,
954.0,456.0,189.0,672.0,954.0,3/17/2023,,877351.0,,,,,,,,
955.0,88.0,400.0,521.0,955.0,1/7/2023,Sale,625653.0,,,,,,,,
956.0,300.0,730.0,308.0,956.0,11/2/2020,Sale,89946.0,,,,,,,,
957.0,350.0,868.0,497.0,957.0,7/29/2022,Sale,,,,,,,,,
958.0,808.0,770.0,633.0,958.0,7/25/2021,Sale,451011.0,,,,,,,,
959.0,810.0,410.0,447.0,959.0,8/16/2022,Sale,707579.0,,,,,,,,
960.0,426.0,988.0,318.0,960.0,10/6/2019,Sale,119961.0,,,,,,,,
961.0,5.0,353.0,257.0,961.0,4/19/2021,,515367.0,,,,,,,,
962.0,670.0,856.0,439.0,962.0,8/2/2023,,185065.0,,,,,,,,
963.0,840.0,388.0,25.0,963.0,2/14/2023,Sale,552705.0,,,,,,,,
964.0,654.0,779.0,184.0,964.0,7/24/2021,Rental,707797.0,,,,,,,,
965.0,220.0,901.0,960.0,965.0,8/27/2022,Sale,70658.0,,,,,,,,
966.0,365.0,224.0,3.0,966.0,10/23/2019,Rental,771604.0,,,,,,,,
967.0,455.0,301.0,935.0,967.0,3/13/2021,Rental,737229.0,,,,,,,,
968.0,188.0,201.0,120.0,968.0,12/12/2022,Rental,951375.0,,,,,,,,
969.0,893.0,687.0,953.0,969.0,7/15/2021,Sale,25899.0,,,,,,,,
970.0,240.0,391.0,545.0,970.0,6/9/2023,,905337.0,,,,,,,,
971.0,522.0,663.0,905.0,971.0,5/10/2021,Rental,935161.0,,,,,,,,
972.0,372.0,639.0,75.0,972.0,4/25/2022,Rental,618510.0,,,,,,,,
973.0,177.0,557.0,501.0,973.0,7/9/2023,Rental,,,,,,,,,
974.0,45.0,731.0,820.0,974.0,1/20/2021,Sale,735082.0,,,,,,,,
975.0,51.0,641.0,876.0,975.0,11/8/2021,Sale,180844.0,,,,,,,,
976.0,203.0,746.0,474.0,976.0,6/17/2022,,453878.0,,,,,,,,
977.0,782.0,582.0,969.0,977.0,5/17/2023,Rental,,,,,,,,,
978.0,68.0,254.0,482.0,978.0,10/25/2020,,662119.0,,,,,,,,
979.0,537.0,728.0,984.0,979.0,10/23/2022,,393204.0,,,,,,,,
980.0,805.0,10.0,429.0,980.0,4/4/2020,Sale,30489.0,,,,,,,,
981.0,175.0,941.0,852.0,981.0,1/25/2020,Rental,612335.0,,,,,,,,
982.0,158.0,90.0,696.0,982.0,10/21/2022,,88005.0,,,,,,,,
983.0,572.0,263.0,143.0,983.0,1/13/2020,Rental,,,,,,,,,
984.0,659.0,922.0,566.0,984.0,10/20/2021,,242466.0,,,,,,,,
985.0,973.0,275.0,872.0,985.0,9/8/2022,Rental,788523.0,,,,,,,,
986.0,96.0,225.0,266.0,986.0,9/18/2020,Sale,556458.0,,,,,,,,
987.0,361.0,558.0,349.0,987.0,4/20/2022,Sale,903336.0,,,,,,,,
988.0,663.0,511.0,128.0,988.0,12/17/2020,Sale,589225.0,,,,,,,,
989.0,107.0,861.0,302.0,989.0,6/21/2020,Rental,193865.0,,,,,,,,
990.0,520.0,743.0,26.0,990.0,10/12/2021,Rental,942198.0,,,,,,,,
991.0,49.0,622.0,867.0,991.0,4/12/2022,,275430.0,,,,,,,,
992.0,958.0,659.0,972.0,992.0,3/10/2021,Sale,103437.0,,,,,,,,
993.0,326.0,21.0,116.0,993.0,7/11/2021,Rental,414128.0,,,,,,,,
994.0,987.0,565.0,158.0,994.0,3/20/2019,Sale,448168.0,,,,,,,,
995.0,562.0,846.0,943.0,995.0,6/26/2020,Rental,,,,,,,,,
996.0,40.0,377.0,892.0,996.0,5/13/2020,Sale,516382.0,,,,,,,,
997.0,384.0,405.0,604.0,997.0,9/29/2022,Sale,72463.0,,,,,,,,
998.0,996.0,601.0,371.0,998.0,11/11/2019,Sale,285800.0,,,,,,,,
999.0,898.0,412.0,647.0,999.0,4/29/2021,Sale,179453.0,,,,,,,,
1000.0,137.0,92.0,743.0,1000.0,10/12/2020,,312480.0,,,,,,,,
1001.0,1003.0,1195.0,1069.0,1001.0,3/16/2024,Rental,134283.0,,,,,,,,
1002.0,1179.0,1105.0,1089.0,1002.0,12/1/2024,Rental,107482.0,,,,,,,,
1003.0,1147.0,1002.0,1033.0,1003.0,9/29/2024,Rental,264384.0,,,,,,,,
1004.0,1176.0,1050.0,1120.0,1004.0,8/19/2024,Sale,761401.0,,,,,,,,
1005.0,1142.0,1186.0,1142.0,1005.0,5/13/2024,Rental,104625.0,,,,,,,,
1006.0,1026.0,1079.0,1147.0,1006.0,12/4/2024,Sale,279157.0,,,,,,,,
1007.0,1008.0,1110.0,1197.0,1007.0,2/17/2024,Sale,57943.0,,,,,,,,
1008.0,1197.0,1009.0,1152.0,1008.0,2/18/2024,Rental,,,,,,,,,
1009.0,1131.0,1044.0,1052.0,1009.0,1/20/2024,Sale,749872.0,,,,,,,,
1010.0,1124.0,1065.0,1156.0,1010.0,9/15/2024,,401712.0,,,,,,,,
1011.0,1103.0,1146.0,1111.0,1011.0,6/17/2024,Rental,688462.0,,,,,,,,
1012.0,1141.0,1165.0,1062.0,1012.0,10/17/2024,Sale,113600.0,,,,,,,,
1013.0,1199.0,1109.0,1023.0,1013.0,10/9/2024,Rental,603996.0,,,,,,,,
1014.0,1188.0,1119.0,1084.0,1014.0,8/22/2024,Sale,264835.0,,,,,,,,
1015.0,1162.0,1102.0,1005.0,1015.0,6/26/2024,Rental,235916.0,,,,,,,,
1016.0,1046.0,1092.0,1159.0,1016.0,12/5/2024,Rental,459470.0,,,,,,,,
1017.0,1011.0,1088.0,1110.0,1017.0,10/20/2024,,902938.0,,,,,,,,
1018.0,1198.0,1167.0,1029.0,1018.0,11/2/2024,Sale,790550.0,,,,,,,,
1019.0,1135.0,1041.0,1170.0,1019.0,8/18/2024,Rental,155151.0,,,,,,,,
1020.0,1027.0,1025.0,1040.0,1020.0,6/8/2024,Sale,437716.0,,,,,,,,
1021.0,1039.0,1064.0,1012.0,1021.0,10/26/2024,Rental,828689.0,,,,,,,,
1022.0,1067.0,1189.0,1169.0,1022.0,10/7/2024,Sale,580666.0,,,,,,,,
1023.0,1098.0,1171.0,1158.0,1023.0,10/9/2024,Sale,749406.0,,,,,,,,
1024.0,1013.0,1089.0,1011.0,1024.0,8/10/2024,Rental,937254.0,,,,,,,,
1025.0,1035.0,1138.0,1166.0,1025.0,8/28/2024,Rental,492891.0,,,,,,,,
1026.0,1104.0,1116.0,1064.0,1026.0,5/24/2024,,804555.0,,,,,,,,
1027.0,1148.0,1083.0,1082.0,1027.0,6/12/2024,Sale,411315.0,,,,,,,,
1028.0,1065.0,1117.0,1132.0,1028.0,7/23/2024,,463521.0,,,,,,,,
1029.0,1002.0,1103.0,1053.0,1029.0,4/27/2024,Rental,146448.0,,,,,,,,
1030.0,1001.0,1125.0,1038.0,1030.0,8/28/2024,Sale,420258.0,,,,,,,,
1031.0,1177.0,1030.0,1091.0,1031.0,12/26/2024,Rental,733583.0,,,,,,,,
1032.0,1146.0,1149.0,1143.0,1032.0,12/10/2024,Rental,707005.0,,,,,,,,
1033.0,1127.0,1015.0,1031.0,1033.0,6/21/2024,Sale,964402.0,,,,,,,,
1034.0,1088.0,1078.0,1002.0,1034.0,1/26/2024,Sale,418136.0,,,,,,,,
1035.0,1137.0,1037.0,1180.0,1035.0,7/20/2024,,766482.0,,,,,,,,
1036.0,1012.0,1162.0,1150.0,1036.0,10/12/2024,Rental,381508.0,,,,,,,,
1037.0,1134.0,1099.0,1139.0,1037.0,8/12/2024,Rental,912826.0,,,,,,,,
1038.0,1160.0,1140.0,1047.0,1038.0,8/14/2024,Sale,277308.0,,,,,,,,
1039.0,1120.0,1141.0,1148.0,1039.0,1/23/2024,Sale,153255.0,,,,,,,,
1040.0,1107.0,1010.0,1058.0,1040.0,3/12/2024,Sale,257513.0,,,,,,,,
1041.0,1119.0,1200.0,1063.0,1041.0,7/20/2024,Rental,675611.0,,,,,,,,
1042.0,1034.0,1188.0,1041.0,1042.0,4/9/2024,Rental,462471.0,,,,,,,,
1043.0,1170.0,1026.0,1177.0,1043.0,12/11/2024,,,,,,,,,,
1044.0,1115.0,1023.0,1188.0,1044.0,9/14/2024,Sale,496697.0,,,,,,,,
1045.0,1192.0,1073.0,1181.0,1045.0,11/22/2024,Rental,290529.0,,,,,,,,
1046.0,1062.0,1147.0,1044.0,1046.0,5/22/2024,Sale,637329.0,,,,,,,,
1047.0,1086.0,1043.0,1137.0,1047.0,8/29/2024,Sale,984694.0,,,,,,,,
1048.0,1033.0,1193.0,1096.0,1048.0,1/14/2024,Rental,689234.0,,,,,,,,
1049.0,1189.0,1170.0,1036.0,1049.0,4/21/2024,Sale,448425.0,,,,,,,,
1050.0,1128.0,1058.0,1171.0,1050.0,11/11/2024,Rental,506182.0,,,,,,,,
1051.0,1167.0,1166.0,1124.0,1051.0,6/23/2024,Rental,901136.0,,,,,,,,
1052.0,1130.0,1077.0,1193.0,1052.0,3/27/2024,Rental,986857.0,,,,,,,,
1053.0,1187.0,1108.0,1071.0,1053.0,10/31/2024,Rental,917592.0,,,,,,,,
1054.0,1156.0,1019.0,1174.0,1054.0,4/10/2024,Sale,113331.0,,,,,,,,
1055.0,1096.0,1048.0,1199.0,1055.0,9/12/2024,Sale,417598.0,,,,,,,,
1056.0,1077.0,1182.0,1122.0,1056.0,6/26/2024,Rental,954437.0,,,,,,,,
1057.0,1074.0,1176.0,1102.0,1057.0,10/10/2024,Sale,123616.0,,,,,,,,
1058.0,1091.0,1156.0,1109.0,1058.0,10/6/2024,Rental,480009.0,,,,,,,,
1059.0,1180.0,1028.0,1135.0,1059.0,11/3/2024,Rental,414739.0,,,,,,,,
1060.0,1196.0,1093.0,1129.0,1060.0,7/6/2024,Sale,203602.0,,,,,,,,
1061.0,1139.0,1005.0,1042.0,1061.0,3/26/2024,,427337.0,,,,,,,,
1062.0,1106.0,1177.0,1051.0,1062.0,10/16/2024,Rental,537716.0,,,,,,,,
1063.0,1078.0,1016.0,1167.0,1063.0,11/27/2024,Sale,515684.0,,,,,,,,
1064.0,1126.0,1120.0,1116.0,1064.0,6/8/2024,Rental,958512.0,,,,,,,,
1065.0,1151.0,1055.0,1022.0,1065.0,5/4/2024,Rental,806917.0,,,,,,,,
1066.0,1145.0,1036.0,1161.0,1066.0,4/21/2024,Rental,36510.0,,,,,,,,
1067.0,1153.0,1051.0,1155.0,1067.0,11/11/2024,Sale,97819.0,,,,,,,,
1068.0,1055.0,1004.0,1020.0,1068.0,12/21/2024,,759010.0,,,,,,,,
1069.0,1095.0,1135.0,1004.0,1069.0,7/25/2024,,255915.0,,,,,,,,
1070.0,1071.0,1017.0,1001.0,1070.0,2/13/2024,Rental,597281.0,,,,,,,,
1071.0,1029.0,1003.0,1018.0,1071.0,10/30/2024,Rental,391600.0,,,,,,,,
1072.0,1060.0,1185.0,1133.0,1072.0,7/28/2024,Rental,196259.0,,,,,,,,
1073.0,1186.0,1190.0,1190.0,1073.0,11/19/2024,Sale,379602.0,,,,,,,,
1074.0,1005.0,1084.0,1034.0,1074.0,2/22/2024,Rental,560089.0,,,,,,,,
1075.0,1161.0,1067.0,1056.0,1075.0,10/2/2024,Rental,358684.0,,,,,,,,
1076.0,1080.0,1175.0,1105.0,1076.0,1/8/2024,Rental,521906.0,,,,,,,,
1077.0,1113.0,1076.0,1074.0,1077.0,4/25/2024,Rental,171978.0,,,,,,,,
1078.0,1174.0,1155.0,1115.0,1078.0,10/24/2024,,279925.0,,,,,,,,
1079.0,1173.0,1061.0,1093.0,1079.0,6/24/2024,Rental,40775.0,,,,,,,,
1080.0,1047.0,1126.0,1106.0,1080.0,7/6/2024,Sale,921496.0,,,,,,,,
1081.0,1066.0,1191.0,1138.0,1081.0,11/27/2024,Rental,,,,,,,,,
1082.0,1138.0,1144.0,1003.0,1082.0,7/12/2024,Sale,770124.0,,,,,,,,
1083.0,1090.0,1086.0,1157.0,1083.0,12/23/2024,Rental,963026.0,,,,,,,,
1084.0,1075.0,1047.0,1176.0,1084.0,12/10/2024,Sale,942153.0,,,,,,,,
1085.0,1185.0,1115.0,1151.0,1085.0,10/20/2024,Rental,735494.0,,,,,,,,
1086.0,1105.0,1027.0,1127.0,1086.0,6/26/2024,Sale,795450.0,,,,,,,,
1087.0,1114.0,1106.0,1163.0,1087.0,3/29/2024,,60833.0,,,,,,,,
1088.0,1193.0,1151.0,1101.0,1088.0,5/11/2024,Rental,383199.0,,,,,,,,
1089.0,1053.0,1087.0,1007.0,1089.0,8/4/2024,Sale,411193.0,,,,,,,,
1090.0,1169.0,1159.0,1060.0,1090.0,10/28/2024,Sale,754054.0,,,,,,,,
1091.0,1123.0,1129.0,1068.0,1091.0,4/16/2024,Rental,785815.0,,,,,,,,
1092.0,1082.0,1094.0,1192.0,1092.0,7/8/2024,,692157.0,,,,,,,,
1093.0,1057.0,1154.0,1178.0,1093.0,4/7/2024,Sale,845039.0,,,,,,,,
1094.0,1009.0,1008.0,1112.0,1094.0,11/4/2024,Rental,635411.0,,,,,,,,
1095.0,1166.0,1054.0,1184.0,1095.0,1/20/2024,Rental,477317.0,,,,,,,,
1096.0,1059.0,1097.0,1114.0,1096.0,5/21/2024,,682239.0,,,,,,,,
1097.0,1163.0,1049.0,1134.0,1097.0,1/10/2024,,367999.0,,,,,,,,
1098.0,1110.0,1142.0,1140.0,1098.0,5/11/2024,Sale,241457.0,,,,,,,,
1099.0,1044.0,1081.0,1131.0,1099.0,7/17/2024,Sale,373282.0,,,,,,,,
1100.0,1014.0,1101.0,1100.0,1100.0,7/25/2024,Rental,106263.0,,,,,,,,
1101.0,1157.0,1057.0,1175.0,1101.0,8/7/2024,Sale,362035.0,,,,,,,,
1102.0,1018.0,1062.0,1168.0,1102.0,11/12/2024,Rental,754249.0,,,,,,,,
1103.0,1168.0,1069.0,1187.0,1103.0,1/25/2024,Rental,982245.0,,,,,,,,
1104.0,1019.0,1161.0,1008.0,1104.0,6/23/2024,Sale,111666.0,,,,,,,,
1105.0,1028.0,1007.0,1076.0,1105.0,3/22/2024,,695418.0,,,,,,,,
1106.0,1050.0,1046.0,1191.0,1106.0,8/27/2024,Rental,917924.0,,,,,,,,
1107.0,1061.0,1104.0,1077.0,1107.0,11/13/2024,Sale,488457.0,,,,,,,,
1108.0,1007.0,1199.0,1154.0,1108.0,5/15/2024,,664737.0,,,,,,,,
1109.0,1172.0,1187.0,1186.0,1109.0,2/2/2024,Sale,786593.0,,,,,,,,
1110.0,1064.0,1107.0,1107.0,1110.0,4/24/2024,Sale,700956.0,,,,,,,,
1111.0,1048.0,1013.0,1035.0,1111.0,8/19/2024,Sale,964816.0,,,,,,,,
1112.0,1158.0,1001.0,1183.0,1112.0,8/4/2024,Rental,694102.0,,,,,,,,
1113.0,1191.0,1181.0,1055.0,1113.0,6/13/2024,Rental,485958.0,,,,,,,,
1114.0,1159.0,1020.0,1144.0,1114.0,2/26/2024,,649426.0,,,,,,,,
1115.0,1164.0,1060.0,1046.0,1115.0,7/15/2024,Rental,,,,,,,,,
1116.0,1101.0,1063.0,1162.0,1116.0,10/30/2024,Sale,205856.0,,,,,,,,
1117.0,1097.0,1180.0,1078.0,1117.0,11/21/2024,,446994.0,,,,,,,,
1118.0,1045.0,1143.0,1099.0,1118.0,7/6/2024,Sale,865515.0,,,,,,,,
1119.0,1042.0,1071.0,1173.0,1119.0,10/15/2024,Rental,121710.0,,,,,,,,
1120.0,1024.0,1123.0,1145.0,1120.0,8/9/2024,Rental,369877.0,,,,,,,,
1121.0,1073.0,1196.0,1010.0,1121.0,3/8/2024,Rental,667591.0,,,,,,,,
1122.0,1016.0,1139.0,1189.0,1122.0,4/3/2024,Rental,88858.0,,,,,,,,
1123.0,1133.0,1128.0,1048.0,1123.0,1/27/2024,Rental,210620.0,,,,,,,,
1124.0,1084.0,1022.0,1030.0,1124.0,8/23/2024,Rental,880683.0,,,,,,,,
1125.0,1030.0,1091.0,1006.0,1125.0,2/18/2024,Rental,227136.0,,,,,,,,
1126.0,1052.0,1018.0,1146.0,1126.0,8/7/2024,Rental,148534.0,,,,,,,,
1127.0,1102.0,1169.0,1118.0,1127.0,4/27/2024,Sale,618138.0,,,,,,,,
1128.0,1076.0,1014.0,1094.0,1128.0,4/29/2024,Rental,137007.0,,,,,,,,
1129.0,1043.0,1024.0,1054.0,1129.0,3/22/2024,Rental,992733.0,,,,,,,,
1130.0,1063.0,1011.0,1095.0,1130.0,11/10/2024,Sale,611126.0,,,,,,,,
1131.0,1122.0,1090.0,1067.0,1131.0,6/30/2024,Rental,459194.0,,,,,,,,
1132.0,1200.0,1074.0,1024.0,1132.0,11/29/2024,Rental,733671.0,,,,,,,,
1133.0,1083.0,1056.0,1123.0,1133.0,4/1/2024,Sale,966450.0,,,,,,,,
1134.0,1069.0,1095.0,1026.0,1134.0,2/26/2024,Sale,320852.0,,,,,,,,
1135.0,1132.0,1124.0,1196.0,1135.0,9/23/2024,Rental,453383.0,,,,,,,,
1136.0,1111.0,1032.0,1136.0,1136.0,9/4/2024,Rental,,,,,,,,,
1137.0,1004.0,1132.0,1125.0,1137.0,11/1/2024,Rental,628730.0,,,,,,,,
1138.0,1040.0,1179.0,1073.0,1138.0,1/13/2024,Rental,769761.0,,,,,,,,
1139.0,1015.0,1172.0,1014.0,1139.0,7/15/2024,Rental,476844.0,,,,,,,,
1140.0,1037.0,1100.0,1185.0,1140.0,12/11/2024,Sale,398939.0,,,,,,,,
1141.0,1021.0,1160.0,1050.0,1141.0,10/18/2024,Sale,764307.0,,,,,,,,
1142.0,1038.0,1153.0,1088.0,1142.0,2/21/2024,Rental,,,,,,,,,
1143.0,1140.0,1130.0,1195.0,1143.0,7/11/2024,,791964.0,,,,,,,,
1144.0,1072.0,1006.0,1021.0,1144.0,9/5/2024,Sale,102054.0,,,,,,,,
1145.0,1036.0,1164.0,1061.0,1145.0,6/25/2024,Sale,25027.0,,,,,,,,
1146.0,1068.0,1197.0,1194.0,1146.0,1/23/2024,Rental,761063.0,,,,,,,,
1147.0,1150.0,1198.0,1090.0,1147.0,4/18/2024,Sale,682974.0,,,,,,,,
1148.0,1031.0,1075.0,1013.0,1148.0,5/27/2024,Sale,931482.0,,,,,,,,
1149.0,1154.0,1033.0,1070.0,1149.0,7/14/2024,,,,,,,,,,
1150.0,1092.0,1111.0,1028.0,1150.0,12/21/2024,,408965.0,,,,,,,,
1151.0,1099.0,1038.0,1083.0,1151.0,9/22/2024,,514689.0,,,,,,,,
1152.0,1054.0,1035.0,1128.0,1152.0,1/6/2024,Rental,621054.0,,,,,,,,
1153.0,1136.0,1174.0,1025.0,1153.0,1/15/2024,Sale,371164.0,,,,,,,,
1154.0,1006.0,1192.0,1081.0,1154.0,6/16/2024,Rental,467611.0,,,,,,,,
1155.0,1094.0,1122.0,1113.0,1155.0,3/29/2024,Rental,853967.0,,,,,,,,
1156.0,1155.0,1053.0,1149.0,1156.0,8/5/2024,Sale,659172.0,,,,,,,,
1157.0,1017.0,1184.0,1160.0,1157.0,5/1/2024,Rental,975828.0,,,,,,,,
1158.0,1079.0,1114.0,1200.0,1158.0,11/21/2024,Sale,278914.0,,,,,,,,
1159.0,1081.0,1045.0,1117.0,1159.0,8/5/2024,Rental,843747.0,,,,,,,,
1160.0,1183.0,1082.0,1079.0,1160.0,12/10/2024,Rental,477747.0,,,,,,,,
1161.0,1112.0,1168.0,1080.0,1161.0,7/18/2024,Rental,854221.0,,,,,,,,
1162.0,1182.0,1040.0,1065.0,1162.0,11/17/2024,Rental,31440.0,,,,,,,,
1163.0,1089.0,1029.0,1016.0,1163.0,12/10/2024,Rental,596549.0,,,,,,,,
1164.0,1117.0,1012.0,1092.0,1164.0,7/18/2024,,952276.0,,,,,,,,
1165.0,1049.0,1150.0,1086.0,1165.0,4/15/2024,,980665.0,,,,,,,,
1166.0,1181.0,1163.0,1043.0,1166.0,9/27/2024,Rental,578612.0,,,,,,,,
1167.0,1041.0,1059.0,1172.0,1167.0,5/31/2024,,801544.0,,,,,,,,
1168.0,1056.0,1136.0,1165.0,1168.0,6/26/2024,Rental,862234.0,,,,,,,,
1169.0,1116.0,1072.0,1153.0,1169.0,9/29/2024,Rental,149901.0,,,,,,,,
1170.0,1118.0,1113.0,1164.0,1170.0,6/12/2024,Rental,407740.0,,,,,,,,
1171.0,1022.0,1133.0,1141.0,1171.0,4/30/2024,Sale,990868.0,,,,,,,,
1172.0,1025.0,1157.0,1072.0,1172.0,5/20/2024,Sale,240657.0,,,,,,,,
1173.0,1051.0,1137.0,1098.0,1173.0,7/14/2024,Sale,881620.0,,,,,,,,
1174.0,1020.0,1121.0,1027.0,1174.0,10/27/2024,,126446.0,,,,,,,,
1175.0,1121.0,1148.0,1121.0,1175.0,2/20/2024,Rental,314156.0,,,,,,,,
1176.0,1152.0,1052.0,1182.0,1176.0,3/2/2024,Sale,859187.0,,,,,,,,
1177.0,1058.0,1158.0,1066.0,1177.0,4/29/2024,Rental,696879.0,,,,,,,,
1178.0,1184.0,1183.0,1059.0,1178.0,3/19/2024,Rental,652494.0,,,,,,,,
1179.0,1032.0,1152.0,1130.0,1179.0,5/19/2024,Sale,292251.0,,,,,,,,
1180.0,1195.0,1173.0,1085.0,1180.0,3/4/2024,Rental,,,,,,,,,
1181.0,1129.0,1080.0,1049.0,1181.0,11/5/2024,Sale,,,,,,,,,
1182.0,1165.0,1085.0,1104.0,1182.0,11/30/2024,Sale,269186.0,,,,,,,,
1183.0,1070.0,1021.0,1108.0,1183.0,8/19/2024,Rental,,,,,,,,,
1184.0,1175.0,1072.0,1160.0,1184.0,9/10/2024,Sale,,,,,,,,,
1185.0,1023.0,1043.0,1149.0,1185.0,8/24/2024,Rental,987531.0,,,,,,,,
1186.0,1160.0,1175.0,1041.0,1186.0,5/22/2024,Rental,617811.0,,,,,,,,
1187.0,1171.0,1105.0,1047.0,1187.0,1/12/2024,,972456.0,,,,,,,,
1188.0,1125.0,1035.0,1132.0,1188.0,2/25/2024,Rental,,,,,,,,,
1189.0,1170.0,1178.0,1028.0,1189.0,7/21/2024,Rental,331180.0,,,,,,,,
1190.0,1129.0,1074.0,1122.0,1190.0,10/8/2024,Sale,869200.0,,,,,,,,
1191.0,1108.0,1011.0,1156.0,1191.0,9/23/2024,Sale,966021.0,,,,,,,,
1192.0,1175.0,1007.0,1107.0,1192.0,3/2/2024,,877065.0,,,,,,,,
1193.0,1098.0,1063.0,1005.0,1193.0,8/30/2024,,57479.0,,,,,,,,
1194.0,1115.0,1049.0,1083.0,1194.0,8/26/2024,Rental,387127.0,,,,,,,,
1195.0,1044.0,1025.0,1043.0,1195.0,1/16/2024,,764931.0,,,,,,,,
1196.0,1150.0,1103.0,1141.0,1196.0,12/28/2024,,858658.0,,,,,,,,
1197.0,1003.0,1153.0,1131.0,1197.0,6/25/2024,Sale,,,,,,,,,
1198.0,1065.0,1181.0,1189.0,1198.0,4/12/2024,,,,,,,,,,
1199.0,1152.0,1189.0,1155.0,1199.0,8/15/2024,Rental,,,,,,,,,
1200.0,1184.0,1002.0,1088.0,1200.0,11/4/2024,,246149.0,,,,,,,,
,,,,,,,,2.0,36.0,931.0,228.0,828.0,3/21/2019,error: undefined method `first' for nil:NilClass,758498.1
,,,,,,,,3.0,18.0,937.0,665.0,292.0,5/26/2019,error: undefined method `first' for nil:NilClass,493913.1
,,,,,,,,4.0,273.0,867.0,897.0,316.0,12/24/2022,error: undefined method `first' for nil:NilClass,782547.0
,,,,,,,,5.0,19.0,172.0,164.0,510.0,7/22/2023,error: undefined method `first' for nil:NilClass,253763.5
,,,,,,,,6.0,545.0,298.0,922.0,205.0,2/16/2023,error: undefined method `first' for nil:NilClass,329287.4
,,,,,,,,7.0,71.0,851.0,106.0,157.0,2/23/2022,error: undefined method `first' for nil:NilClass,652465.3
,,,,,,,,8.0,343.0,583.0,548.0,717.0,11/20/2022,error: undefined method `first' for nil:NilClass,473431.0
,,,,,,,,9.0,3.0,112.0,222.0,673.0,3/22/2022,error: undefined method `first' for nil:NilClass,270292.9
,,,,,,,,10.0,414.0,32.0,944.0,716.0,7/2/2021,error: undefined method `first' for nil:NilClass,674647.9
