rent_id,property_id,agreement_date,rent_start_date,rent_end_date,rent_amount,client_id,commission_id,contract_id,1,905,10/22/2021,4/1/2021,5/22/2027,1.1,989,190,255
1.0,171.0,2020-02-15,2020-04-18,2025-04-18,50604.0,193.0,846.0,1.0,,,,,,,,,
2.0,259.0,2020-01-05,2020-02-29,2021-02-28,49528.0,21.0,269.0,2.0,,,,,,,,,
3.0,210.0,2020-07-11,2020-10-01,2023-10-01,38420.0,765.0,791.0,3.0,,,,,,,,,
4.0,765.0,2021-04-08,2021-06-30,2024-06-30,27640.0,668.0,31.0,4.0,,,,,,,,,
5.0,546.0,2023-02-08,2023-05-25,2024-05-25,59525.0,941.0,743.0,5.0,,,,,,,,,
6.0,280.0,2024-04-20,2024-08-18,2029-08-18,66308.0,1000.0,730.0,6.0,,,,,,,,,
7.0,898.0,2023-09-29,2023-11-12,2027-11-12,58317.0,165.0,546.0,7.0,,,,,,,,,
8.0,647.0,2022-10-24,2022-12-10,2026-12-10,20098.0,274.0,644.0,8.0,,,,,,,,,
9.0,318.0,2019-12-14,2020-02-02,2024-02-02,18164.0,67.0,192.0,9.0,,,,,,,,,
10.0,662.0,2021-01-22,2021-04-30,2026-04-30,57592.0,990.0,762.0,10.0,,,,,,,,,
11.0,642.0,2019-09-29,2020-01-13,2022-01-13,44633.0,144.0,907.0,11.0,,,,,,,,,
12.0,309.0,2019-07-28,2019-11-04,2024-11-04,,503.0,282.0,12.0,,,,,,,,,
13.0,91.0,2021-08-06,2021-09-08,2025-09-08,51883.0,259.0,810.0,13.0,,,,,,,,,
14.0,115.0,2019-07-25,2019-11-19,2022-11-19,72455.0,731.0,469.0,14.0,,,,,,,,,
15.0,983.0,2022-08-15,2022-09-18,2026-09-18,58371.0,918.0,678.0,15.0,,,,,,,,,
16.0,28.0,2020-12-04,2021-01-05,2026-01-05,62570.0,225.0,450.0,16.0,,,,,,,,,
17.0,788.0,2020-09-27,2020-12-14,2023-12-14,28876.0,795.0,270.0,17.0,,,,,,,,,
18.0,396.0,2024-03-06,2024-05-02,2027-05-02,16716.0,555.0,740.0,18.0,,,,,,,,,
19.0,530.0,2022-07-05,2022-10-01,2027-10-01,26999.0,929.0,47.0,19.0,,,,,,,,,
20.0,989.0,2022-01-22,2022-03-19,2026-03-19,26068.0,83.0,847.0,20.0,,,,,,,,,
21.0,422.0,2024-02-20,2024-05-16,2026-05-16,68909.0,277.0,361.0,21.0,,,,,,,,,
22.0,366.0,2022-01-22,2022-02-27,2026-02-27,65626.0,12.0,557.0,22.0,,,,,,,,,
23.0,669.0,2019-06-15,2019-09-26,2022-09-26,32011.0,713.0,918.0,23.0,,,,,,,,,
24.0,125.0,2019-08-18,2019-11-02,2023-11-02,63268.0,558.0,318.0,24.0,,,,,,,,,
25.0,236.0,2019-05-23,2019-08-31,2022-08-31,71713.0,372.0,836.0,25.0,,,,,,,,,
26.0,92.0,2024-01-04,2024-04-22,2028-04-22,69425.0,987.0,368.0,26.0,,,,,,,,,
27.0,568.0,2020-10-04,2020-11-06,2023-11-06,61931.0,51.0,71.0,27.0,,,,,,,,,
28.0,921.0,2019-08-15,2019-10-08,2021-10-08,25241.0,329.0,687.0,28.0,,,,,,,,,
29.0,753.0,2022-03-12,2022-05-21,2027-05-21,71644.0,456.0,445.0,29.0,,,,,,,,,
30.0,683.0,2020-01-03,2020-03-27,2025-03-27,50889.0,781.0,6.0,30.0,,,,,,,,,
31.0,169.0,2022-02-13,2022-04-25,2025-04-25,65443.0,708.0,276.0,31.0,,,,,,,,,
32.0,564.0,2023-03-03,2023-06-04,2024-06-04,,463.0,587.0,32.0,,,,,,,,,
33.0,776.0,2021-04-01,2021-05-08,2023-05-08,38673.0,782.0,862.0,33.0,,,,,,,,,
34.0,472.0,2020-10-09,2020-11-21,2024-11-21,37417.0,176.0,998.0,34.0,,,,,,,,,
35.0,957.0,2019-11-11,2020-03-02,2023-03-02,,493.0,765.0,35.0,,,,,,,,,
36.0,596.0,2021-12-05,2022-03-02,2023-03-02,42835.0,458.0,616.0,36.0,,,,,,,,,
37.0,782.0,2023-02-08,2023-03-27,2024-03-27,23732.0,15.0,308.0,37.0,,,,,,,,,
38.0,719.0,2021-12-03,2022-01-08,2025-01-08,30353.0,824.0,505.0,38.0,,,,,,,,,
39.0,10.0,2022-09-16,2022-12-24,2026-12-24,,48.0,575.0,39.0,,,,,,,,,
40.0,19.0,2022-03-30,2022-05-03,2027-05-03,60205.0,691.0,818.0,40.0,,,,,,,,,
41.0,332.0,2022-02-08,2022-05-20,2025-05-20,,749.0,105.0,41.0,,,,,,,,,
42.0,920.0,2020-03-21,2020-05-01,2021-05-01,28770.0,341.0,388.0,42.0,,,,,,,,,
43.0,604.0,2023-06-19,2023-07-28,2026-07-28,51232.0,382.0,243.0,43.0,,,,,,,,,
44.0,198.0,2022-02-28,2022-06-25,2026-06-25,28583.0,696.0,956.0,44.0,,,,,,,,,
45.0,745.0,2023-02-07,2023-05-12,2024-05-12,46057.0,475.0,66.0,45.0,,,,,,,,,
46.0,406.0,2023-10-17,2023-12-30,2024-12-30,25787.0,974.0,462.0,46.0,,,,,,,,,
47.0,942.0,2019-11-05,2020-01-25,2021-01-25,61128.0,17.0,384.0,47.0,,,,,,,,,
48.0,373.0,2021-12-05,2022-02-27,2024-02-27,50448.0,726.0,534.0,48.0,,,,,,,,,
49.0,316.0,2019-09-28,2019-11-23,2024-11-23,36909.0,325.0,424.0,49.0,,,,,,,,,
50.0,329.0,2024-03-25,2024-05-03,2028-05-03,28130.0,197.0,882.0,50.0,,,,,,,,,
51.0,733.0,2022-09-15,2023-01-03,2024-01-03,40133.0,744.0,43.0,51.0,,,,,,,,,
52.0,638.0,2021-04-20,2021-08-07,2025-08-07,,575.0,817.0,52.0,,,,,,,,,
53.0,131.0,2024-05-04,2024-08-12,2026-08-12,51570.0,619.0,808.0,53.0,,,,,,,,,
54.0,987.0,2022-07-22,2022-10-25,2025-10-25,70197.0,791.0,988.0,54.0,,,,,,,,,
55.0,736.0,2023-03-15,2023-06-25,2028-06-25,36607.0,972.0,93.0,55.0,,,,,,,,,
56.0,407.0,2020-08-20,2020-12-01,2022-12-01,42355.0,801.0,684.0,56.0,,,,,,,,,
57.0,226.0,2019-07-09,2019-11-02,2021-11-02,54909.0,510.0,90.0,57.0,,,,,,,,,
58.0,892.0,2022-08-07,2022-10-29,2027-10-29,16496.0,427.0,1000.0,58.0,,,,,,,,,
59.0,918.0,2023-07-10,2023-09-07,2025-09-07,22043.0,597.0,382.0,59.0,,,,,,,,,
60.0,74.0,2024-02-27,2024-06-15,2025-06-15,60319.0,970.0,418.0,60.0,,,,,,,,,
61.0,242.0,2023-06-17,2023-08-20,2025-08-20,50693.0,253.0,612.0,61.0,,,,,,,,,
62.0,466.0,2023-12-23,2024-01-28,2029-01-28,47250.0,350.0,710.0,62.0,,,,,,,,,
63.0,991.0,2019-07-02,2019-08-03,2024-08-03,57245.0,417.0,825.0,63.0,,,,,,,,,
64.0,653.0,2020-07-08,2020-09-17,2023-09-17,53719.0,816.0,2.0,64.0,,,,,,,,,
65.0,698.0,2020-06-19,2020-09-03,2023-09-03,47264.0,661.0,642.0,65.0,,,,,,,,,
66.0,116.0,2021-07-28,2021-09-21,2022-09-21,72044.0,219.0,348.0,66.0,,,,,,,,,
67.0,799.0,2021-10-02,2022-01-25,2024-01-25,,224.0,863.0,67.0,,,,,,,,,
68.0,612.0,2022-10-27,2022-12-08,2025-12-08,67231.0,690.0,893.0,68.0,,,,,,,,,
69.0,168.0,2023-03-26,2023-05-18,2024-05-18,27165.0,851.0,578.0,69.0,,,,,,,,,
70.0,901.0,2019-11-09,2020-02-05,2021-02-05,67641.0,547.0,175.0,70.0,,,,,,,,,
71.0,66.0,2019-11-26,2020-01-22,2025-01-22,69958.0,908.0,387.0,71.0,,,,,,,,,
72.0,1.0,2022-09-20,2022-12-01,2027-12-01,67261.0,577.0,223.0,72.0,,,,,,,,,
73.0,191.0,2024-02-23,2024-06-06,2027-06-06,39056.0,613.0,165.0,73.0,,,,,,,,,
74.0,375.0,2023-04-03,2023-07-20,2024-07-20,46516.0,327.0,653.0,74.0,,,,,,,,,
75.0,215.0,2022-02-01,2022-04-24,2025-04-24,47188.0,352.0,140.0,75.0,,,,,,,,,
76.0,548.0,2022-02-14,2022-04-19,2026-04-19,22875.0,954.0,206.0,76.0,,,,,,,,,
77.0,712.0,2020-04-08,2020-06-28,2021-06-28,,936.0,504.0,77.0,,,,,,,,,
78.0,613.0,2020-09-04,2020-12-25,2021-12-25,27848.0,346.0,968.0,78.0,,,,,,,,,
79.0,467.0,2020-11-28,2021-01-07,2024-01-07,32761.0,315.0,479.0,79.0,,,,,,,,,
80.0,155.0,2023-04-22,2023-08-08,2027-08-08,68868.0,957.0,681.0,80.0,,,,,,,,,
81.0,716.0,2021-08-19,2021-11-28,2026-11-28,54711.0,940.0,772.0,81.0,,,,,,,,,
82.0,732.0,2020-12-29,2021-03-24,2022-03-24,,179.0,585.0,82.0,,,,,,,,,
83.0,919.0,2020-05-21,2020-08-14,2023-08-14,63426.0,632.0,719.0,83.0,,,,,,,,,
84.0,748.0,2019-10-06,2020-02-02,2023-02-02,59915.0,23.0,954.0,84.0,,,,,,,,,
85.0,428.0,2020-12-26,2021-03-21,2022-03-21,55353.0,326.0,786.0,85.0,,,,,,,,,
86.0,295.0,2024-01-03,2024-03-15,2026-03-15,27272.0,127.0,559.0,86.0,,,,,,,,,
87.0,378.0,2020-02-15,2020-04-18,2022-04-18,,258.0,739.0,87.0,,,,,,,,,
88.0,588.0,2024-01-21,2024-02-22,2029-02-22,55873.0,684.0,577.0,88.0,,,,,,,,,
89.0,232.0,2021-03-15,2021-05-24,2025-05-24,15118.0,70.0,338.0,89.0,,,,,,,,,
90.0,149.0,2020-09-12,2020-11-17,2024-11-17,39116.0,264.0,89.0,90.0,,,,,,,,,
91.0,174.0,2020-06-23,2020-08-25,2023-08-25,70044.0,90.0,242.0,91.0,,,,,,,,,
92.0,931.0,2023-09-30,2023-11-16,2025-11-16,66985.0,16.0,438.0,92.0,,,,,,,,,
93.0,595.0,2019-12-01,2020-02-29,2021-02-28,31257.0,353.0,540.0,93.0,,,,,,,,,
94.0,34.0,2022-01-22,2022-04-02,2027-04-02,19627.0,943.0,171.0,94.0,,,,,,,,,
95.0,106.0,2022-03-27,2022-05-31,2025-05-31,40307.0,682.0,302.0,95.0,,,,,,,,,
96.0,200.0,2024-02-07,2024-03-28,2029-03-28,70800.0,283.0,393.0,96.0,,,,,,,,,
97.0,399.0,2023-08-24,2023-10-13,2028-10-13,25429.0,603.0,240.0,97.0,,,,,,,,,
98.0,814.0,2024-03-16,2024-06-30,2026-06-30,70788.0,764.0,191.0,98.0,,,,,,,,,
99.0,754.0,2020-07-26,2020-09-19,2025-09-19,57406.0,857.0,364.0,99.0,,,,,,,,,
100.0,952.0,2023-11-11,2024-02-06,2029-02-06,64236.0,935.0,638.0,100.0,,,,,,,,,
101.0,514.0,2019-07-21,2019-10-28,2022-10-28,70325.0,856.0,558.0,101.0,,,,,,,,,
102.0,827.0,2024-01-05,2024-05-04,2027-05-04,70274.0,241.0,497.0,102.0,,,,,,,,,
103.0,591.0,2022-06-02,2022-10-01,2025-10-01,74507.0,270.0,771.0,103.0,,,,,,,,,
104.0,37.0,2020-12-10,2021-02-02,2022-02-02,39905.0,587.0,489.0,104.0,,,,,,,,,
105.0,774.0,2021-09-26,2021-11-11,2025-11-11,17288.0,139.0,32.0,105.0,,,,,,,,,
106.0,832.0,2023-04-23,2023-07-18,2028-07-18,18484.0,33.0,727.0,106.0,,,,,,,,,
107.0,12.0,2023-02-09,2023-05-18,2025-05-18,72806.0,664.0,953.0,107.0,,,,,,,,,
108.0,160.0,2020-04-15,2020-05-22,2025-05-22,46925.0,633.0,98.0,108.0,,,,,,,,,
109.0,881.0,2020-06-20,2020-08-25,2022-08-25,68658.0,416.0,683.0,109.0,,,,,,,,,
110.0,182.0,2022-11-22,2023-02-22,2026-02-22,37768.0,657.0,729.0,110.0,,,,,,,,,
111.0,201.0,2024-03-25,2024-07-14,2027-07-14,64108.0,9.0,458.0,111.0,,,,,,,,,
112.0,297.0,2020-05-08,2020-06-16,2021-06-16,40725.0,580.0,46.0,112.0,,,,,,,,,
113.0,458.0,2021-06-30,2021-08-26,2022-08-26,25200.0,94.0,123.0,113.0,,,,,,,,,
114.0,368.0,2023-06-20,2023-10-16,2024-10-16,33865.0,513.0,923.0,114.0,,,,,,,,,
115.0,883.0,2022-01-15,2022-05-05,2023-05-05,36992.0,651.0,731.0,115.0,,,,,,,,,
116.0,257.0,2020-06-25,2020-09-17,2022-09-17,33501.0,71.0,790.0,116.0,,,,,,,,,
117.0,628.0,2022-07-14,2022-08-16,2025-08-16,16275.0,553.0,720.0,117.0,,,,,,,,,
118.0,951.0,2019-12-13,2020-02-07,2024-02-07,56176.0,374.0,119.0,118.0,,,,,,,,,
119.0,100.0,2021-10-07,2021-12-26,2026-12-26,21606.0,753.0,690.0,119.0,,,,,,,,,
120.0,72.0,2023-04-26,2023-06-14,2026-06-14,68293.0,953.0,686.0,120.0,,,,,,,,,
121.0,445.0,2020-04-18,2020-07-05,2025-07-05,61874.0,745.0,133.0,121.0,,,,,,,,,
122.0,452.0,2021-08-09,2021-10-04,2024-10-04,60710.0,278.0,721.0,122.0,,,,,,,,,
123.0,202.0,2022-02-02,2022-04-16,2023-04-16,48038.0,528.0,501.0,123.0,,,,,,,,,
124.0,786.0,2021-10-26,2022-01-23,2027-01-23,49542.0,743.0,317.0,124.0,,,,,,,,,
125.0,537.0,2021-12-10,2022-03-03,2027-03-03,52096.0,287.0,181.0,125.0,,,,,,,,,
126.0,156.0,2019-08-02,2019-10-28,2020-10-28,,570.0,238.0,126.0,,,,,,,,,
127.0,659.0,2020-07-18,2020-10-11,2021-10-11,16543.0,511.0,897.0,127.0,,,,,,,,,
128.0,960.0,2023-11-10,2024-02-16,2028-02-16,,509.0,571.0,128.0,,,,,,,,,
129.0,336.0,2022-06-30,2022-08-13,2027-08-13,29989.0,336.0,696.0,129.0,,,,,,,,,
130.0,234.0,2019-06-21,2019-10-17,2022-10-17,37356.0,93.0,570.0,130.0,,,,,,,,,
131.0,685.0,2024-01-19,2024-03-25,2028-03-25,38471.0,444.0,435.0,131.0,,,,,,,,,
132.0,940.0,2022-04-25,2022-08-03,2026-08-03,20438.0,736.0,509.0,132.0,,,,,,,,,
133.0,81.0,2021-09-14,2022-01-13,2026-01-13,68794.0,968.0,676.0,133.0,,,,,,,,,
134.0,667.0,2020-08-05,2020-10-01,2023-10-01,43204.0,49.0,42.0,134.0,,,,,,,,,
135.0,838.0,2020-10-31,2021-02-25,2023-02-25,46183.0,732.0,623.0,135.0,,,,,,,,,
136.0,11.0,2020-03-23,2020-06-16,2024-06-16,59945.0,671.0,802.0,136.0,,,,,,,,,
137.0,607.0,2021-10-13,2021-12-26,2024-12-26,71375.0,252.0,231.0,137.0,,,,,,,,,
138.0,416.0,2022-02-17,2022-05-05,2027-05-05,68745.0,858.0,694.0,138.0,,,,,,,,,
139.0,62.0,2022-01-12,2022-04-17,2024-04-17,57561.0,492.0,218.0,139.0,,,,,,,,,
140.0,780.0,2023-08-28,2023-10-30,2026-10-30,21872.0,955.0,961.0,140.0,,,,,,,,,
141.0,405.0,2020-08-17,2020-11-13,2025-11-13,38006.0,754.0,516.0,141.0,,,,,,,,,
142.0,665.0,2019-10-24,2019-11-30,2024-11-30,65496.0,576.0,167.0,142.0,,,,,,,,,
143.0,138.0,2022-02-28,2022-06-08,2024-06-08,38917.0,524.0,355.0,143.0,,,,,,,,,
144.0,240.0,2021-04-26,2021-06-05,2026-06-05,32596.0,282.0,116.0,144.0,,,,,,,,,
145.0,592.0,2020-11-08,2020-12-28,2021-12-28,17880.0,869.0,18.0,145.0,,,,,,,,,
146.0,777.0,2021-04-29,2021-07-14,2022-07-14,,885.0,230.0,146.0,,,,,,,,,
147.0,608.0,2020-04-08,2020-07-15,2025-07-15,20279.0,181.0,379.0,147.0,,,,,,,,,
148.0,35.0,2020-08-16,2020-10-25,2022-10-25,41645.0,213.0,360.0,148.0,,,,,,,,,
149.0,474.0,2020-02-19,2020-06-20,2025-06-20,69983.0,785.0,40.0,149.0,,,,,,,,,
150.0,529.0,2022-08-29,2022-10-05,2025-10-05,40261.0,408.0,702.0,150.0,,,,,,,,,
151.0,857.0,2024-03-18,2024-06-22,2027-06-22,53415.0,476.0,63.0,151.0,,,,,,,,,
152.0,465.0,2020-10-15,2021-02-07,2023-02-07,53884.0,893.0,158.0,152.0,,,,,,,,,
153.0,468.0,2020-02-10,2020-04-15,2024-04-15,54913.0,643.0,426.0,153.0,,,,,,,,,
154.0,704.0,2020-09-29,2021-01-06,2026-01-06,65817.0,913.0,748.0,154.0,,,,,,,,,
155.0,500.0,2024-01-09,2024-04-23,2025-04-23,27434.0,711.0,593.0,155.0,,,,,,,,,
156.0,829.0,2023-05-09,2023-08-26,2024-08-26,40029.0,689.0,898.0,156.0,,,,,,,,,
157.0,833.0,2020-08-09,2020-11-12,2024-11-12,46864.0,912.0,37.0,157.0,,,,,,,,,
158.0,687.0,2020-11-18,2021-01-19,2023-01-19,63124.0,992.0,543.0,158.0,,,,,,,,,
159.0,150.0,2019-09-30,2020-01-15,2024-01-15,22757.0,863.0,414.0,159.0,,,,,,,,,
160.0,522.0,2024-02-05,2024-04-08,2027-04-08,39723.0,593.0,137.0,160.0,,,,,,,,,
161.0,344.0,2021-02-10,2021-06-04,2024-06-04,45884.0,756.0,480.0,161.0,,,,,,,,,
162.0,414.0,2023-11-26,2024-01-13,2028-01-13,19264.0,667.0,95.0,162.0,,,,,,,,,
163.0,803.0,2020-05-26,2020-06-30,2023-06-30,18438.0,41.0,943.0,163.0,,,,,,,,,
164.0,417.0,2021-03-14,2021-04-27,2026-04-27,44569.0,916.0,455.0,164.0,,,,,,,,,
165.0,481.0,2023-11-10,2024-02-24,2027-02-24,36855.0,789.0,357.0,165.0,,,,,,,,,
166.0,94.0,2020-09-22,2020-11-23,2025-11-23,67397.0,946.0,225.0,166.0,,,,,,,,,
167.0,14.0,2020-12-10,2021-03-31,2025-03-31,39320.0,8.0,945.0,167.0,,,,,,,,,
168.0,976.0,2020-08-13,2020-11-17,2024-11-17,,256.0,580.0,168.0,,,,,,,,,
169.0,461.0,2023-07-20,2023-11-16,2025-11-16,27798.0,975.0,814.0,169.0,,,,,,,,,
170.0,354.0,2021-06-18,2021-08-21,2024-08-21,57594.0,874.0,319.0,170.0,,,,,,,,,
171.0,109.0,2019-05-13,2019-06-24,2023-06-24,34323.0,266.0,649.0,171.0,,,,,,,,,
172.0,725.0,2020-12-14,2021-02-28,2026-02-28,34743.0,810.0,405.0,172.0,,,,,,,,,
173.0,42.0,2022-08-25,2022-11-09,2024-11-09,32463.0,471.0,560.0,173.0,,,,,,,,,
174.0,996.0,2023-08-25,2023-09-30,2027-09-30,70647.0,665.0,185.0,174.0,,,,,,,,,
175.0,148.0,2019-11-11,2019-12-23,2023-12-23,15216.0,969.0,216.0,175.0,,,,,,,,,
176.0,945.0,2020-03-14,2020-06-25,2021-06-25,60642.0,389.0,735.0,176.0,,,,,,,,,
177.0,977.0,2023-11-06,2023-12-13,2026-12-13,20258.0,615.0,852.0,177.0,,,,,,,,,
178.0,795.0,2020-06-30,2020-09-10,2023-09-10,43952.0,100.0,110.0,178.0,,,,,,,,,
179.0,696.0,2020-04-03,2020-07-19,2024-07-19,59617.0,507.0,994.0,179.0,,,,,,,,,
180.0,791.0,2023-09-18,2024-01-16,2028-01-16,64554.0,872.0,526.0,180.0,,,,,,,,,
181.0,195.0,2020-11-14,2021-02-25,2025-02-25,62315.0,780.0,486.0,181.0,,,,,,,,,
182.0,969.0,2024-02-26,2024-04-10,2026-04-10,,87.0,503.0,182.0,,,,,,,,,
183.0,241.0,2023-10-09,2023-11-29,2024-11-29,43412.0,236.0,436.0,183.0,,,,,,,,,
184.0,844.0,2023-02-27,2023-06-03,2026-06-03,47790.0,428.0,149.0,184.0,,,,,,,,,
185.0,760.0,2023-08-01,2023-09-19,2024-09-19,26720.0,485.0,236.0,185.0,,,,,,,,,
186.0,199.0,2020-12-25,2021-02-01,2022-02-01,43838.0,910.0,655.0,186.0,,,,,,,,,
187.0,678.0,2020-05-20,2020-06-27,2023-06-27,18522.0,361.0,717.0,187.0,,,,,,,,,
188.0,798.0,2023-06-07,2023-08-22,2026-08-22,53397.0,994.0,648.0,188.0,,,,,,,,,
189.0,758.0,2022-06-16,2022-08-19,2026-08-19,38169.0,243.0,421.0,189.0,,,,,,,,,
190.0,877.0,2022-09-20,2022-12-23,2027-12-23,69982.0,398.0,369.0,190.0,,,,,,,,,
191.0,360.0,2019-09-21,2019-12-20,2020-12-20,40696.0,431.0,622.0,191.0,,,,,,,,,
192.0,573.0,2021-03-24,2021-07-11,2022-07-11,40238.0,653.0,57.0,192.0,,,,,,,,,
193.0,319.0,2020-08-06,2020-10-01,2022-10-01,20858.0,734.0,890.0,193.0,,,,,,,,,
194.0,616.0,2020-11-14,2021-01-22,2022-01-22,46351.0,68.0,280.0,194.0,,,,,,,,,
195.0,205.0,2021-01-01,2021-04-21,2023-04-21,37383.0,644.0,304.0,195.0,,,,,,,,,
196.0,177.0,2019-10-13,2019-12-09,2021-12-09,17345.0,84.0,180.0,196.0,,,,,,,,,
197.0,621.0,2023-06-26,2023-09-21,2024-09-21,62769.0,981.0,265.0,197.0,,,,,,,,,
198.0,186.0,2022-08-25,2022-12-20,2025-12-20,33175.0,899.0,530.0,198.0,,,,,,,,,
199.0,408.0,2019-09-07,2019-12-20,2023-12-20,23988.0,889.0,80.0,199.0,,,,,,,,,
200.0,962.0,2023-05-20,2023-08-10,2027-08-10,38620.0,523.0,176.0,200.0,,,,,,,,,
201.0,404.0,2024-02-07,2024-03-14,2028-03-14,66428.0,57.0,449.0,201.0,,,,,,,,,
202.0,562.0,2022-04-26,2022-08-20,2023-08-20,67281.0,724.0,832.0,202.0,,,,,,,,,
203.0,936.0,2020-03-25,2020-06-05,2023-06-05,55059.0,39.0,522.0,203.0,,,,,,,,,
204.0,271.0,2020-01-30,2020-04-19,2023-04-19,44291.0,588.0,936.0,204.0,,,,,,,,,
205.0,640.0,2020-01-10,2020-04-06,2022-04-06,20294.0,52.0,952.0,205.0,,,,,,,,,
206.0,747.0,2022-07-02,2022-10-20,2023-10-20,46398.0,911.0,188.0,206.0,,,,,,,,,
207.0,630.0,2022-11-19,2023-03-03,2028-03-03,29605.0,98.0,285.0,207.0,,,,,,,,,
208.0,87.0,2021-12-24,2022-04-06,2024-04-06,29934.0,676.0,198.0,208.0,,,,,,,,,
209.0,334.0,2020-08-21,2020-10-03,2022-10-03,59532.0,335.0,196.0,209.0,,,,,,,,,
210.0,483.0,2023-07-08,2023-08-26,2026-08-26,62814.0,859.0,114.0,210.0,,,,,,,,,
211.0,917.0,2021-05-23,2021-08-30,2023-08-30,69802.0,385.0,773.0,211.0,,,,,,,,,
212.0,544.0,2020-11-05,2021-01-29,2023-01-29,70122.0,865.0,519.0,212.0,,,,,,,,,
213.0,238.0,2021-02-28,2021-04-30,2024-04-30,44454.0,293.0,349.0,213.0,,,,,,,,,
214.0,323.0,2023-02-11,2023-06-01,2026-06-01,66827.0,230.0,972.0,214.0,,,,,,,,,
215.0,306.0,2022-06-18,2022-08-16,2027-08-16,50572.0,984.0,337.0,215.0,,,,,,,,,
216.0,85.0,2020-05-08,2020-06-19,2025-06-19,22092.0,366.0,536.0,216.0,,,,,,,,,
217.0,228.0,2020-07-30,2020-09-06,2023-09-06,29046.0,244.0,333.0,217.0,,,,,,,,,
218.0,773.0,2022-01-05,2022-05-02,2024-05-02,38729.0,198.0,101.0,218.0,,,,,,,,,
219.0,953.0,2019-12-29,2020-02-06,2022-02-06,24696.0,838.0,823.0,219.0,,,,,,,,,
220.0,819.0,2020-04-02,2020-07-02,2021-07-02,50859.0,850.0,910.0,220.0,,,,,,,,,
221.0,558.0,2020-08-27,2020-10-20,2025-10-20,62520.0,457.0,36.0,221.0,,,,,,,,,
222.0,394.0,2019-03-14,2019-05-25,2023-05-25,16829.0,601.0,474.0,222.0,,,,,,,,,
223.0,303.0,2023-06-22,2023-09-25,2026-09-25,62353.0,989.0,41.0,223.0,,,,,,,,,
224.0,143.0,2023-11-19,2024-02-26,2029-02-26,30606.0,339.0,657.0,224.0,,,,,,,,,
225.0,352.0,2023-08-07,2023-11-21,2028-11-21,27168.0,747.0,272.0,225.0,,,,,,,,,
226.0,166.0,2021-05-15,2021-07-26,2023-07-26,43383.0,770.0,195.0,226.0,,,,,,,,,
227.0,891.0,2020-06-13,2020-09-01,2025-09-01,37403.0,586.0,248.0,227.0,,,,,,,,,
228.0,941.0,2022-08-17,2022-11-13,2025-11-13,28987.0,978.0,217.0,228.0,,,,,,,,,
229.0,31.0,2020-07-30,2020-10-07,2025-10-07,24233.0,700.0,467.0,229.0,,,,,,,,,
230.0,351.0,2020-08-21,2020-10-12,2022-10-12,48183.0,871.0,913.0,230.0,,,,,,,,,
231.0,657.0,2022-03-01,2022-04-30,2026-04-30,,418.0,711.0,231.0,,,,,,,,,
232.0,666.0,2021-12-19,2022-02-06,2027-02-06,68089.0,404.0,960.0,232.0,,,,,,,,,
233.0,697.0,2020-12-16,2021-01-31,2023-01-31,47364.0,229.0,247.0,233.0,,,,,,,,,
234.0,287.0,2019-10-15,2019-11-21,2020-11-21,40846.0,150.0,250.0,234.0,,,,,,,,,
235.0,864.0,2021-01-15,2021-04-24,2025-04-24,44079.0,741.0,634.0,235.0,,,,,,,,,
236.0,372.0,2023-09-25,2023-12-10,2025-12-10,71015.0,737.0,971.0,236.0,,,,,,,,,
237.0,134.0,2022-07-13,2022-10-22,2024-10-22,21165.0,890.0,440.0,237.0,,,,,,,,,
238.0,749.0,2023-02-20,2023-04-20,2025-04-20,49955.0,118.0,603.0,238.0,,,,,,,,,
239.0,311.0,2021-09-14,2021-12-15,2023-12-15,22198.0,518.0,314.0,239.0,,,,,,,,,
240.0,899.0,2024-03-17,2024-05-13,2028-05-13,42042.0,257.0,281.0,240.0,,,,,,,,,
241.0,425.0,2021-03-20,2021-05-21,2023-05-21,70996.0,650.0,812.0,241.0,,,,,,,,,
242.0,33.0,2020-06-05,2020-08-10,2024-08-10,69112.0,572.0,906.0,242.0,,,,,,,,,
243.0,714.0,2020-10-31,2020-12-23,2024-12-23,60415.0,410.0,502.0,243.0,,,,,,,,,
244.0,651.0,2021-11-20,2022-01-08,2026-01-08,49372.0,591.0,88.0,244.0,,,,,,,,,
245.0,676.0,2021-08-08,2021-10-22,2024-10-22,46429.0,115.0,70.0,245.0,,,,,,,,,
246.0,985.0,2024-03-09,2024-06-04,2028-06-04,40583.0,742.0,698.0,246.0,,,,,,,,,
247.0,865.0,2023-07-08,2023-09-05,2026-09-05,16226.0,199.0,613.0,247.0,,,,,,,,,
248.0,470.0,2021-05-31,2021-09-04,2025-09-04,40889.0,214.0,626.0,248.0,,,,,,,,,
249.0,23.0,2022-03-13,2022-05-11,2026-05-11,34651.0,294.0,10.0,249.0,,,,,,,,,
250.0,491.0,2024-03-09,2024-07-03,2026-07-03,15497.0,639.0,115.0,250.0,,,,,,,,,
251.0,333.0,2022-12-11,2023-03-26,2027-03-26,42861.0,105.0,572.0,251.0,,,,,,,,,
252.0,992.0,2020-06-19,2020-07-21,2024-07-21,34022.0,799.0,552.0,252.0,,,,,,,,,
253.0,752.0,2023-10-10,2024-01-14,2027-01-14,21511.0,995.0,380.0,253.0,,,,,,,,,
254.0,692.0,2019-09-19,2019-12-08,2022-12-08,31537.0,773.0,747.0,254.0,,,,,,,,,
255.0,412.0,2022-05-10,2022-08-18,2024-08-18,,720.0,978.0,255.0,,,,,,,,,
256.0,835.0,2019-09-27,2019-12-22,2022-12-22,32775.0,594.0,880.0,256.0,,,,,,,,,
257.0,30.0,2021-03-16,2021-05-24,2022-05-24,32998.0,498.0,491.0,257.0,,,,,,,,,
258.0,444.0,2022-06-15,2022-08-14,2026-08-14,56136.0,775.0,205.0,258.0,,,,,,,,,
259.0,105.0,2021-01-18,2021-03-31,2023-03-31,38186.0,794.0,886.0,259.0,,,,,,,,,
260.0,849.0,2021-05-06,2021-06-16,2022-06-16,54920.0,490.0,214.0,260.0,,,,,,,,,
261.0,330.0,2023-12-23,2024-04-22,2029-04-22,,261.0,659.0,261.0,,,,,,,,,
262.0,421.0,2023-02-16,2023-04-14,2026-04-14,56780.0,62.0,326.0,262.0,,,,,,,,,
263.0,615.0,2021-01-23,2021-04-21,2025-04-21,35317.0,860.0,22.0,263.0,,,,,,,,,
264.0,614.0,2022-07-22,2022-10-20,2027-10-20,67613.0,102.0,303.0,264.0,,,,,,,,,
265.0,196.0,2022-04-13,2022-07-22,2023-07-22,,191.0,950.0,265.0,,,,,,,,,
266.0,18.0,2020-06-14,2020-09-06,2022-09-06,33164.0,370.0,50.0,266.0,,,,,,,,,
267.0,49.0,2022-02-28,2022-04-06,2027-04-06,35777.0,145.0,456.0,267.0,,,,,,,,,
268.0,71.0,2019-07-27,2019-11-12,2020-11-12,57898.0,401.0,933.0,268.0,,,,,,,,,
269.0,446.0,2023-04-08,2023-06-08,2026-06-08,65012.0,797.0,930.0,269.0,,,,,,,,,
270.0,363.0,2019-09-08,2019-12-12,2023-12-12,45114.0,140.0,665.0,270.0,,,,,,,,,
271.0,869.0,2024-01-05,2024-02-26,2025-02-26,47076.0,919.0,127.0,271.0,,,,,,,,,
272.0,839.0,2021-01-22,2021-04-28,2025-04-28,45812.0,40.0,768.0,272.0,,,,,,,,,
273.0,245.0,2020-03-29,2020-05-18,2021-05-18,22627.0,699.0,932.0,273.0,,,,,,,,,
274.0,326.0,2023-01-28,2023-03-24,2025-03-24,68229.0,932.0,871.0,274.0,,,,,,,,,
275.0,217.0,2024-02-26,2024-04-09,2027-04-09,51110.0,800.0,916.0,275.0,,,,,,,,,
276.0,611.0,2022-12-30,2023-04-01,2026-04-01,34356.0,698.0,902.0,276.0,,,,,,,,,
277.0,826.0,2021-11-05,2021-12-25,2025-12-25,55187.0,849.0,112.0,277.0,,,,,,,,,
278.0,999.0,2023-01-26,2023-04-16,2026-04-16,68542.0,334.0,513.0,278.0,,,,,,,,,
279.0,569.0,2019-12-03,2020-03-24,2023-03-24,41031.0,590.0,15.0,279.0,,,,,,,,,
280.0,851.0,2022-11-16,2023-01-15,2026-01-15,67533.0,220.0,967.0,280.0,,,,,,,,,
281.0,76.0,2020-05-22,2020-09-03,2021-09-03,48057.0,892.0,353.0,281.0,,,,,,,,,
282.0,845.0,2022-09-22,2022-12-22,2024-12-22,15086.0,186.0,86.0,282.0,,,,,,,,,
283.0,113.0,2023-11-17,2024-01-15,2025-01-15,32146.0,72.0,194.0,283.0,,,,,,,,,
284.0,541.0,2021-04-22,2021-05-29,2022-05-29,43555.0,712.0,989.0,284.0,,,,,,,,,
285.0,886.0,2023-10-13,2024-02-12,2025-02-12,28877.0,716.0,439.0,285.0,,,,,,,,,
286.0,129.0,2022-08-12,2022-10-07,2023-10-07,73345.0,637.0,946.0,286.0,,,,,,,,,
287.0,180.0,2020-02-29,2020-05-06,2025-05-06,30874.0,999.0,461.0,287.0,,,,,,,,,
288.0,821.0,2019-09-19,2019-10-24,2021-10-24,,862.0,305.0,288.0,,,,,,,,,
289.0,519.0,2021-01-03,2021-03-12,2024-03-12,,402.0,640.0,289.0,,,,,,,,,
290.0,553.0,2022-03-27,2022-07-17,2024-07-17,60840.0,446.0,669.0,290.0,,,,,,,,,
291.0,853.0,2023-02-10,2023-03-28,2025-03-28,18745.0,170.0,256.0,291.0,,,,,,,,,
292.0,597.0,2021-12-11,2022-03-30,2026-03-30,36613.0,296.0,210.0,292.0,,,,,,,,,
293.0,762.0,2023-04-20,2023-07-09,2025-07-09,69197.0,162.0,471.0,293.0,,,,,,,,,
294.0,367.0,2022-10-15,2022-12-12,2026-12-12,72465.0,32.0,749.0,294.0,,,,,,,,,
295.0,944.0,2022-06-11,2022-09-13,2025-09-13,65747.0,310.0,561.0,295.0,,,,,,,,,
296.0,783.0,2021-05-22,2021-09-05,2025-09-05,74512.0,300.0,178.0,296.0,,,,,,,,,
297.0,298.0,2023-10-21,2024-01-29,2026-01-29,20622.0,409.0,25.0,297.0,,,,,,,,,
298.0,967.0,2019-10-12,2019-12-01,2022-12-01,49961.0,669.0,74.0,298.0,,,,,,,,,
299.0,151.0,2021-08-10,2021-09-13,2024-09-13,50922.0,119.0,726.0,299.0,,,,,,,,,
300.0,808.0,2023-05-11,2023-06-29,2028-06-29,,114.0,221.0,300.0,,,,,,,,,
301.0,688.0,2020-03-06,2020-06-11,2023-06-11,57838.0,423.0,121.0,301.0,,,,,,,,,
302.0,54.0,2024-03-26,2024-07-07,2029-07-07,26366.0,986.0,477.0,302.0,,,,,,,,,
303.0,455.0,2021-07-16,2021-11-11,2024-11-11,60253.0,567.0,911.0,303.0,,,,,,,,,
304.0,387.0,2020-05-20,2020-07-31,2025-07-31,15196.0,172.0,917.0,304.0,,,,,,,,,
305.0,101.0,2023-03-13,2023-04-28,2028-04-28,67101.0,520.0,617.0,305.0,,,,,,,,,
306.0,510.0,2020-08-07,2020-11-02,2024-11-02,41608.0,28.0,262.0,306.0,,,,,,,,,
307.0,442.0,2022-11-29,2023-03-03,2025-03-03,33404.0,687.0,26.0,307.0,,,,,,,,,
308.0,769.0,2021-08-21,2021-11-30,2024-11-30,16084.0,499.0,803.0,308.0,,,,,,,,,
309.0,84.0,2020-01-30,2020-05-06,2022-05-06,70065.0,787.0,227.0,309.0,,,,,,,,,
310.0,532.0,2020-06-03,2020-07-28,2022-07-28,65747.0,331.0,884.0,310.0,,,,,,,,,
311.0,995.0,2021-03-12,2021-04-25,2022-04-25,62255.0,831.0,283.0,311.0,,,,,,,,,
312.0,304.0,2020-06-23,2020-09-24,2022-09-24,15118.0,640.0,274.0,312.0,,,,,,,,,
313.0,560.0,2022-10-06,2023-01-10,2028-01-10,73062.0,314.0,976.0,313.0,,,,,,,,,
314.0,231.0,2022-11-21,2023-01-25,2027-01-25,17825.0,473.0,842.0,314.0,,,,,,,,,
315.0,858.0,2022-03-16,2022-04-25,2027-04-25,37487.0,143.0,172.0,315.0,,,,,,,,,
316.0,894.0,2021-05-03,2021-06-25,2024-06-25,68053.0,945.0,779.0,316.0,,,,,,,,,
317.0,914.0,2023-05-18,2023-08-31,2026-08-31,57066.0,717.0,582.0,317.0,,,,,,,,,
318.0,690.0,2021-01-28,2021-05-22,2024-05-22,35601.0,391.0,738.0,318.0,,,,,,,,,
319.0,385.0,2022-08-13,2022-10-26,2024-10-26,56434.0,923.0,96.0,319.0,,,,,,,,,
320.0,284.0,2020-07-19,2020-10-07,2023-10-07,,670.0,588.0,320.0,,,,,,,,,
321.0,971.0,2022-04-07,2022-08-07,2024-08-07,70253.0,187.0,753.0,321.0,,,,,,,,,
322.0,570.0,2020-09-13,2020-12-16,2021-12-16,31028.0,82.0,999.0,322.0,,,,,,,,,
323.0,763.0,2023-11-07,2024-02-06,2028-02-06,27096.0,728.0,164.0,323.0,,,,,,,,,
324.0,887.0,2021-03-19,2021-07-16,2024-07-16,56091.0,367.0,920.0,324.0,,,,,,,,,
325.0,270.0,2024-01-13,2024-02-25,2028-02-25,52238.0,80.0,997.0,325.0,,,,,,,,,
326.0,625.0,2020-11-16,2020-12-25,2023-12-25,35051.0,151.0,733.0,326.0,,,,,,,,,
327.0,315.0,2024-01-12,2024-04-04,2027-04-04,46756.0,322.0,60.0,327.0,,,,,,,,,
328.0,966.0,2023-05-28,2023-08-29,2027-08-29,71550.0,75.0,707.0,328.0,,,,,,,,,
329.0,293.0,2020-09-02,2020-11-24,2024-11-24,31597.0,604.0,977.0,329.0,,,,,,,,,
330.0,254.0,2021-07-09,2021-11-03,2025-11-03,15237.0,674.0,447.0,330.0,,,,,,,,,
331.0,677.0,2019-08-24,2019-10-01,2023-10-01,65086.0,125.0,908.0,331.0,,,,,,,,,
332.0,789.0,2021-10-17,2022-02-15,2026-02-15,70438.0,581.0,677.0,332.0,,,,,,,,,
333.0,645.0,2024-04-09,2024-07-21,2025-07-21,19596.0,922.0,381.0,333.0,,,,,,,,,
334.0,489.0,2019-11-25,2020-01-24,2024-01-24,61698.0,531.0,92.0,334.0,,,,,,,,,
335.0,277.0,2023-01-12,2023-03-08,2028-03-08,64344.0,533.0,619.0,335.0,,,,,,,,,
336.0,828.0,2023-06-21,2023-09-15,2024-09-15,,998.0,454.0,336.0,,,,,,,,,
337.0,80.0,2024-02-06,2024-06-07,2025-06-07,27182.0,947.0,597.0,337.0,,,,,,,,,
338.0,107.0,2020-09-14,2020-12-18,2024-12-18,25004.0,867.0,5.0,338.0,,,,,,,,,
339.0,350.0,2022-08-17,2022-10-09,2023-10-09,70577.0,351.0,83.0,339.0,,,,,,,,,
340.0,523.0,2022-06-23,2022-09-17,2027-09-17,29168.0,171.0,544.0,340.0,,,,,,,,,
341.0,274.0,2020-11-01,2020-12-10,2024-12-10,26347.0,768.0,992.0,341.0,,,,,,,,,
342.0,734.0,2021-03-09,2021-06-30,2024-06-30,40883.0,412.0,511.0,342.0,,,,,,,,,
343.0,701.0,2021-02-24,2021-04-17,2023-04-17,20768.0,245.0,312.0,343.0,,,,,,,,,
344.0,870.0,2019-07-23,2019-09-04,2021-09-04,19026.0,617.0,466.0,344.0,,,,,,,,,
345.0,494.0,2024-04-23,2024-08-10,2026-08-10,,589.0,61.0,345.0,,,,,,,,,
346.0,97.0,2024-04-07,2024-05-08,2026-05-08,53049.0,263.0,138.0,346.0,,,,,,,,,
347.0,958.0,2024-04-16,2024-08-05,2026-08-05,,189.0,645.0,347.0,,,,,,,,,
348.0,418.0,2021-09-24,2022-01-13,2025-01-13,52976.0,491.0,811.0,348.0,,,,,,,,,
349.0,834.0,2020-10-16,2021-01-31,2023-01-31,47970.0,526.0,858.0,349.0,,,,,,,,,
350.0,159.0,2022-02-21,2022-06-14,2023-06-14,51672.0,330.0,550.0,350.0,,,,,,,,,
351.0,750.0,2024-01-25,2024-03-15,2025-03-15,40169.0,634.0,376.0,351.0,,,,,,,,,
352.0,744.0,2022-12-08,2023-02-11,2024-02-11,59608.0,210.0,775.0,352.0,,,,,,,,,
353.0,117.0,2019-09-06,2019-10-24,2020-10-24,21115.0,599.0,922.0,353.0,,,,,,,,,
354.0,880.0,2020-02-12,2020-05-16,2021-05-16,34173.0,184.0,161.0,354.0,,,,,,,,,
355.0,889.0,2022-08-07,2022-11-27,2023-11-27,43811.0,226.0,87.0,355.0,,,,,,,,,
356.0,401.0,2022-01-30,2022-05-14,2025-05-14,57285.0,10.0,81.0,356.0,,,,,,,,,
357.0,135.0,2019-12-07,2020-03-15,2023-03-15,28381.0,265.0,375.0,357.0,,,,,,,,,
358.0,487.0,2023-09-10,2023-12-10,2026-12-10,56684.0,521.0,905.0,358.0,,,,,,,,,
359.0,984.0,2021-04-10,2021-08-01,2022-08-01,38414.0,227.0,65.0,359.0,,,,,,,,,
360.0,846.0,2019-10-14,2019-12-10,2022-12-10,,111.0,948.0,360.0,,,,,,,,,
361.0,79.0,2023-10-08,2024-01-31,2028-01-31,29988.0,895.0,154.0,361.0,,,,,,,,,
362.0,636.0,2024-06-19,2024-10-17,2025-10-17,48494.0,192.0,766.0,362.0,,,,,,,,,
363.0,380.0,2023-08-04,2023-11-07,2027-11-07,54231.0,648.0,800.0,363.0,,,,,,,,,
364.0,222.0,2019-11-12,2020-03-02,2021-03-02,66279.0,449.0,688.0,364.0,,,,,,,,,
365.0,868.0,2023-11-11,2023-12-21,2026-12-21,58298.0,388.0,500.0,365.0,,,,,,,,,
366.0,705.0,2022-05-13,2022-07-26,2027-07-26,22824.0,333.0,229.0,366.0,,,,,,,,,
367.0,347.0,2019-07-07,2019-10-10,2022-10-10,71775.0,827.0,370.0,367.0,,,,,,,,,
368.0,53.0,2020-12-09,2021-02-03,2022-02-03,25517.0,828.0,564.0,368.0,,,,,,,,,
369.0,633.0,2020-01-07,2020-05-01,2022-05-01,27828.0,360.0,284.0,369.0,,,,,,,,,
370.0,727.0,2021-09-28,2022-01-26,2023-01-26,38694.0,167.0,402.0,370.0,,,,,,,,,
371.0,114.0,2022-12-14,2023-03-11,2026-03-11,47672.0,146.0,652.0,371.0,,,,,,,,,
372.0,29.0,2023-05-18,2023-07-04,2025-07-04,25859.0,508.0,59.0,372.0,,,,,,,,,
373.0,450.0,2021-02-14,2021-05-24,2025-05-24,40203.0,152.0,113.0,373.0,,,,,,,,,
374.0,699.0,2020-11-23,2021-01-19,2023-01-19,64134.0,517.0,805.0,374.0,,,,,,,,,
375.0,469.0,2023-06-09,2023-09-29,2024-09-29,27482.0,678.0,658.0,375.0,,,,,,,,,
376.0,565.0,2021-08-24,2021-12-18,2023-12-18,20324.0,779.0,966.0,376.0,,,,,,,,,
377.0,502.0,2023-10-10,2023-12-31,2026-12-31,57035.0,363.0,428.0,377.0,,,,,,,,,
378.0,813.0,2023-02-17,2023-04-18,2025-04-18,66130.0,620.0,266.0,378.0,,,,,,,,,
379.0,511.0,2021-08-27,2021-12-22,2022-12-22,64027.0,608.0,362.0,379.0,,,,,,,,,
380.0,480.0,2022-06-23,2022-09-11,2024-09-11,37661.0,925.0,448.0,380.0,,,,,,,,,
381.0,545.0,2023-07-15,2023-08-19,2024-08-19,44671.0,944.0,556.0,381.0,,,,,,,,,
382.0,686.0,2020-10-30,2020-12-14,2023-12-14,38661.0,154.0,297.0,382.0,,,,,,,,,
383.0,424.0,2020-06-29,2020-10-19,2025-10-19,24987.0,655.0,660.0,383.0,,,,,,,,,
384.0,2.0,2019-10-30,2020-02-23,2023-02-23,51247.0,762.0,271.0,384.0,,,,,,,,,
385.0,123.0,2019-10-02,2019-11-29,2020-11-29,21825.0,7.0,496.0,385.0,,,,,,,,,
386.0,811.0,2022-08-28,2022-10-25,2025-10-25,37386.0,792.0,444.0,386.0,,,,,,,,,
387.0,276.0,2022-11-11,2022-12-12,2026-12-12,,649.0,129.0,387.0,,,,,,,,,
388.0,526.0,2019-11-15,2020-02-16,2022-02-16,34598.0,124.0,190.0,388.0,,,,,,,,,
389.0,551.0,2019-09-30,2020-01-22,2025-01-22,53883.0,306.0,482.0,389.0,,,,,,,,,
390.0,863.0,2022-06-27,2022-08-01,2027-08-01,42613.0,134.0,335.0,390.0,,,,,,,,,
391.0,430.0,2021-09-08,2021-11-16,2026-11-16,54646.0,861.0,404.0,391.0,,,,,,,,,
392.0,882.0,2022-02-15,2022-06-12,2023-06-12,27051.0,578.0,3.0,392.0,,,,,,,,,
393.0,721.0,2024-05-19,2024-08-26,2028-08-26,73219.0,207.0,672.0,393.0,,,,,,,,,
394.0,884.0,2020-08-17,2020-10-29,2021-10-29,,621.0,425.0,394.0,,,,,,,,,
395.0,191.0,2023-11-23,2024-02-16,2028-02-16,67971.0,99.0,38.0,395.0,,,,,,,,,
396.0,816.0,2021-03-25,2021-07-03,2026-07-03,54122.0,29.0,85.0,396.0,,,,,,,,,
397.0,600.0,2020-10-08,2020-12-14,2023-12-14,17569.0,175.0,566.0,397.0,,,,,,,,,
398.0,154.0,2023-04-03,2023-05-11,2026-05-11,53730.0,751.0,53.0,398.0,,,,,,,,,
399.0,856.0,2021-03-31,2021-05-28,2022-05-28,64333.0,158.0,975.0,399.0,,,,,,,,,
400.0,99.0,2022-12-06,2023-02-27,2025-02-27,61287.0,584.0,58.0,400.0,,,,,,,,,
401.0,32.0,2021-04-12,2021-07-30,2022-07-30,,480.0,430.0,401.0,,,,,,,,,
402.0,857.0,2024-03-18,2024-04-30,2028-04-30,62586.0,132.0,916.0,402.0,,,,,,,,,
403.0,160.0,2020-04-15,2020-06-14,2021-06-14,42818.0,647.0,468.0,403.0,,,,,,,,,
404.0,479.0,2023-11-28,2024-02-22,2025-02-22,42631.0,109.0,823.0,404.0,,,,,,,,,
405.0,999.0,2023-03-26,2023-07-09,2025-07-09,27425.0,853.0,677.0,405.0,,,,,,,,,
406.0,669.0,2019-09-15,2019-12-01,2022-12-01,20791.0,895.0,459.0,406.0,,,,,,,,,
407.0,313.0,2020-11-10,2021-02-12,2026-02-12,59817.0,922.0,425.0,407.0,,,,,,,,,
408.0,616.0,2020-07-14,2020-10-13,2025-10-13,60465.0,278.0,723.0,408.0,,,,,,,,,
409.0,55.0,2022-11-25,2023-01-15,2026-01-15,37028.0,662.0,338.0,409.0,,,,,,,,,
410.0,234.0,2019-10-21,2019-12-19,2024-12-19,63719.0,586.0,976.0,410.0,,,,,,,,,
411.0,412.0,2022-06-10,2022-10-03,2025-10-03,15739.0,829.0,667.0,411.0,,,,,,,,,
412.0,404.0,2024-06-07,2024-09-30,2027-09-30,54127.0,374.0,388.0,412.0,,,,,,,,,
413.0,272.0,2020-12-02,2021-03-15,2023-03-15,44659.0,238.0,894.0,413.0,,,,,,,,,
414.0,345.0,2020-06-02,2020-08-06,2023-08-06,71188.0,884.0,973.0,414.0,,,,,,,,,
415.0,37.0,2020-09-10,2020-12-15,2021-12-15,42384.0,83.0,318.0,415.0,,,,,,,,,
416.0,640.0,2020-01-10,2020-03-29,2023-03-29,24998.0,336.0,608.0,416.0,,,,,,,,,
417.0,471.0,2021-11-06,2022-01-28,2025-01-28,35325.0,800.0,534.0,417.0,,,,,,,,,
418.0,843.0,2021-04-03,2021-06-29,2024-06-29,,146.0,40.0,418.0,,,,,,,,,
419.0,11.0,2020-04-23,2020-08-08,2023-08-08,45543.0,110.0,105.0,419.0,,,,,,,,,
420.0,383.0,2020-08-05,2020-11-12,2023-11-12,39275.0,254.0,883.0,420.0,,,,,,,,,
421.0,598.0,2021-10-16,2022-01-25,2023-01-25,67395.0,72.0,182.0,421.0,,,,,,,,,
422.0,631.0,2019-09-07,2019-12-19,2021-12-19,21901.0,48.0,743.0,422.0,,,,,,,,,
423.0,488.0,2021-05-12,2021-06-24,2022-06-24,17685.0,627.0,213.0,423.0,,,,,,,,,
424.0,820.0,2023-02-04,2023-04-11,2028-04-11,45406.0,521.0,596.0,424.0,,,,,,,,,
425.0,802.0,2022-06-09,2022-07-10,2023-07-10,27343.0,739.0,671.0,425.0,,,,,,,,,
426.0,296.0,2019-11-05,2019-12-08,2020-12-08,41276.0,768.0,176.0,426.0,,,,,,,,,
427.0,964.0,2019-09-20,2019-12-06,2023-12-06,38673.0,817.0,281.0,427.0,,,,,,,,,
428.0,344.0,2021-04-10,2021-07-28,2023-07-28,,268.0,814.0,428.0,,,,,,,,,
429.0,641.0,2022-01-28,2022-05-14,2027-05-14,47701.0,125.0,953.0,429.0,,,,,,,,,
430.0,854.0,2021-09-04,2021-12-16,2025-12-16,58092.0,352.0,597.0,430.0,,,,,,,,,
431.0,780.0,2023-12-28,2024-04-25,2027-04-25,24300.0,866.0,656.0,431.0,,,,,,,,,
432.0,550.0,2020-06-02,2020-07-25,2022-07-25,70348.0,89.0,941.0,432.0,,,,,,,,,
433.0,20.0,2020-02-21,2020-05-26,2021-05-26,38763.0,522.0,618.0,433.0,,,,,,,,,
434.0,796.0,2021-05-28,2021-07-27,2024-07-27,73193.0,212.0,820.0,434.0,,,,,,,,,
435.0,478.0,2021-02-07,2021-05-18,2024-05-18,51087.0,950.0,452.0,435.0,,,,,,,,,
436.0,836.0,2022-06-02,2022-09-27,2024-09-27,68293.0,828.0,724.0,436.0,,,,,,,,,
437.0,64.0,2020-05-24,2020-08-04,2022-08-04,65724.0,554.0,16.0,437.0,,,,,,,,,
438.0,710.0,2020-01-04,2020-03-23,2021-03-23,74181.0,428.0,233.0,438.0,,,,,,,,,
439.0,275.0,2020-06-09,2020-09-13,2024-09-13,41581.0,182.0,8.0,439.0,,,,,,,,,
440.0,947.0,2022-04-13,2022-06-23,2025-06-23,64997.0,604.0,515.0,440.0,,,,,,,,,
441.0,524.0,2019-05-17,2019-09-06,2022-09-06,60955.0,709.0,383.0,441.0,,,,,,,,,
442.0,195.0,2020-09-14,2020-11-18,2024-11-18,26613.0,419.0,701.0,442.0,,,,,,,,,
443.0,447.0,2020-10-10,2021-01-02,2022-01-02,35432.0,414.0,609.0,443.0,,,,,,,,,
444.0,86.0,2021-09-17,2021-12-26,2026-12-26,23596.0,725.0,136.0,444.0,,,,,,,,,
445.0,847.0,2020-12-31,2021-02-28,2026-02-28,31373.0,472.0,106.0,445.0,,,,,,,,,
446.0,626.0,2022-12-06,2023-03-31,2025-03-31,20255.0,386.0,918.0,446.0,,,,,,,,,
447.0,31.0,2020-05-30,2020-08-16,2024-08-16,38250.0,251.0,328.0,447.0,,,,,,,,,
448.0,225.0,2021-07-13,2021-09-02,2024-09-02,,318.0,124.0,448.0,,,,,,,,,
449.0,592.0,2020-11-08,2021-01-04,2026-01-04,62032.0,598.0,42.0,449.0,,,,,,,,,
450.0,867.0,2023-02-18,2023-05-17,2024-05-17,74660.0,1.0,57.0,450.0,,,,,,,,,
451.0,724.0,2019-12-08,2020-02-12,2024-02-12,51036.0,678.0,839.0,451.0,,,,,,,,,
452.0,5.0,2020-02-17,2020-05-22,2023-05-22,33643.0,792.0,715.0,452.0,,,,,,,,,
453.0,668.0,2023-03-02,2023-04-26,2024-04-26,65109.0,315.0,620.0,453.0,,,,,,,,,
454.0,287.0,2020-02-15,2020-03-25,2025-03-25,51287.0,893.0,1000.0,454.0,,,,,,,,,
455.0,156.0,2019-07-02,2019-10-29,2024-10-29,48927.0,462.0,283.0,455.0,,,,,,,,,
456.0,116.0,2021-03-28,2021-07-20,2025-07-20,30991.0,686.0,758.0,456.0,,,,,,,,,
457.0,828.0,2023-05-21,2023-08-06,2028-08-06,27864.0,938.0,440.0,457.0,,,,,,,,,
458.0,917.0,2021-07-23,2021-10-01,2024-10-01,,932.0,634.0,458.0,,,,,,,,,
459.0,146.0,2020-02-15,2020-04-15,2021-04-15,74402.0,799.0,669.0,459.0,,,,,,,,,
460.0,544.0,2021-03-05,2021-06-15,2026-06-15,57995.0,31.0,189.0,460.0,,,,,,,,,
461.0,483.0,2023-06-08,2023-07-24,2024-07-24,72815.0,912.0,870.0,461.0,,,,,,,,,
462.0,932.0,2020-06-29,2020-10-12,2022-10-12,63044.0,155.0,342.0,462.0,,,,,,,,,
463.0,691.0,2019-10-08,2019-12-15,2024-12-15,36611.0,8.0,30.0,463.0,,,,,,,,,
464.0,175.0,2021-08-29,2021-11-01,2024-11-01,29545.0,615.0,278.0,464.0,,,,,,,,,
465.0,449.0,2021-07-14,2021-11-13,2026-11-13,41165.0,289.0,331.0,465.0,,,,,,,,,
466.0,825.0,2023-05-04,2023-07-18,2025-07-18,67406.0,176.0,209.0,466.0,,,,,,,,,
467.0,806.0,2022-04-15,2022-06-12,2027-06-12,55688.0,657.0,862.0,467.0,,,,,,,,,
468.0,406.0,2023-10-17,2023-11-30,2024-11-30,43914.0,973.0,755.0,468.0,,,,,,,,,
469.0,461.0,2023-07-20,2023-08-30,2027-08-30,30386.0,241.0,640.0,469.0,,,,,,,,,
470.0,149.0,2020-05-12,2020-08-14,2024-08-14,68798.0,148.0,844.0,470.0,,,,,,,,,
471.0,977.0,2024-02-06,2024-04-25,2028-04-25,40527.0,223.0,531.0,471.0,,,,,,,,,
472.0,482.0,2019-12-25,2020-02-14,2021-02-14,52730.0,341.0,232.0,472.0,,,,,,,,,
473.0,420.0,2020-03-11,2020-05-29,2022-05-29,65331.0,517.0,242.0,473.0,,,,,,,,,
474.0,487.0,2023-11-10,2024-01-06,2025-01-06,65687.0,754.0,760.0,474.0,,,,,,,,,
475.0,121.0,2022-12-23,2023-02-11,2026-02-11,59921.0,361.0,558.0,475.0,,,,,,,,,
476.0,83.0,2022-03-04,2022-06-10,2024-06-10,52513.0,169.0,563.0,476.0,,,,,,,,,
477.0,566.0,2020-01-14,2020-03-07,2022-03-07,30068.0,825.0,77.0,477.0,,,,,,,,,
478.0,182.0,2022-12-22,2023-02-23,2028-02-23,48028.0,250.0,752.0,478.0,,,,,,,,,
479.0,886.0,2023-11-13,2024-02-17,2025-02-17,33713.0,883.0,621.0,479.0,,,,,,,,,
480.0,502.0,2024-02-10,2024-04-20,2026-04-20,27935.0,890.0,716.0,480.0,,,,,,,,,
481.0,671.0,2020-06-03,2020-08-24,2022-08-24,41639.0,731.0,133.0,481.0,,,,,,,,,
482.0,243.0,2020-11-26,2021-03-26,2023-03-26,20379.0,184.0,764.0,482.0,,,,,,,,,
483.0,708.0,2022-02-11,2022-03-23,2026-03-23,59084.0,924.0,673.0,483.0,,,,,,,,,
484.0,519.0,2020-11-03,2020-12-16,2021-12-16,19833.0,70.0,971.0,484.0,,,,,,,,,
485.0,940.0,2022-03-25,2022-05-22,2025-05-22,42294.0,644.0,445.0,485.0,,,,,,,,,
486.0,68.0,2019-09-23,2019-12-29,2023-12-29,29296.0,135.0,276.0,486.0,,,,,,,,,
487.0,120.0,2020-11-28,2021-01-07,2023-01-07,57792.0,573.0,809.0,487.0,,,,,,,,,
488.0,508.0,2023-04-13,2023-07-27,2024-07-27,28692.0,358.0,333.0,488.0,,,,,,,,,
489.0,528.0,2019-07-11,2019-08-17,2022-08-17,39170.0,673.0,380.0,489.0,,,,,,,,,
490.0,812.0,2022-09-02,2022-11-10,2024-11-10,35337.0,649.0,157.0,490.0,,,,,,,,,
491.0,242.0,2023-05-17,2023-07-03,2028-07-03,59968.0,989.0,298.0,491.0,,,,,,,,,
492.0,921.0,2019-09-15,2019-12-07,2023-12-07,40400.0,267.0,594.0,492.0,,,,,,,,,
493.0,17.0,2023-03-29,2023-06-20,2024-06-20,63312.0,587.0,680.0,493.0,,,,,,,,,
494.0,186.0,2022-09-25,2023-01-09,2025-01-09,57578.0,591.0,393.0,494.0,,,,,,,,,
495.0,497.0,2020-10-02,2020-12-16,2023-12-16,27489.0,245.0,74.0,495.0,,,,,,,,,
496.0,200.0,2024-03-07,2024-04-28,2027-04-28,44871.0,52.0,93.0,496.0,,,,,,,,,
497.0,835.0,2019-07-27,2019-11-13,2023-11-13,56191.0,367.0,200.0,497.0,,,,,,,,,
498.0,107.0,2020-08-14,2020-10-02,2025-10-02,41114.0,349.0,319.0,498.0,,,,,,,,,
499.0,543.0,2024-03-19,2024-05-22,2027-05-22,54561.0,408.0,867.0,499.0,,,,,,,,,
500.0,167.0,2019-08-21,2019-10-07,2023-10-07,54020.0,821.0,731.0,500.0,,,,,,,,,
501.0,338.0,2024-04-04,2024-06-20,2026-06-20,60123.0,88.0,84.0,501.0,,,,,,,,,
502.0,162.0,2022-04-08,2022-06-30,2026-06-30,53631.0,747.0,113.0,502.0,,,,,,,,,
503.0,787.0,2021-10-04,2022-01-13,2024-01-13,48731.0,216.0,372.0,503.0,,,,,,,,,
504.0,322.0,2023-10-13,2023-12-12,2025-12-12,15111.0,684.0,146.0,504.0,,,,,,,,,
505.0,804.0,2024-04-07,2024-08-03,2027-08-03,18973.0,793.0,499.0,505.0,,,,,,,,,
506.0,756.0,2024-05-21,2024-07-30,2026-07-30,42973.0,701.0,502.0,506.0,,,,,,,,,
507.0,933.0,2020-03-17,2020-05-02,2024-05-02,61128.0,978.0,572.0,507.0,,,,,,,,,
508.0,69.0,2022-07-30,2022-09-25,2025-09-25,28536.0,530.0,68.0,508.0,,,,,,,,,
509.0,863.0,2022-05-27,2022-07-08,2025-07-08,31677.0,60.0,583.0,509.0,,,,,,,,,
510.0,251.0,2021-12-24,2022-01-25,2027-01-25,41528.0,334.0,622.0,510.0,,,,,,,,,
511.0,82.0,2022-10-19,2023-01-21,2026-01-21,28160.0,36.0,347.0,511.0,,,,,,,,,
512.0,206.0,2019-09-08,2019-12-18,2021-12-18,35260.0,751.0,674.0,512.0,,,,,,,,,
513.0,111.0,2019-09-01,2019-12-15,2022-12-15,67450.0,985.0,888.0,513.0,,,,,,,,,
514.0,792.0,2020-07-19,2020-09-13,2022-09-13,15624.0,507.0,683.0,514.0,,,,,,,,,
515.0,852.0,2023-06-06,2023-10-06,2024-10-06,37722.0,622.0,691.0,515.0,,,,,,,,,
516.0,194.0,2019-06-27,2019-08-06,2024-08-06,69012.0,779.0,419.0,516.0,,,,,,,,,
517.0,732.0,2020-11-29,2021-01-20,2026-01-20,50226.0,244.0,416.0,517.0,,,,,,,,,
518.0,101.0,2023-02-13,2023-04-15,2028-04-15,43700.0,682.0,429.0,518.0,,,,,,,,,
519.0,751.0,2023-03-13,2023-05-31,2024-05-31,31228.0,889.0,101.0,519.0,,,,,,,,,
520.0,630.0,2022-12-19,2023-04-16,2028-04-16,15202.0,159.0,337.0,520.0,,,,,,,,,
521.0,973.0,2023-11-20,2024-03-15,2025-03-15,48341.0,261.0,315.0,521.0,,,,,,,,,
522.0,750.0,2024-03-25,2024-06-14,2025-06-14,61408.0,401.0,76.0,522.0,,,,,,,,,
523.0,318.0,2019-11-14,2020-02-29,2024-02-29,50762.0,24.0,171.0,523.0,,,,,,,,,
524.0,980.0,2019-11-10,2019-12-24,2021-12-24,41272.0,483.0,525.0,524.0,,,,,,,,,
525.0,62.0,2022-01-12,2022-05-08,2023-05-08,31365.0,626.0,371.0,525.0,,,,,,,,,
526.0,57.0,2023-12-30,2024-03-25,2026-03-25,51530.0,94.0,598.0,526.0,,,,,,,,,
527.0,692.0,2019-12-19,2020-03-28,2022-03-28,39674.0,819.0,147.0,527.0,,,,,,,,,
528.0,360.0,2019-09-21,2020-01-09,2023-01-09,26860.0,687.0,849.0,528.0,,,,,,,,,
529.0,434.0,2021-01-27,2021-03-09,2026-03-09,61399.0,580.0,719.0,529.0,,,,,,,,,
530.0,984.0,2021-05-10,2021-06-30,2023-06-30,28808.0,783.0,178.0,530.0,,,,,,,,,
531.0,611.0,2023-04-30,2023-08-22,2027-08-22,36676.0,395.0,963.0,531.0,,,,,,,,,
532.0,93.0,2023-01-22,2023-04-15,2027-04-15,58745.0,392.0,297.0,532.0,,,,,,,,,
533.0,848.0,2023-06-20,2023-10-14,2025-10-14,37422.0,826.0,790.0,533.0,,,,,,,,,
534.0,221.0,2023-06-09,2023-09-10,2025-09-10,19177.0,565.0,684.0,534.0,,,,,,,,,
535.0,29.0,2023-09-18,2023-11-25,2027-11-25,36826.0,504.0,889.0,535.0,,,,,,,,,
536.0,779.0,2022-03-30,2022-07-03,2024-07-03,47233.0,981.0,431.0,536.0,,,,,,,,,
537.0,743.0,2022-10-15,2022-12-07,2023-12-07,31742.0,491.0,262.0,537.0,,,,,,,,,
538.0,394.0,2019-04-14,2019-06-01,2021-06-01,,455.0,476.0,538.0,,,,,,,,,
539.0,75.0,2023-12-18,2024-02-27,2025-02-27,18797.0,976.0,237.0,539.0,,,,,,,,,
540.0,963.0,2023-08-17,2023-10-24,2025-10-24,72099.0,824.0,116.0,540.0,,,,,,,,,
541.0,450.0,2021-01-14,2021-03-09,2025-03-09,20376.0,286.0,859.0,541.0,,,,,,,,,
542.0,982.0,2023-02-24,2023-05-28,2027-05-28,69115.0,360.0,250.0,542.0,,,,,,,,,
543.0,124.0,2021-07-24,2021-10-13,2022-10-13,27569.0,5.0,111.0,543.0,,,,,,,,,
544.0,821.0,2019-09-19,2019-11-21,2023-11-21,63408.0,403.0,251.0,544.0,,,,,,,,,
545.0,834.0,2020-11-16,2021-03-13,2023-03-13,40635.0,139.0,211.0,545.0,,,,,,,,,
546.0,541.0,2021-03-22,2021-06-15,2026-06-15,,129.0,314.0,546.0,,,,,,,,,
547.0,645.0,2024-06-09,2024-08-13,2027-08-13,40702.0,498.0,868.0,547.0,,,,,,,,,
548.0,569.0,2019-09-03,2019-12-05,2020-12-05,58121.0,433.0,865.0,548.0,,,,,,,,,
549.0,953.0,2020-01-29,2020-05-19,2025-05-19,48522.0,307.0,34.0,549.0,,,,,,,,,
550.0,278.0,2023-11-11,2024-02-29,2026-02-28,29497.0,926.0,473.0,550.0,,,,,,,,,
551.0,170.0,2022-04-04,2022-06-17,2023-06-17,26977.0,899.0,769.0,551.0,,,,,,,,,
552.0,842.0,2020-10-12,2020-11-18,2021-11-18,56034.0,26.0,224.0,552.0,,,,,,,,,
553.0,985.0,2024-03-09,2024-05-04,2029-05-04,37354.0,551.0,479.0,553.0,,,,,,,,,
554.0,250.0,2021-12-10,2022-02-14,2027-02-14,48326.0,270.0,508.0,554.0,,,,,,,,,
555.0,454.0,2024-02-21,2024-04-13,2027-04-13,43995.0,114.0,121.0,555.0,,,,,,,,,
556.0,443.0,2023-08-15,2023-10-05,2025-10-05,39084.0,272.0,648.0,556.0,,,,,,,,,
557.0,638.0,2021-06-20,2021-09-25,2024-09-25,29671.0,927.0,627.0,557.0,,,,,,,,,
558.0,65.0,2019-03-29,2019-06-03,2021-06-03,,265.0,291.0,558.0,,,,,,,,,
559.0,896.0,2021-03-13,2021-07-08,2024-07-08,51503.0,881.0,277.0,559.0,,,,,,,,,
560.0,576.0,2020-02-29,2020-04-05,2023-04-05,22230.0,350.0,595.0,560.0,,,,,,,,,
561.0,73.0,2022-11-13,2023-02-06,2027-02-06,58344.0,594.0,605.0,561.0,,,,,,,,,
562.0,379.0,2021-06-30,2021-08-15,2026-08-15,15656.0,460.0,725.0,562.0,,,,,,,,,
563.0,134.0,2022-06-13,2022-09-09,2025-09-09,,497.0,51.0,563.0,,,,,,,,,
564.0,209.0,2021-06-08,2021-10-05,2024-10-05,33499.0,864.0,177.0,564.0,,,,,,,,,
565.0,94.0,2020-09-22,2020-11-04,2021-11-04,66616.0,97.0,467.0,565.0,,,,,,,,,
566.0,203.0,2019-09-28,2019-11-09,2020-11-09,24691.0,896.0,770.0,566.0,,,,,,,,,
567.0,666.0,2022-03-19,2022-05-09,2025-05-09,60312.0,972.0,300.0,567.0,,,,,,,,,
568.0,140.0,2023-01-14,2023-02-28,2024-02-28,54294.0,801.0,739.0,568.0,,,,,,,,,
569.0,679.0,2021-05-30,2021-07-24,2023-07-24,58999.0,310.0,358.0,569.0,,,,,,,,,
570.0,636.0,2024-03-19,2024-05-03,2025-05-03,36467.0,611.0,453.0,570.0,,,,,,,,,
571.0,196.0,2022-04-13,2022-08-09,2027-08-09,23485.0,145.0,221.0,571.0,,,,,,,,,
572.0,988.0,2021-08-30,2021-10-23,2026-10-23,51304.0,330.0,756.0,572.0,,,,,,,,,
573.0,199.0,2020-09-25,2020-12-23,2025-12-23,37616.0,919.0,154.0,573.0,,,,,,,,,
574.0,126.0,2024-04-20,2024-07-26,2026-07-26,38664.0,737.0,47.0,574.0,,,,,,,,,
575.0,315.0,2023-11-12,2024-02-05,2028-02-05,73462.0,96.0,754.0,575.0,,,,,,,,,
576.0,342.0,2021-09-12,2022-01-10,2025-01-10,21245.0,222.0,560.0,576.0,,,,,,,,,
577.0,997.0,2023-03-30,2023-06-20,2025-06-20,30639.0,108.0,863.0,577.0,,,,,,,,,
578.0,868.0,2023-08-11,2023-09-30,2024-09-30,70781.0,629.0,864.0,578.0,,,,,,,,,
579.0,838.0,2020-07-31,2020-09-10,2021-09-10,16222.0,11.0,241.0,579.0,,,,,,,,,
580.0,875.0,2019-10-20,2020-01-09,2022-01-09,44487.0,815.0,46.0,580.0,,,,,,,,,
581.0,76.0,2020-06-22,2020-10-07,2022-10-07,60322.0,929.0,510.0,581.0,,,,,,,,,
582.0,781.0,2019-08-11,2019-10-22,2024-10-22,56728.0,382.0,442.0,582.0,,,,,,,,,
583.0,627.0,2021-10-17,2022-01-13,2024-01-13,35064.0,137.0,829.0,583.0,,,,,,,,,
584.0,451.0,2023-08-16,2023-10-31,2025-10-31,52257.0,410.0,565.0,584.0,,,,,,,,,
585.0,923.0,2024-05-11,2024-06-20,2029-06-20,22852.0,986.0,721.0,585.0,,,,,,,,,
586.0,372.0,2023-07-25,2023-10-09,2024-10-09,26981.0,474.0,55.0,586.0,,,,,,,,,
587.0,805.0,2021-08-18,2021-11-05,2025-11-05,72656.0,612.0,959.0,587.0,,,,,,,,,
588.0,866.0,2020-09-10,2020-12-19,2023-12-19,60498.0,511.0,324.0,588.0,,,,,,,,,
589.0,494.0,2024-04-23,2024-08-16,2025-08-16,71272.0,172.0,70.0,589.0,,,,,,,,,
590.0,241.0,2024-02-09,2024-04-07,2027-04-07,33823.0,975.0,553.0,590.0,,,,,,,,,
591.0,333.0,2022-11-11,2022-12-19,2024-12-19,58959.0,757.0,689.0,591.0,,,,,,,,,
592.0,568.0,2020-06-04,2020-07-05,2021-07-05,71811.0,851.0,446.0,592.0,,,,,,,,,
593.0,474.0,2020-05-19,2020-07-10,2022-07-10,65518.0,658.0,910.0,593.0,,,,,,,,,
594.0,542.0,2020-07-08,2020-09-07,2025-09-07,35452.0,702.0,21.0,594.0,,,,,,,,,
595.0,606.0,2019-07-04,2019-10-21,2020-10-21,57294.0,513.0,860.0,595.0,,,,,,,,,
596.0,437.0,2023-05-02,2023-07-14,2025-07-14,47813.0,43.0,704.0,596.0,,,,,,,,,
597.0,827.0,2023-12-05,2024-03-03,2025-03-03,60989.0,609.0,434.0,597.0,,,,,,,,,
598.0,712.0,2020-01-08,2020-02-22,2024-02-22,33139.0,759.0,305.0,598.0,,,,,,,,,
599.0,738.0,2020-09-14,2020-10-15,2023-10-15,47314.0,53.0,950.0,599.0,,,,,,,,,
600.0,862.0,2022-06-20,2022-08-01,2024-08-01,44273.0,407.0,461.0,600.0,,,,,,,,,
601.0,681.0,2022-01-24,2022-02-26,2023-02-26,73317.0,925.0,261.0,601.0,,,,,,,,,
602.0,514.0,2019-09-21,2019-11-27,2023-11-27,50739.0,442.0,345.0,602.0,,,,,,,,,
603.0,574.0,2020-07-10,2020-09-30,2023-09-30,64474.0,300.0,822.0,603.0,,,,,,,,,
604.0,326.0,2023-02-28,2023-05-08,2025-05-08,48458.0,469.0,578.0,604.0,,,,,,,,,
605.0,766.0,2022-09-13,2022-11-10,2027-11-10,23813.0,44.0,637.0,605.0,,,,,,,,,
606.0,995.0,2021-01-12,2021-02-26,2025-02-26,27183.0,704.0,810.0,606.0,,,,,,,,,
607.0,839.0,2021-02-22,2021-04-08,2022-04-08,37662.0,827.0,936.0,607.0,,,,,,,,,
608.0,580.0,2021-02-06,2021-04-16,2023-04-16,52645.0,558.0,132.0,608.0,,,,,,,,,
609.0,591.0,2022-04-02,2022-06-09,2025-06-09,25389.0,388.0,258.0,609.0,,,,,,,,,
610.0,448.0,2022-02-08,2022-04-02,2023-04-02,33245.0,211.0,965.0,610.0,,,,,,,,,
611.0,990.0,2022-02-12,2022-06-02,2024-06-02,,535.0,488.0,611.0,,,,,,,,,
612.0,208.0,2019-11-20,2020-03-17,2022-03-17,24312.0,326.0,352.0,612.0,,,,,,,,,
613.0,470.0,2021-05-31,2021-08-14,2023-08-14,60431.0,144.0,130.0,613.0,,,,,,,,,
614.0,336.0,2022-03-30,2022-06-26,2025-06-26,70925.0,988.0,679.0,614.0,,,,,,,,,
615.0,348.0,2022-06-26,2022-10-13,2026-10-13,40723.0,39.0,513.0,615.0,,,,,,,,,
616.0,56.0,2022-10-24,2023-01-26,2024-01-26,54587.0,435.0,460.0,616.0,,,,,,,,,
617.0,440.0,2024-01-03,2024-02-21,2029-02-21,40115.0,796.0,740.0,617.0,,,,,,,,,
618.0,41.0,2020-10-11,2020-11-25,2021-11-25,42630.0,82.0,616.0,618.0,,,,,,,,,
619.0,540.0,2022-04-14,2022-06-24,2023-06-24,69843.0,576.0,915.0,619.0,,,,,,,,,
620.0,571.0,2024-02-13,2024-04-04,2027-04-04,49524.0,746.0,768.0,620.0,,,,,,,,,
621.0,599.0,2022-07-16,2022-09-03,2025-09-03,45045.0,533.0,985.0,621.0,,,,,,,,,
622.0,459.0,2021-12-17,2022-02-18,2025-02-18,33493.0,671.0,882.0,622.0,,,,,,,,,
623.0,797.0,2023-10-02,2023-11-09,2025-11-09,23978.0,605.0,886.0,623.0,,,,,,,,,
624.0,161.0,2021-06-10,2021-09-14,2024-09-14,36036.0,90.0,623.0,624.0,,,,,,,,,
625.0,538.0,2022-02-09,2022-05-13,2027-05-13,53092.0,376.0,223.0,625.0,,,,,,,,,
626.0,850.0,2023-05-24,2023-07-30,2028-07-30,19171.0,436.0,395.0,626.0,,,,,,,,,
627.0,108.0,2020-01-23,2020-02-26,2022-02-26,41583.0,343.0,66.0,627.0,,,,,,,,,
628.0,19.0,2022-01-30,2022-04-01,2026-04-01,,764.0,509.0,628.0,,,,,,,,,
629.0,39.0,2023-10-06,2024-01-14,2029-01-14,45696.0,339.0,773.0,629.0,,,,,,,,,
630.0,169.0,2022-01-13,2022-04-30,2027-04-30,70469.0,744.0,418.0,630.0,,,,,,,,,
631.0,919.0,2020-02-21,2020-04-17,2022-04-17,36803.0,167.0,149.0,631.0,,,,,,,,,
632.0,79.0,2023-07-08,2023-11-04,2028-11-04,32102.0,308.0,994.0,632.0,,,,,,,,,
633.0,74.0,2024-02-27,2024-06-07,2026-06-07,71160.0,25.0,747.0,633.0,,,,,,,,,
634.0,411.0,2020-03-09,2020-06-02,2021-06-02,19616.0,243.0,36.0,634.0,,,,,,,,,
635.0,256.0,2023-10-02,2024-01-13,2027-01-13,36423.0,633.0,71.0,635.0,,,,,,,,,
636.0,785.0,2023-06-23,2023-09-28,2028-09-28,27670.0,510.0,458.0,636.0,,,,,,,,,
637.0,709.0,2023-11-04,2024-01-06,2027-01-06,21343.0,357.0,450.0,637.0,,,,,,,,,
638.0,456.0,2019-04-02,2019-05-03,2024-05-03,29881.0,918.0,632.0,638.0,,,,,,,,,
639.0,660.0,2023-05-17,2023-07-08,2024-07-08,29494.0,411.0,893.0,639.0,,,,,,,,,
640.0,888.0,2022-05-26,2022-09-14,2024-09-14,32810.0,690.0,340.0,640.0,,,,,,,,,
641.0,292.0,2021-07-24,2021-10-03,2025-10-03,49757.0,907.0,6.0,641.0,,,,,,,,,
642.0,24.0,2019-12-09,2020-03-19,2023-03-19,63383.0,994.0,207.0,642.0,,,,,,,,,
643.0,290.0,2019-12-03,2020-03-19,2021-03-19,55573.0,263.0,726.0,643.0,,,,,,,,,
644.0,960.0,2023-11-10,2024-02-02,2025-02-02,71070.0,909.0,187.0,644.0,,,,,,,,,
645.0,428.0,2021-01-26,2021-04-04,2023-04-04,31283.0,765.0,299.0,645.0,,,,,,,,,
646.0,201.0,2024-04-25,2024-06-20,2025-06-20,59961.0,987.0,831.0,646.0,,,,,,,,,
647.0,265.0,2020-01-28,2020-05-26,2023-05-26,46194.0,908.0,69.0,647.0,,,,,,,,,
648.0,736.0,2023-06-15,2023-08-02,2026-08-02,34087.0,915.0,607.0,648.0,,,,,,,,,
649.0,187.0,2019-11-25,2019-12-30,2021-12-30,59916.0,677.0,966.0,649.0,,,,,,,,,
650.0,675.0,2023-05-24,2023-07-17,2028-07-17,19127.0,691.0,842.0,650.0,,,,,,,,,
651.0,466.0,2023-11-23,2024-02-24,2028-02-24,26796.0,235.0,226.0,651.0,,,,,,,,,
652.0,855.0,2020-06-01,2020-08-24,2025-08-24,33476.0,960.0,707.0,652.0,,,,,,,,,
653.0,42.0,2022-07-25,2022-09-22,2027-09-22,63647.0,353.0,832.0,653.0,,,,,,,,,
654.0,223.0,2022-10-13,2023-01-16,2027-01-16,28644.0,42.0,137.0,654.0,,,,,,,,,
655.0,555.0,2020-09-07,2021-01-01,2023-01-01,,281.0,38.0,655.0,,,,,,,,,
656.0,913.0,2020-12-31,2021-02-22,2023-02-22,17546.0,531.0,838.0,656.0,,,,,,,,,
657.0,142.0,2021-05-15,2021-08-29,2024-08-29,65523.0,239.0,958.0,657.0,,,,,,,,,
658.0,858.0,2022-06-16,2022-07-28,2023-07-28,73180.0,32.0,129.0,658.0,,,,,,,,,
659.0,302.0,2023-09-06,2023-11-03,2027-11-03,,774.0,732.0,659.0,,,,,,,,,
660.0,698.0,2020-07-19,2020-08-29,2024-08-29,67938.0,992.0,644.0,660.0,,,,,,,,,
661.0,219.0,2021-09-28,2021-12-02,2022-12-02,72315.0,68.0,942.0,661.0,,,,,,,,,
662.0,436.0,2022-02-25,2022-05-15,2025-05-15,34541.0,134.0,528.0,662.0,,,,,,,,,
663.0,309.0,2019-09-28,2019-12-14,2024-12-14,23345.0,640.0,436.0,663.0,,,,,,,,,
664.0,103.0,2019-09-02,2019-12-23,2022-12-23,50861.0,971.0,967.0,664.0,,,,,,,,,
665.0,648.0,2024-01-06,2024-03-13,2025-03-13,30126.0,111.0,122.0,665.0,,,,,,,,,
666.0,373.0,2021-12-05,2022-03-20,2026-03-20,26694.0,409.0,227.0,666.0,,,,,,,,,
667.0,339.0,2021-07-13,2021-08-17,2026-08-17,70886.0,218.0,360.0,667.0,,,,,,,,,
668.0,584.0,2020-06-21,2020-09-14,2023-09-14,58132.0,248.0,647.0,668.0,,,,,,,,,
669.0,463.0,2021-04-11,2021-07-03,2026-07-03,40587.0,266.0,228.0,669.0,,,,,,,,,
670.0,164.0,2020-09-17,2020-12-12,2022-12-12,60973.0,914.0,183.0,670.0,,,,,,,,,
671.0,518.0,2019-08-17,2019-11-05,2020-11-05,48117.0,282.0,497.0,671.0,,,,,,,,,
672.0,442.0,2022-08-29,2022-10-22,2025-10-22,22605.0,151.0,88.0,672.0,,,,,,,,,
673.0,663.0,2022-04-10,2022-06-01,2025-06-01,18121.0,525.0,10.0,673.0,,,,,,,,,
674.0,320.0,2023-09-27,2023-12-10,2026-12-10,33140.0,955.0,142.0,674.0,,,,,,,,,
675.0,898.0,2023-11-29,2024-03-17,2026-03-17,56054.0,688.0,650.0,675.0,,,,,,,,,
676.0,122.0,2023-08-08,2023-09-14,2024-09-14,74763.0,838.0,53.0,676.0,,,,,,,,,
677.0,759.0,2020-12-13,2021-02-16,2025-02-16,19693.0,305.0,585.0,677.0,,,,,,,,,
678.0,790.0,2024-04-01,2024-06-28,2026-06-28,65633.0,149.0,537.0,678.0,,,,,,,,,
679.0,546.0,2022-12-08,2023-01-30,2027-01-30,29736.0,346.0,125.0,679.0,,,,,,,,,
680.0,770.0,2022-12-12,2023-04-01,2025-04-01,,299.0,980.0,680.0,,,,,,,,,
681.0,254.0,2021-06-09,2021-08-09,2026-08-09,68880.0,99.0,919.0,681.0,,,,,,,,,
682.0,573.0,2021-03-24,2021-07-17,2024-07-17,43105.0,446.0,152.0,682.0,,,,,,,,,
683.0,119.0,2021-01-23,2021-04-22,2026-04-22,18085.0,775.0,984.0,683.0,,,,,,,,,
684.0,746.0,2020-11-06,2020-12-30,2025-12-30,38906.0,546.0,65.0,684.0,,,,,,,,,
685.0,551.0,2019-10-30,2020-01-22,2025-01-22,71052.0,805.0,759.0,685.0,,,,,,,,,
686.0,678.0,2020-04-20,2020-08-17,2025-08-17,16865.0,666.0,374.0,686.0,,,,,,,,,
687.0,885.0,2019-04-07,2019-06-24,2021-06-24,53117.0,290.0,552.0,687.0,,,,,,,,,
688.0,793.0,2021-06-04,2021-07-07,2025-07-07,41423.0,195.0,713.0,688.0,,,,,,,,,
689.0,462.0,2020-08-01,2020-09-20,2023-09-20,25323.0,85.0,344.0,689.0,,,,,,,,,
690.0,722.0,2021-10-18,2021-11-24,2025-11-24,70219.0,532.0,523.0,690.0,,,,,,,,,
691.0,989.0,2021-12-22,2022-02-23,2023-02-23,74005.0,451.0,519.0,691.0,,,,,,,,,
692.0,589.0,2021-02-23,2021-03-28,2025-03-28,32823.0,964.0,271.0,692.0,,,,,,,,,
693.0,430.0,2021-10-08,2021-11-19,2023-11-19,55710.0,208.0,110.0,693.0,,,,,,,,,
694.0,395.0,2020-02-04,2020-04-13,2022-04-13,29815.0,380.0,666.0,694.0,,,,,,,,,
695.0,153.0,2019-07-26,2019-09-06,2021-09-06,48204.0,749.0,190.0,695.0,,,,,,,,,
696.0,775.0,2022-12-17,2023-02-28,2025-02-28,24092.0,264.0,977.0,696.0,,,,,,,,,
697.0,757.0,2019-09-05,2019-12-10,2020-12-10,71662.0,231.0,134.0,697.0,,,,,,,,,
698.0,429.0,2021-01-06,2021-04-10,2025-04-10,49227.0,399.0,350.0,698.0,,,,,,,,,
699.0,205.0,2021-01-01,2021-04-02,2025-04-02,48599.0,35.0,490.0,699.0,,,,,,,,,
700.0,935.0,2021-03-24,2021-06-18,2025-06-18,56710.0,160.0,253.0,700.0,,,,,,,,,
701.0,255.0,2022-08-19,2022-10-02,2023-10-02,,418.0,856.0,701.0,,,,,,,,,
702.0,523.0,2022-08-23,2022-10-04,2023-10-04,44274.0,64.0,641.0,702.0,,,,,,,,,
703.0,210.0,2020-06-11,2020-09-04,2023-09-04,,940.0,748.0,703.0,,,,,,,,,
704.0,248.0,2020-07-28,2020-11-09,2025-11-09,49067.0,430.0,524.0,704.0,,,,,,,,,
705.0,972.0,2020-10-31,2020-12-01,2025-12-01,35776.0,154.0,543.0,705.0,,,,,,,,,
706.0,930.0,2019-05-20,2019-08-11,2021-08-11,18108.0,38.0,230.0,706.0,,,,,,,,,
707.0,754.0,2020-05-26,2020-08-17,2024-08-17,30937.0,700.0,853.0,707.0,,,,,,,,,
708.0,118.0,2020-09-09,2020-10-26,2021-10-26,45917.0,541.0,891.0,708.0,,,,,,,,,
709.0,810.0,2022-01-02,2022-03-05,2025-03-05,15705.0,492.0,238.0,709.0,,,,,,,,,
710.0,274.0,2020-09-01,2020-10-15,2022-10-15,31078.0,593.0,807.0,710.0,,,,,,,,,
711.0,956.0,2023-03-20,2023-05-23,2027-05-23,69094.0,706.0,329.0,711.0,,,,,,,,,
712.0,908.0,2023-07-07,2023-10-05,2027-10-05,73828.0,283.0,4.0,712.0,,,,,,,,,
713.0,78.0,2022-10-08,2022-11-26,2025-11-26,71379.0,320.0,184.0,713.0,,,,,,,,,
714.0,927.0,2021-02-16,2021-06-14,2024-06-14,24705.0,807.0,85.0,714.0,,,,,,,,,
715.0,723.0,2019-07-07,2019-11-04,2021-11-04,45432.0,784.0,792.0,715.0,,,,,,,,,
716.0,994.0,2022-12-02,2023-02-01,2025-02-01,21843.0,995.0,541.0,716.0,,,,,,,,,
717.0,603.0,2022-11-02,2022-12-15,2024-12-15,44135.0,214.0,939.0,717.0,,,,,,,,,
718.0,282.0,2019-12-14,2020-02-18,2023-02-18,45234.0,524.0,914.0,718.0,,,,,,,,,
719.0,583.0,2021-09-20,2021-10-30,2024-10-30,72993.0,548.0,931.0,719.0,,,,,,,,,
720.0,2.0,2020-02-29,2020-04-06,2022-04-06,47826.0,738.0,911.0,720.0,,,,,,,,,
721.0,297.0,2020-06-08,2020-08-08,2021-08-08,15878.0,337.0,225.0,721.0,,,,,,,,,
722.0,332.0,2022-01-08,2022-04-28,2026-04-28,18360.0,412.0,546.0,722.0,,,,,,,,,
723.0,301.0,2019-10-28,2019-12-13,2024-12-13,20746.0,515.0,604.0,723.0,,,,,,,,,
724.0,481.0,2023-08-10,2023-10-18,2028-10-18,31212.0,21.0,304.0,724.0,,,,,,,,,
725.0,489.0,2019-10-25,2019-12-12,2021-12-12,24780.0,667.0,240.0,725.0,,,,,,,,,
726.0,432.0,2020-10-21,2020-11-29,2022-11-29,31664.0,143.0,457.0,726.0,,,,,,,,,
727.0,38.0,2022-01-02,2022-02-03,2025-02-03,19274.0,901.0,367.0,727.0,,,,,,,,,
728.0,899.0,2024-03-17,2024-05-31,2028-05-31,39111.0,712.0,140.0,728.0,,,,,,,,,
729.0,878.0,2020-07-04,2020-08-20,2023-08-20,63893.0,876.0,356.0,729.0,,,,,,,,,
730.0,133.0,2020-02-29,2020-04-15,2025-04-15,37301.0,467.0,786.0,730.0,,,,,,,,,
731.0,247.0,2020-12-01,2021-03-02,2026-03-02,74771.0,830.0,542.0,731.0,,,,,,,,,
732.0,286.0,2020-03-22,2020-05-27,2025-05-27,32060.0,780.0,871.0,732.0,,,,,,,,,
733.0,25.0,2021-06-04,2021-08-21,2022-08-21,34416.0,555.0,60.0,733.0,,,,,,,,,
734.0,10.0,2022-08-16,2022-10-07,2027-10-07,49877.0,297.0,895.0,734.0,,,,,,,,,
735.0,851.0,2022-08-16,2022-11-20,2025-11-20,37006.0,413.0,471.0,735.0,,,,,,,,,
736.0,369.0,2023-09-16,2023-11-16,2025-11-16,48225.0,482.0,686.0,736.0,,,,,,,,,
737.0,511.0,2021-04-27,2021-06-30,2023-06-30,66821.0,479.0,197.0,737.0,,,,,,,,,
738.0,310.0,2019-06-19,2019-09-20,2022-09-20,19797.0,494.0,812.0,738.0,,,,,,,,,
739.0,26.0,2024-01-01,2024-02-23,2027-02-23,65414.0,887.0,43.0,739.0,,,,,,,,,
740.0,51.0,2023-08-05,2023-10-08,2025-10-08,43459.0,620.0,366.0,740.0,,,,,,,,,
741.0,174.0,2020-07-23,2020-08-30,2021-08-30,71239.0,858.0,655.0,741.0,,,,,,,,,
742.0,414.0,2023-09-26,2023-11-23,2027-11-23,43161.0,303.0,428.0,742.0,,,,,,,,,
743.0,27.0,2022-09-14,2022-12-24,2026-12-24,30926.0,306.0,91.0,743.0,,,,,,,,,
744.0,346.0,2023-11-15,2023-12-30,2026-12-30,70536.0,178.0,67.0,744.0,,,,,,,,,
745.0,532.0,2020-07-03,2020-08-06,2021-08-06,,385.0,777.0,745.0,,,,,,,,,
746.0,308.0,2022-06-22,2022-09-03,2027-09-03,50997.0,284.0,422.0,746.0,,,,,,,,,
747.0,280.0,2024-05-20,2024-09-03,2025-09-03,40307.0,903.0,841.0,747.0,,,,,,,,,
748.0,364.0,2022-10-13,2022-12-29,2027-12-29,61765.0,62.0,246.0,748.0,,,,,,,,,
749.0,192.0,2023-08-23,2023-11-15,2028-11-15,32671.0,956.0,826.0,749.0,,,,,,,,,
750.0,661.0,2022-01-13,2022-04-07,2023-04-07,16461.0,387.0,584.0,750.0,,,,,,,,,
751.0,399.0,2023-09-24,2023-12-09,2025-12-09,68274.0,95.0,670.0,751.0,,,,,,,,,
752.0,534.0,2019-10-11,2019-12-02,2020-12-02,,832.0,212.0,752.0,,,,,,,,,
753.0,853.0,2023-01-10,2023-05-03,2024-05-03,72888.0,748.0,82.0,753.0,,,,,,,,,
754.0,23.0,2022-01-13,2022-05-07,2023-05-07,22931.0,30.0,322.0,754.0,,,,,,,,,
755.0,264.0,2020-01-30,2020-03-16,2022-03-16,29159.0,592.0,518.0,755.0,,,,,,,,,
756.0,319.0,2020-04-06,2020-07-27,2025-07-27,64431.0,791.0,14.0,756.0,,,,,,,,,
757.0,317.0,2023-06-15,2023-09-08,2028-09-08,69846.0,199.0,945.0,757.0,,,,,,,,,
758.0,987.0,2022-06-22,2022-10-17,2025-10-17,74460.0,946.0,559.0,758.0,,,,,,,,,
759.0,335.0,2021-05-15,2021-06-20,2024-06-20,62467.0,745.0,567.0,759.0,,,,,,,,,
760.0,981.0,2023-10-03,2023-12-26,2024-12-26,43656.0,396.0,491.0,760.0,,,,,,,,,
761.0,729.0,2020-04-10,2020-07-12,2021-07-12,21034.0,473.0,273.0,761.0,,,,,,,,,
762.0,257.0,2020-10-25,2020-12-05,2021-12-05,17015.0,156.0,326.0,762.0,,,,,,,,,
763.0,707.0,2021-04-23,2021-07-06,2026-07-06,66027.0,540.0,720.0,763.0,,,,,,,,,
764.0,220.0,2023-02-12,2023-05-23,2026-05-23,15958.0,917.0,577.0,764.0,,,,,,,,,
765.0,889.0,2022-07-07,2022-08-11,2023-08-11,39476.0,71.0,975.0,765.0,,,,,,,,,
766.0,986.0,2021-02-13,2021-04-14,2022-04-14,56784.0,203.0,833.0,766.0,,,,,,,,,
767.0,719.0,2022-03-03,2022-06-20,2023-06-20,20014.0,863.0,978.0,767.0,,,,,,,,,
768.0,829.0,2023-06-09,2023-09-23,2027-09-23,48781.0,340.0,892.0,768.0,,,,,,,,,
769.0,125.0,2019-07-18,2019-09-19,2024-09-19,,931.0,772.0,769.0,,,,,,,,,
770.0,968.0,2023-11-03,2024-02-11,2028-02-11,61554.0,589.0,489.0,770.0,,,,,,,,,
771.0,979.0,2019-07-01,2019-08-31,2022-08-31,,619.0,767.0,771.0,,,,,,,,,
772.0,96.0,2022-09-03,2022-11-28,2027-11-28,,885.0,765.0,772.0,,,,,,,,,
773.0,624.0,2023-05-15,2023-07-02,2026-07-02,30076.0,65.0,582.0,773.0,,,,,,,,,
774.0,137.0,2021-01-10,2021-05-06,2023-05-06,52614.0,538.0,252.0,774.0,,,,,,,,,
775.0,295.0,2024-04-03,2024-07-25,2027-07-25,24388.0,810.0,852.0,775.0,,,,,,,,,
776.0,904.0,2020-06-10,2020-10-04,2025-10-04,41114.0,215.0,294.0,776.0,,,,,,,,,
777.0,409.0,2019-09-29,2019-12-25,2023-12-25,,463.0,935.0,777.0,,,,,,,,,
778.0,316.0,2019-08-28,2019-10-15,2024-10-15,16760.0,4.0,235.0,778.0,,,,,,,,,
779.0,498.0,2024-02-15,2024-04-07,2029-04-07,72198.0,777.0,954.0,779.0,,,,,,,,,
780.0,291.0,2023-07-16,2023-09-29,2026-09-29,34555.0,847.0,932.0,780.0,,,,,,,,,
781.0,249.0,2020-09-25,2020-12-16,2022-12-16,52300.0,400.0,155.0,781.0,,,,,,,,,
782.0,385.0,2022-05-13,2022-07-14,2023-07-14,,514.0,438.0,782.0,,,,,,,,,
783.0,375.0,2023-04-03,2023-05-13,2028-05-13,20888.0,432.0,239.0,783.0,,,,,,,,,
784.0,269.0,2022-02-13,2022-05-05,2024-05-05,55960.0,406.0,736.0,784.0,,,,,,,,,
785.0,685.0,2024-04-19,2024-08-05,2027-08-05,,862.0,426.0,785.0,,,,,,,,,
786.0,873.0,2021-11-08,2021-12-12,2023-12-12,44661.0,141.0,921.0,786.0,,,,,,,,,
787.0,270.0,2023-12-13,2024-02-29,2029-02-28,22076.0,714.0,676.0,787.0,,,,,,,,,
788.0,892.0,2022-11-07,2023-02-21,2024-02-21,26283.0,45.0,13.0,788.0,,,,,,,,,
789.0,332.0,2022-03-08,2022-04-26,2024-04-26,43941.0,185.0,581.0,789.0,,,,,,,,,
790.0,886.0,2023-08-13,2023-11-18,2026-11-18,21210.0,76.0,624.0,790.0,,,,,,,,,
791.0,774.0,2021-09-26,2022-01-05,2025-01-05,25159.0,814.0,448.0,791.0,,,,,,,,,
792.0,750.0,2024-02-25,2024-06-16,2028-06-16,45980.0,731.0,901.0,792.0,,,,,,,,,
793.0,903.0,2021-08-10,2021-10-17,2024-10-17,52034.0,238.0,63.0,793.0,,,,,,,,,
794.0,721.0,2024-05-19,2024-08-02,2027-08-02,63227.0,935.0,243.0,794.0,,,,,,,,,
795.0,749.0,2023-02-20,2023-04-03,2025-04-03,68966.0,938.0,649.0,795.0,,,,,,,,,
796.0,186.0,2022-06-25,2022-08-25,2027-08-25,22547.0,88.0,556.0,796.0,,,,,,,,,
797.0,403.0,2022-06-19,2022-08-22,2026-08-22,39080.0,785.0,90.0,797.0,,,,,,,,,
798.0,451.0,2023-08-16,2023-10-19,2027-10-19,32956.0,965.0,643.0,798.0,,,,,,,,,
799.0,796.0,2021-08-28,2021-10-23,2026-10-23,58638.0,896.0,50.0,799.0,,,,,,,,,
800.0,70.0,2021-08-06,2021-12-01,2026-12-01,44773.0,493.0,772.0,800.0,,,,,,,,,
801.0,518.0,2019-10-17,2020-01-28,2021-01-28,47401.0,117.0,924.0,801.0,,,,,,,,,
802.0,824.0,2021-04-14,2021-06-15,2025-06-15,19020.0,987.0,636.0,802.0,,,,,,,,,
803.0,882.0,2021-11-15,2022-02-06,2025-02-06,19540.0,134.0,557.0,803.0,,,,,,,,,
804.0,350.0,2022-07-17,2022-08-20,2026-08-20,18058.0,112.0,386.0,804.0,,,,,,,,,
805.0,22.0,2022-08-07,2022-09-25,2026-09-25,30921.0,950.0,42.0,805.0,,,,,,,,,
806.0,157.0,2021-05-12,2021-06-29,2022-06-29,17719.0,494.0,781.0,806.0,,,,,,,,,
807.0,916.0,2020-01-26,2020-02-29,2025-02-28,19617.0,561.0,920.0,807.0,,,,,,,,,
808.0,20.0,2020-01-21,2020-02-29,2024-02-29,27675.0,644.0,300.0,808.0,,,,,,,,,
809.0,159.0,2022-01-21,2022-04-09,2024-04-09,,210.0,607.0,809.0,,,,,,,,,
810.0,840.0,2019-07-31,2019-09-15,2020-09-15,70402.0,370.0,163.0,810.0,,,,,,,,,
811.0,509.0,2020-03-02,2020-05-29,2023-05-29,,531.0,899.0,811.0,,,,,,,,,
812.0,205.0,2021-02-01,2021-05-10,2026-05-10,56353.0,297.0,925.0,812.0,,,,,,,,,
813.0,93.0,2023-02-22,2023-06-11,2026-06-11,35798.0,173.0,144.0,813.0,,,,,,,,,
814.0,299.0,2023-01-15,2023-03-10,2025-03-10,35990.0,222.0,996.0,814.0,,,,,,,,,
815.0,791.0,2023-12-18,2024-02-02,2027-02-02,42304.0,832.0,321.0,815.0,,,,,,,,,
816.0,540.0,2022-01-14,2022-04-19,2025-04-19,65570.0,266.0,654.0,816.0,,,,,,,,,
817.0,49.0,2022-01-30,2022-03-08,2025-03-08,21504.0,495.0,150.0,817.0,,,,,,,,,
818.0,281.0,2022-12-03,2023-03-20,2027-03-20,69992.0,163.0,884.0,818.0,,,,,,,,,
819.0,60.0,2023-05-25,2023-08-27,2025-08-27,21074.0,889.0,17.0,819.0,,,,,,,,,
820.0,308.0,2022-09-22,2022-12-18,2026-12-18,50306.0,883.0,744.0,820.0,,,,,,,,,
821.0,807.0,2022-01-22,2022-02-28,2027-02-28,18711.0,311.0,878.0,821.0,,,,,,,,,
822.0,58.0,2021-09-04,2021-12-21,2022-12-21,67385.0,515.0,684.0,822.0,,,,,,,,,
823.0,850.0,2023-03-24,2023-06-07,2028-06-07,43209.0,143.0,318.0,823.0,,,,,,,,,
824.0,924.0,2020-01-21,2020-03-10,2022-03-10,21965.0,484.0,291.0,824.0,,,,,,,,,
825.0,344.0,2021-02-10,2021-04-03,2023-04-03,41356.0,86.0,167.0,825.0,,,,,,,,,
826.0,484.0,2024-01-07,2024-03-17,2027-03-17,54020.0,654.0,351.0,826.0,,,,,,,,,
827.0,602.0,2023-07-11,2023-09-22,2028-09-22,50629.0,33.0,454.0,827.0,,,,,,,,,
828.0,545.0,2023-09-15,2023-11-30,2025-11-30,55951.0,892.0,465.0,828.0,,,,,,,,,
829.0,307.0,2021-03-26,2021-07-17,2023-07-17,71454.0,509.0,246.0,829.0,,,,,,,,,
830.0,460.0,2023-09-19,2023-12-02,2024-12-02,17943.0,325.0,837.0,830.0,,,,,,,,,
831.0,758.0,2022-06-16,2022-09-23,2027-09-23,41512.0,386.0,440.0,831.0,,,,,,,,,
832.0,516.0,2020-08-22,2020-11-20,2025-11-20,61795.0,792.0,142.0,832.0,,,,,,,,,
833.0,920.0,2020-01-21,2020-02-29,2021-02-28,23958.0,653.0,644.0,833.0,,,,,,,,,
834.0,784.0,2020-04-07,2020-06-30,2025-06-30,36871.0,581.0,123.0,834.0,,,,,,,,,
835.0,291.0,2023-05-16,2023-07-08,2027-07-08,40714.0,738.0,535.0,835.0,,,,,,,,,
836.0,770.0,2022-10-12,2022-11-18,2023-11-18,63388.0,880.0,232.0,836.0,,,,,,,,,
837.0,740.0,2020-11-21,2021-02-15,2026-02-15,50588.0,916.0,231.0,837.0,,,,,,,,,
838.0,385.0,2022-05-13,2022-08-06,2024-08-06,26559.0,482.0,768.0,838.0,,,,,,,,,
839.0,19.0,2022-02-28,2022-06-28,2026-06-28,29130.0,988.0,374.0,839.0,,,,,,,,,
840.0,581.0,2020-02-08,2020-05-20,2023-05-20,44341.0,652.0,296.0,840.0,,,,,,,,,
841.0,735.0,2020-11-12,2021-02-02,2024-02-02,73758.0,448.0,928.0,841.0,,,,,,,,,
842.0,394.0,2019-07-14,2019-11-01,2022-11-01,56908.0,982.0,742.0,842.0,,,,,,,,,
843.0,555.0,2020-07-07,2020-08-18,2024-08-18,49127.0,476.0,171.0,843.0,,,,,,,,,
844.0,679.0,2021-04-30,2021-07-09,2023-07-09,19444.0,831.0,21.0,844.0,,,,,,,,,
845.0,895.0,2022-10-26,2023-01-09,2026-01-09,60992.0,506.0,688.0,845.0,,,,,,,,,
846.0,333.0,2022-09-11,2022-10-15,2026-10-15,43322.0,724.0,854.0,846.0,,,,,,,,,
847.0,643.0,2024-02-04,2024-04-07,2028-04-07,49211.0,621.0,814.0,847.0,,,,,,,,,
848.0,564.0,2023-06-03,2023-09-28,2028-09-28,45859.0,81.0,676.0,848.0,,,,,,,,,
849.0,195.0,2020-11-14,2021-01-11,2025-01-11,65969.0,94.0,808.0,849.0,,,,,,,,,
850.0,767.0,2020-09-06,2020-11-30,2024-11-30,39406.0,776.0,410.0,850.0,,,,,,,,,
851.0,803.0,2020-05-26,2020-08-21,2021-08-21,74085.0,422.0,435.0,851.0,,,,,,,,,
852.0,742.0,2023-09-03,2023-11-16,2027-11-16,,273.0,47.0,852.0,,,,,,,,,
853.0,949.0,2024-03-05,2024-04-12,2025-04-12,21489.0,213.0,825.0,853.0,,,,,,,,,
854.0,101.0,2023-02-13,2023-04-07,2028-04-07,48230.0,669.0,496.0,854.0,,,,,,,,,
855.0,867.0,2022-10-18,2023-02-13,2026-02-13,69316.0,745.0,65.0,855.0,,,,,,,,,
856.0,845.0,2022-12-22,2023-04-16,2024-04-16,65506.0,742.0,41.0,856.0,,,,,,,,,
857.0,684.0,2020-01-24,2020-02-27,2025-02-27,34930.0,851.0,604.0,857.0,,,,,,,,,
858.0,341.0,2023-03-27,2023-07-24,2024-07-24,66532.0,811.0,278.0,858.0,,,,,,,,,
859.0,985.0,2024-01-09,2024-04-04,2028-04-04,31902.0,854.0,946.0,859.0,,,,,,,,,
860.0,885.0,2019-04-07,2019-07-03,2022-07-03,26858.0,341.0,215.0,860.0,,,,,,,,,
861.0,52.0,2022-10-01,2022-12-26,2024-12-26,24453.0,986.0,717.0,861.0,,,,,,,,,
862.0,812.0,2022-05-02,2022-08-03,2025-08-03,66059.0,937.0,646.0,862.0,,,,,,,,,
863.0,209.0,2021-10-08,2022-01-20,2027-01-20,44950.0,440.0,572.0,863.0,,,,,,,,,
864.0,14.0,2020-11-10,2021-01-19,2025-01-19,27509.0,474.0,84.0,864.0,,,,,,,,,
865.0,606.0,2019-08-04,2019-11-16,2022-11-16,69715.0,229.0,875.0,865.0,,,,,,,,,
866.0,115.0,2019-07-25,2019-11-06,2024-11-06,21477.0,9.0,909.0,866.0,,,,,,,,,
867.0,3.0,2022-05-29,2022-07-27,2027-07-27,41070.0,684.0,139.0,867.0,,,,,,,,,
868.0,476.0,2022-12-04,2023-01-29,2027-01-29,44705.0,50.0,468.0,868.0,,,,,,,,,
869.0,719.0,2022-04-03,2022-05-14,2023-05-14,61605.0,709.0,427.0,869.0,,,,,,,,,
870.0,542.0,2020-07-08,2020-09-05,2024-09-05,47181.0,773.0,610.0,870.0,,,,,,,,,
871.0,860.0,2024-01-04,2024-02-15,2026-02-15,53581.0,237.0,901.0,871.0,,,,,,,,,
872.0,927.0,2021-03-16,2021-07-01,2023-07-01,41051.0,540.0,791.0,872.0,,,,,,,,,
873.0,986.0,2021-01-13,2021-03-31,2026-03-31,31738.0,49.0,601.0,873.0,,,,,,,,,
874.0,478.0,2021-04-07,2021-06-28,2025-06-28,68513.0,961.0,738.0,874.0,,,,,,,,,
875.0,224.0,2020-03-25,2020-07-07,2022-07-07,56349.0,100.0,519.0,875.0,,,,,,,,,
876.0,407.0,2020-07-20,2020-10-23,2024-10-23,36466.0,809.0,289.0,876.0,,,,,,,,,
877.0,255.0,2022-09-19,2022-12-27,2025-12-27,58689.0,396.0,219.0,877.0,,,,,,,,,
878.0,610.0,2021-04-30,2021-08-06,2026-08-06,45495.0,650.0,608.0,878.0,,,,,,,,,
879.0,926.0,2023-05-11,2023-08-09,2024-08-09,42996.0,179.0,760.0,879.0,,,,,,,,,
880.0,837.0,2022-06-10,2022-10-10,2025-10-10,,156.0,891.0,880.0,,,,,,,,,
881.0,522.0,2024-01-05,2024-03-22,2029-03-22,53800.0,333.0,52.0,881.0,,,,,,,,,
882.0,960.0,2023-09-10,2023-11-14,2026-11-14,51259.0,771.0,326.0,882.0,,,,,,,,,
883.0,641.0,2021-10-28,2022-02-03,2025-02-03,31190.0,700.0,741.0,883.0,,,,,,,,,
884.0,532.0,2020-06-03,2020-08-22,2023-08-22,44468.0,280.0,118.0,884.0,,,,,,,,,
885.0,206.0,2019-12-08,2020-01-18,2022-01-18,37874.0,124.0,405.0,885.0,,,,,,,,,
886.0,297.0,2020-09-08,2020-10-10,2024-10-10,33178.0,674.0,501.0,886.0,,,,,,,,,
887.0,944.0,2022-07-11,2022-10-20,2024-10-20,41289.0,317.0,54.0,887.0,,,,,,,,,
888.0,388.0,2023-02-08,2023-04-26,2025-04-26,41718.0,627.0,259.0,888.0,,,,,,,,,
889.0,906.0,2019-10-12,2020-01-17,2025-01-17,49506.0,822.0,721.0,889.0,,,,,,,,,
890.0,881.0,2020-08-20,2020-11-05,2021-11-05,54188.0,557.0,895.0,890.0,,,,,,,,,
891.0,739.0,2024-03-29,2024-05-24,2028-05-24,53314.0,275.0,679.0,891.0,,,,,,,,,
892.0,95.0,2019-10-08,2019-12-17,2021-12-17,31801.0,290.0,774.0,892.0,,,,,,,,,
893.0,240.0,2021-03-26,2021-07-12,2022-07-12,32015.0,925.0,982.0,893.0,,,,,,,,,
894.0,691.0,2020-02-08,2020-03-17,2024-03-17,55091.0,598.0,189.0,894.0,,,,,,,,,
895.0,34.0,2021-10-22,2022-01-03,2027-01-03,49800.0,528.0,806.0,895.0,,,,,,,,,
896.0,720.0,2021-06-21,2021-09-30,2025-09-30,68640.0,527.0,147.0,896.0,,,,,,,,,
897.0,619.0,2021-05-04,2021-07-13,2026-07-13,40786.0,946.0,255.0,897.0,,,,,,,,,
898.0,443.0,2023-05-15,2023-08-28,2028-08-28,48674.0,676.0,324.0,898.0,,,,,,,,,
899.0,436.0,2022-01-25,2022-03-28,2024-03-28,20036.0,166.0,992.0,899.0,,,,,,,,,
900.0,356.0,2023-04-30,2023-08-01,2028-08-01,61647.0,146.0,859.0,900.0,,,,,,,,,
901.0,13.0,2021-05-27,2021-07-08,2023-07-08,39778.0,882.0,956.0,901.0,,,,,,,,,
902.0,669.0,2019-07-15,2019-11-10,2024-11-10,25556.0,901.0,379.0,902.0,,,,,,,,,
903.0,179.0,2023-09-12,2023-10-13,2025-10-13,43353.0,978.0,160.0,903.0,,,,,,,,,
904.0,44.0,2020-08-27,2020-10-05,2022-10-05,35676.0,283.0,78.0,904.0,,,,,,,,,
905.0,401.0,2022-01-30,2022-04-03,2026-04-03,51005.0,596.0,596.0,905.0,,,,,,,,,
906.0,125.0,2019-09-18,2019-12-18,2022-12-18,56242.0,114.0,221.0,906.0,,,,,,,,,
907.0,866.0,2020-09-10,2020-12-29,2024-12-29,,394.0,487.0,907.0,,,,,,,,,
908.0,213.0,2020-09-04,2020-11-15,2023-11-15,45277.0,84.0,258.0,908.0,,,,,,,,,
909.0,24.0,2020-01-09,2020-05-01,2024-05-01,37255.0,895.0,225.0,909.0,,,,,,,,,
910.0,640.0,2019-11-10,2020-01-26,2022-01-26,,750.0,332.0,910.0,,,,,,,,,
911.0,425.0,2021-02-20,2021-04-23,2024-04-23,47144.0,855.0,965.0,911.0,,,,,,,,,
912.0,490.0,2021-04-13,2021-07-28,2023-07-28,,221.0,304.0,912.0,,,,,,,,,
913.0,688.0,2020-03-06,2020-05-29,2024-05-29,36174.0,136.0,749.0,913.0,,,,,,,,,
914.0,334.0,2020-04-21,2020-06-15,2021-06-15,,26.0,257.0,914.0,,,,,,,,,
915.0,743.0,2022-11-15,2023-01-01,2024-01-01,18978.0,997.0,656.0,915.0,,,,,,,,,
916.0,25.0,2021-08-04,2021-10-13,2025-10-13,59586.0,278.0,631.0,916.0,,,,,,,,,
917.0,661.0,2022-03-13,2022-05-24,2023-05-24,19783.0,613.0,516.0,917.0,,,,,,,,,
918.0,664.0,2023-08-02,2023-11-19,2024-11-19,39510.0,343.0,794.0,918.0,,,,,,,,,
919.0,967.0,2019-12-12,2020-01-14,2024-01-14,37217.0,514.0,916.0,919.0,,,,,,,,,
920.0,239.0,2022-11-13,2023-03-10,2028-03-10,60013.0,380.0,522.0,920.0,,,,,,,,,
921.0,805.0,2021-06-18,2021-08-22,2025-08-22,58786.0,579.0,940.0,921.0,,,,,,,,,
922.0,298.0,2023-06-21,2023-10-14,2028-10-14,41535.0,587.0,136.0,922.0,,,,,,,,,
923.0,54.0,2024-02-26,2024-05-03,2027-05-03,39578.0,219.0,344.0,923.0,,,,,,,,,
924.0,738.0,2020-11-14,2021-01-26,2024-01-26,73790.0,974.0,627.0,924.0,,,,,,,,,
925.0,147.0,2019-08-12,2019-11-04,2024-11-04,74346.0,268.0,449.0,925.0,,,,,,,,,
926.0,64.0,2020-08-24,2020-09-29,2022-09-29,,491.0,368.0,926.0,,,,,,,,,
927.0,472.0,2020-07-09,2020-11-05,2025-11-05,44641.0,309.0,703.0,927.0,,,,,,,,,
928.0,73.0,2022-08-13,2022-09-24,2027-09-24,52967.0,658.0,252.0,928.0,,,,,,,,,
929.0,378.0,2020-01-15,2020-03-01,2025-03-01,44828.0,825.0,651.0,929.0,,,,,,,,,
930.0,724.0,2019-12-08,2020-03-26,2022-03-26,51184.0,649.0,645.0,930.0,,,,,,,,,
931.0,86.0,2021-09-17,2021-12-14,2025-12-14,17568.0,8.0,429.0,931.0,,,,,,,,,
932.0,275.0,2020-05-09,2020-09-06,2022-09-06,56480.0,802.0,495.0,932.0,,,,,,,,,
933.0,872.0,2020-06-08,2020-09-14,2022-09-14,44458.0,501.0,222.0,933.0,,,,,,,,,
934.0,618.0,2021-05-02,2021-06-17,2026-06-17,,624.0,458.0,934.0,,,,,,,,,
935.0,466.0,2023-12-23,2024-02-29,2025-02-28,18694.0,40.0,53.0,935.0,,,,,,,,,
936.0,170.0,2022-02-04,2022-05-07,2027-05-07,36597.0,600.0,959.0,936.0,,,,,,,,,
937.0,563.0,2023-05-28,2023-08-09,2026-08-09,60886.0,337.0,404.0,937.0,,,,,,,,,
938.0,884.0,2020-07-17,2020-11-02,2024-11-02,38723.0,155.0,76.0,938.0,,,,,,,,,
939.0,565.0,2021-07-24,2021-09-07,2023-09-07,59295.0,775.0,757.0,939.0,,,,,,,,,
940.0,261.0,2023-05-18,2023-07-19,2027-07-19,27201.0,510.0,93.0,940.0,,,,,,,,,
941.0,817.0,2019-10-18,2019-11-30,2023-11-30,60877.0,707.0,122.0,941.0,,,,,,,,,
942.0,879.0,2023-06-17,2023-09-29,2026-09-29,61817.0,469.0,124.0,942.0,,,,,,,,,
943.0,878.0,2020-08-04,2020-11-16,2021-11-16,45698.0,313.0,915.0,943.0,,,,,,,,,
944.0,975.0,2023-03-01,2023-04-02,2025-04-02,40566.0,623.0,586.0,944.0,,,,,,,,,
945.0,475.0,2022-09-10,2022-11-03,2027-11-03,67488.0,647.0,563.0,945.0,,,,,,,,,
946.0,79.0,2023-07-08,2023-08-21,2026-08-21,51777.0,345.0,829.0,946.0,,,,,,,,,
947.0,513.0,2020-11-16,2021-03-01,2026-03-01,38078.0,240.0,358.0,947.0,,,,,,,,,
948.0,481.0,2023-10-10,2024-01-30,2027-01-30,15106.0,463.0,208.0,948.0,,,,,,,,,
949.0,831.0,2024-02-01,2024-03-24,2028-03-24,,281.0,269.0,949.0,,,,,,,,,
950.0,918.0,2023-06-10,2023-08-01,2024-08-01,15349.0,211.0,68.0,950.0,,,,,,,,,
951.0,377.0,2023-09-28,2023-12-04,2025-12-04,20808.0,610.0,448.0,951.0,,,,,,,,,
952.0,541.0,2021-01-22,2021-04-20,2025-04-20,,14.0,484.0,952.0,,,,,,,,,
953.0,384.0,2021-09-08,2021-11-16,2024-11-16,40082.0,555.0,1.0,953.0,,,,,,,,,
954.0,339.0,2021-09-13,2021-11-22,2023-11-22,,174.0,284.0,954.0,,,,,,,,,
955.0,215.0,2022-01-01,2022-02-09,2026-02-09,,252.0,870.0,955.0,,,,,,,,,
956.0,854.0,2021-09-04,2021-10-16,2025-10-16,63005.0,55.0,264.0,956.0,,,,,,,,,
957.0,932.0,2020-05-29,2020-08-25,2025-08-25,42082.0,864.0,156.0,957.0,,,,,,,,,
958.0,642.0,2020-01-29,2020-04-18,2025-04-18,59087.0,119.0,73.0,958.0,,,,,,,,,
959.0,168.0,2023-03-26,2023-07-13,2025-07-13,16856.0,963.0,97.0,959.0,,,,,,,,,
960.0,828.0,2023-05-21,2023-08-04,2025-08-04,50295.0,65.0,88.0,960.0,,,,,,,,,
961.0,855.0,2020-04-01,2020-07-30,2022-07-30,,31.0,13.0,961.0,,,,,,,,,
962.0,657.0,2022-03-01,2022-04-18,2026-04-18,64042.0,265.0,504.0,962.0,,,,,,,,,
963.0,321.0,2023-08-09,2023-11-27,2025-11-27,23411.0,403.0,105.0,963.0,,,,,,,,,
964.0,809.0,2022-07-09,2022-08-10,2024-08-10,20943.0,126.0,315.0,964.0,,,,,,,,,
965.0,210.0,2020-06-11,2020-08-03,2023-08-03,31777.0,786.0,32.0,965.0,,,,,,,,,
966.0,599.0,2022-05-16,2022-08-29,2023-08-29,72855.0,376.0,869.0,966.0,,,,,,,,,
967.0,939.0,2023-01-14,2023-04-07,2027-04-07,43475.0,735.0,695.0,967.0,,,,,,,,,
968.0,10.0,2022-06-16,2022-08-01,2025-08-01,61873.0,779.0,474.0,968.0,,,,,,,,,
969.0,616.0,2020-10-14,2021-01-13,2025-01-13,40111.0,718.0,201.0,969.0,,,,,,,,,
970.0,698.0,2020-05-19,2020-08-21,2023-08-21,16139.0,818.0,334.0,970.0,,,,,,,,,
971.0,841.0,2023-08-14,2023-11-22,2027-11-22,39713.0,956.0,203.0,971.0,,,,,,,,,
972.0,512.0,2022-08-13,2022-11-07,2024-11-07,38243.0,467.0,990.0,972.0,,,,,,,,,
973.0,596.0,2021-12-05,2022-03-17,2023-03-17,25073.0,939.0,838.0,973.0,,,,,,,,,
974.0,329.0,2024-02-25,2024-06-03,2027-06-03,47533.0,170.0,716.0,974.0,,,,,,,,,
975.0,771.0,2023-08-10,2023-11-24,2027-11-24,55384.0,274.0,305.0,975.0,,,,,,,,,
976.0,753.0,2022-01-12,2022-03-20,2027-03-20,19869.0,162.0,452.0,976.0,,,,,,,,,
977.0,573.0,2021-02-24,2021-06-06,2024-06-06,39123.0,641.0,957.0,977.0,,,,,,,,,
978.0,917.0,2021-07-23,2021-08-27,2022-08-27,31325.0,655.0,307.0,978.0,,,,,,,,,
979.0,795.0,2020-06-30,2020-08-26,2022-08-26,65192.0,606.0,271.0,979.0,,,,,,,,,
980.0,467.0,2021-01-28,2021-05-01,2025-05-01,62065.0,414.0,453.0,980.0,,,,,,,,,
981.0,590.0,2020-10-03,2021-01-15,2026-01-15,58197.0,820.0,574.0,981.0,,,,,,,,,
982.0,1.0,2022-09-20,2022-11-16,2025-11-16,56362.0,113.0,354.0,982.0,,,,,,,,,
983.0,226.0,2019-07-09,2019-10-14,2023-10-14,16009.0,933.0,66.0,983.0,,,,,,,,,
984.0,50.0,2022-08-05,2022-11-03,2023-11-03,35120.0,526.0,428.0,984.0,,,,,,,,,
985.0,900.0,2021-07-30,2021-09-25,2022-09-25,55757.0,460.0,553.0,985.0,,,,,,,,,
986.0,626.0,2023-01-06,2023-02-08,2024-02-08,59288.0,648.0,511.0,986.0,,,,,,,,,
987.0,194.0,2019-09-27,2019-11-29,2020-11-29,69049.0,523.0,853.0,987.0,,,,,,,,,
988.0,379.0,2021-06-30,2021-10-06,2024-10-06,40284.0,764.0,451.0,988.0,,,,,,,,,
989.0,235.0,2020-08-06,2020-10-30,2025-10-30,18563.0,891.0,432.0,989.0,,,,,,,,,
990.0,128.0,2021-12-27,2022-03-28,2025-03-28,34077.0,673.0,571.0,990.0,,,,,,,,,
991.0,354.0,2021-08-18,2021-11-30,2023-11-30,22166.0,789.0,191.0,991.0,,,,,,,,,
992.0,91.0,2021-05-06,2021-08-22,2023-08-22,20170.0,239.0,692.0,992.0,,,,,,,,,
993.0,629.0,2020-11-13,2021-01-04,2023-01-04,50931.0,390.0,1000.0,993.0,,,,,,,,,
994.0,958.0,2024-04-16,2024-07-16,2026-07-16,67941.0,165.0,340.0,994.0,,,,,,,,,
995.0,286.0,2020-05-22,2020-08-08,2023-08-08,44848.0,204.0,728.0,995.0,,,,,,,,,
996.0,169.0,2022-02-13,2022-03-20,2025-03-20,28612.0,991.0,323.0,996.0,,,,,,,,,
997.0,135.0,2019-12-07,2020-01-21,2025-01-21,,521.0,353.0,997.0,,,,,,,,,
998.0,489.0,2019-10-25,2019-12-22,2020-12-22,58279.0,734.0,550.0,998.0,,,,,,,,,
999.0,754.0,2020-08-26,2020-11-18,2024-11-18,21927.0,536.0,352.0,999.0,,,,,,,,,
1000.0,539.0,2022-03-16,2022-04-23,2027-04-23,26143.0,807.0,202.0,1000.0,,,,,,,,,
1001.0,1070.0,2025-01-04,2025-03-11,2029-03-11,25650.0,1175.0,1020.0,1001.0,,,,,,,,,
1002.0,1047.0,2025-04-16,2025-06-01,2026-06-01,59932.0,1049.0,1099.0,1002.0,,,,,,,,,
1003.0,1015.0,2024-09-16,2024-10-27,2028-10-27,73562.0,1058.0,1050.0,1003.0,,,,,,,,,
1004.0,1053.0,2024-07-06,2024-10-18,2029-10-18,68344.0,1131.0,1169.0,1004.0,,,,,,,,,
1005.0,1072.0,2024-06-14,2024-10-04,2025-10-04,54128.0,1027.0,1046.0,1005.0,,,,,,,,,
1006.0,1183.0,2024-05-25,2024-09-01,2029-09-01,29212.0,1154.0,1145.0,1006.0,,,,,,,,,
1007.0,1032.0,2024-05-08,2024-08-12,2027-08-12,44602.0,1198.0,1196.0,1007.0,,,,,,,,,
1008.0,1101.0,2025-04-16,2025-06-04,2028-06-04,61769.0,1092.0,1067.0,1008.0,,,,,,,,,
1009.0,1117.0,2025-01-05,2025-05-01,2027-05-01,57305.0,1003.0,1091.0,1009.0,,,,,,,,,
1010.0,1132.0,2024-06-16,2024-10-13,2026-10-13,17372.0,1188.0,1049.0,1010.0,,,,,,,,,
1011.0,1051.0,2025-03-02,2025-06-08,2029-06-08,57145.0,1137.0,1150.0,1011.0,,,,,,,,,
1012.0,1168.0,2025-04-05,2025-07-22,2026-07-22,28067.0,1045.0,1126.0,1012.0,,,,,,,,,
1013.0,1085.0,2024-04-22,2024-06-07,2025-06-07,66635.0,1149.0,1036.0,1013.0,,,,,,,,,
1014.0,1121.0,2024-07-03,2024-08-06,2027-08-06,19376.0,1015.0,1084.0,1014.0,,,,,,,,,
1015.0,1134.0,2025-04-22,2025-08-20,2027-08-20,33054.0,1121.0,1114.0,1015.0,,,,,,,,,
1016.0,1186.0,2024-11-13,2025-02-10,2026-02-10,74295.0,1018.0,1146.0,1016.0,,,,,,,,,
1017.0,1133.0,2025-01-03,2025-03-09,2028-03-09,20224.0,1039.0,1170.0,1017.0,,,,,,,,,
1018.0,1174.0,2024-11-18,2025-01-01,2028-01-01,42113.0,1069.0,1006.0,1018.0,,,,,,,,,
1019.0,1069.0,2024-11-17,2025-01-21,2026-01-21,56540.0,1009.0,1052.0,1019.0,,,,,,,,,
1020.0,1079.0,2025-02-20,2025-04-22,2026-04-22,39324.0,1169.0,1090.0,1020.0,,,,,,,,,
1021.0,1198.0,2024-11-17,2025-03-16,2030-03-16,24269.0,1173.0,1138.0,1021.0,,,,,,,,,
1022.0,1007.0,2024-11-10,2025-01-16,2026-01-16,30795.0,1190.0,1007.0,1022.0,,,,,,,,,
1023.0,1038.0,2024-09-25,2024-12-01,2028-12-01,54784.0,1135.0,1011.0,1023.0,,,,,,,,,
1024.0,1115.0,2025-04-08,2025-05-11,2029-05-11,38074.0,1056.0,1129.0,1024.0,,,,,,,,,
1025.0,1050.0,2025-01-02,2025-03-08,2028-03-08,55236.0,1197.0,1102.0,1025.0,,,,,,,,,
1026.0,1035.0,2024-07-11,2024-11-08,2028-11-08,28319.0,1077.0,1154.0,1026.0,,,,,,,,,
1027.0,1088.0,2024-12-18,2025-04-14,2027-04-14,38929.0,1047.0,1109.0,1027.0,,,,,,,,,
1028.0,1013.0,2025-01-15,2025-04-05,2026-04-05,27956.0,1165.0,1189.0,1028.0,,,,,,,,,
1029.0,1161.0,2024-11-04,2025-02-02,2027-02-02,17931.0,1096.0,1136.0,1029.0,,,,,,,,,
1030.0,1006.0,2025-05-03,2025-07-30,2029-07-30,41448.0,1140.0,1017.0,1030.0,,,,,,,,,
1031.0,1150.0,2024-04-15,2024-06-13,2025-06-13,32508.0,1144.0,1043.0,1031.0,,,,,,,,,
1032.0,1081.0,2024-06-14,2024-08-02,2026-08-02,34816.0,1102.0,1190.0,1032.0,,,,,,,,,
1033.0,1040.0,2024-08-26,2024-10-31,2026-10-31,,1090.0,1125.0,1033.0,,,,,,,,,
1034.0,1182.0,2024-06-26,2024-10-24,2027-10-24,59262.0,1004.0,1083.0,1034.0,,,,,,,,,
1035.0,1098.0,2025-04-16,2025-08-15,2027-08-15,70552.0,1028.0,1073.0,1035.0,,,,,,,,,
1036.0,1185.0,2025-03-08,2025-07-05,2028-07-05,47176.0,1152.0,1096.0,1036.0,,,,,,,,,
1037.0,1188.0,2024-05-20,2024-08-31,2025-08-31,39742.0,1176.0,1079.0,1037.0,,,,,,,,,
1038.0,1024.0,2024-07-22,2024-09-14,2026-09-14,33121.0,1060.0,1142.0,1038.0,,,,,,,,,
1039.0,1154.0,2024-10-07,2024-12-04,2028-12-04,19287.0,1035.0,1013.0,1039.0,,,,,,,,,
1040.0,1066.0,2025-02-08,2025-04-27,2027-04-27,42580.0,1193.0,1194.0,1040.0,,,,,,,,,
1041.0,1125.0,2024-08-11,2024-11-27,2028-11-27,18707.0,1158.0,1160.0,1041.0,,,,,,,,,
1042.0,1054.0,2024-05-26,2024-09-24,2028-09-24,44898.0,1013.0,1054.0,1042.0,,,,,,,,,
1043.0,1124.0,2024-11-22,2025-02-21,2029-02-21,24099.0,1120.0,1191.0,1043.0,,,,,,,,,
1044.0,1109.0,2024-08-02,2024-10-07,2025-10-07,49666.0,1138.0,1185.0,1044.0,,,,,,,,,
1045.0,1021.0,2025-01-24,2025-04-05,2030-04-05,38815.0,1151.0,1071.0,1045.0,,,,,,,,,
1046.0,1194.0,2025-04-11,2025-06-19,2030-06-19,49261.0,1025.0,1016.0,1046.0,,,,,,,,,
1047.0,1065.0,2024-10-22,2024-12-24,2029-12-24,,1034.0,1155.0,1047.0,,,,,,,,,
1048.0,1122.0,2024-09-18,2025-01-18,2030-01-18,70029.0,1073.0,1023.0,1048.0,,,,,,,,,
1049.0,1106.0,2024-07-30,2024-10-14,2027-10-14,56870.0,1160.0,1132.0,1049.0,,,,,,,,,
1050.0,1093.0,2024-07-20,2024-08-21,2027-08-21,21681.0,1014.0,1001.0,1050.0,,,,,,,,,
1051.0,1195.0,2024-11-22,2025-03-01,2028-03-01,,1091.0,1019.0,1051.0,,,,,,,,,
1052.0,1016.0,2025-04-21,2025-05-27,2026-05-27,34352.0,1098.0,1048.0,1052.0,,,,,,,,,
1053.0,1130.0,2024-05-20,2024-07-17,2025-07-17,18338.0,1088.0,1128.0,1053.0,,,,,,,,,
1054.0,1163.0,2024-08-02,2024-10-25,2029-10-25,22695.0,1054.0,1140.0,1054.0,,,,,,,,,
1055.0,1039.0,2024-06-03,2024-09-25,2028-09-25,52133.0,1129.0,1080.0,1055.0,,,,,,,,,
1056.0,1019.0,2025-02-13,2025-06-10,2029-06-10,67335.0,1066.0,1148.0,1056.0,,,,,,,,,
1057.0,1120.0,2024-11-12,2024-12-13,2025-12-13,42680.0,1182.0,1059.0,1057.0,,,,,,,,,
1058.0,1114.0,2024-06-28,2024-09-02,2028-09-02,41738.0,1031.0,1076.0,1058.0,,,,,,,,,
1059.0,1148.0,2024-06-02,2024-09-17,2025-09-17,15415.0,1089.0,1112.0,1059.0,,,,,,,,,
1060.0,1135.0,2024-05-19,2024-08-24,2027-08-24,69618.0,1008.0,1097.0,1060.0,,,,,,,,,
1061.0,1179.0,2025-02-11,2025-03-20,2028-03-20,54774.0,1007.0,1178.0,1061.0,,,,,,,,,
1062.0,1156.0,2024-11-10,2025-02-28,2030-02-28,45973.0,1081.0,1008.0,1062.0,,,,,,,,,
1063.0,1028.0,2024-06-30,2024-09-29,2029-09-29,15960.0,1171.0,1101.0,1063.0,,,,,,,,,
1064.0,1143.0,2025-01-03,2025-04-11,2028-04-11,41716.0,1085.0,1063.0,1064.0,,,,,,,,,
1065.0,1077.0,2024-11-01,2025-02-21,2030-02-21,37929.0,1021.0,1133.0,1065.0,,,,,,,,,
1066.0,1144.0,2024-08-26,2024-11-17,2028-11-17,51251.0,1148.0,1077.0,1066.0,,,,,,,,,
1067.0,1037.0,2025-05-28,2025-08-11,2026-08-11,18768.0,1048.0,1106.0,1067.0,,,,,,,,,
1068.0,1129.0,2024-10-27,2025-01-07,2029-01-07,39729.0,1107.0,1131.0,1068.0,,,,,,,,,
1069.0,1096.0,2024-10-07,2024-12-29,2025-12-29,18785.0,1055.0,1186.0,1069.0,,,,,,,,,
1070.0,1153.0,2025-06-26,2025-09-20,2027-09-20,67907.0,1005.0,1173.0,1070.0,,,,,,,,,
1071.0,1062.0,2025-05-26,2025-09-05,2026-09-05,,1112.0,1168.0,1071.0,,,,,,,,,
1072.0,1142.0,2024-05-26,2024-08-25,2028-08-25,28387.0,1061.0,1164.0,1072.0,,,,,,,,,
1073.0,1147.0,2025-02-14,2025-06-13,2027-06-13,,1080.0,1119.0,1073.0,,,,,,,,,
1074.0,1136.0,2024-10-23,2024-12-18,2028-12-18,53609.0,1191.0,1037.0,1074.0,,,,,,,,,
1075.0,1089.0,2025-01-14,2025-02-23,2027-02-23,30116.0,1064.0,1003.0,1075.0,,,,,,,,,
1076.0,1184.0,2024-06-20,2024-09-23,2029-09-23,52638.0,1036.0,1184.0,1076.0,,,,,,,,,
1077.0,1064.0,2025-02-25,2025-05-23,2028-05-23,53872.0,1180.0,1179.0,1077.0,,,,,,,,,
1078.0,1083.0,2024-10-18,2024-12-17,2028-12-17,,1177.0,1180.0,1078.0,,,,,,,,,
1079.0,1034.0,2024-07-09,2024-10-30,2029-10-30,25194.0,1136.0,1199.0,1079.0,,,,,,,,,
1080.0,1197.0,2025-03-14,2025-06-08,2029-06-08,70839.0,1016.0,1018.0,1080.0,,,,,,,,,
1081.0,1002.0,2025-01-25,2025-04-03,2030-04-03,44144.0,1166.0,1028.0,1081.0,,,,,,,,,
1082.0,1018.0,2024-08-31,2024-11-06,2025-11-06,57531.0,1145.0,1082.0,1082.0,,,,,,,,,
1083.0,1164.0,2025-03-09,2025-06-22,2029-06-22,72715.0,1062.0,1039.0,1083.0,,,,,,,,,
1084.0,1191.0,2025-02-08,2025-05-02,2028-05-02,65390.0,1029.0,1005.0,1084.0,,,,,,,,,
1085.0,1181.0,2024-08-29,2024-10-21,2029-10-21,18300.0,1011.0,1181.0,1085.0,,,,,,,,,
1086.0,1049.0,2024-07-28,2024-11-20,2026-11-20,21338.0,1114.0,1070.0,1086.0,,,,,,,,,
1087.0,1067.0,2024-12-03,2025-01-11,2029-01-11,30858.0,1079.0,1022.0,1087.0,,,,,,,,,
1088.0,1138.0,2025-03-16,2025-07-09,2027-07-09,34536.0,1046.0,1042.0,1088.0,,,,,,,,,
1089.0,1044.0,2024-08-18,2024-10-26,2026-10-26,62132.0,1026.0,1060.0,1089.0,,,,,,,,,
1090.0,1175.0,2025-05-21,2025-09-13,2028-09-13,31135.0,1020.0,1100.0,1090.0,,,,,,,,,
1091.0,1190.0,2025-01-04,2025-04-28,2029-04-28,73036.0,1078.0,1015.0,1091.0,,,,,,,,,
1092.0,1080.0,2025-04-16,2025-07-24,2027-07-24,73820.0,1101.0,1044.0,1092.0,,,,,,,,,
1093.0,1078.0,2024-07-08,2024-10-19,2025-10-19,,1200.0,1107.0,1093.0,,,,,,,,,
1094.0,1055.0,2024-05-08,2024-07-18,2028-07-18,16906.0,1093.0,1108.0,1094.0,,,,,,,,,
1095.0,1145.0,2025-05-09,2025-08-24,2029-08-24,23978.0,1059.0,1183.0,1095.0,,,,,,,,,
1096.0,1086.0,2025-01-07,2025-02-15,2029-02-15,40284.0,1142.0,1118.0,1096.0,,,,,,,,,
1097.0,1073.0,2024-12-09,2025-02-27,2027-02-27,39307.0,1001.0,1014.0,1097.0,,,,,,,,,
1098.0,1005.0,2025-02-28,2025-06-28,2026-06-28,,1040.0,1110.0,1098.0,,,,,,,,,
1099.0,1176.0,2024-10-16,2025-02-06,2026-02-06,31924.0,1074.0,1074.0,1099.0,,,,,,,,,
1100.0,1126.0,2024-05-05,2024-06-21,2028-06-21,72940.0,1150.0,1127.0,1100.0,,,,,,,,,
1101.0,1095.0,2024-11-26,2025-01-28,2029-01-28,59350.0,1063.0,1141.0,1101.0,,,,,,,,,
1102.0,1033.0,2024-06-11,2024-08-16,2026-08-16,18244.0,1100.0,1188.0,1102.0,,,,,,,,,
1103.0,1001.0,2024-07-17,2024-09-22,2026-09-22,59926.0,1178.0,1174.0,1103.0,,,,,,,,,
1104.0,1173.0,2024-08-17,2024-09-22,2026-09-22,57300.0,1146.0,1193.0,1104.0,,,,,,,,,
1105.0,1128.0,2024-10-09,2025-01-31,2029-01-31,63308.0,1155.0,1086.0,1105.0,,,,,,,,,
1106.0,1017.0,2024-09-07,2024-12-16,2027-12-16,32624.0,1147.0,1192.0,1106.0,,,,,,,,,
1107.0,1084.0,2024-04-04,2024-07-26,2028-07-26,74103.0,1118.0,1111.0,1107.0,,,,,,,,,
1108.0,1090.0,2025-02-28,2025-06-30,2030-06-30,16745.0,1185.0,1057.0,1108.0,,,,,,,,,
1109.0,1171.0,2024-06-01,2024-07-29,2028-07-29,23113.0,1084.0,1066.0,1109.0,,,,,,,,,
1110.0,1099.0,2024-07-22,2024-08-28,2025-08-28,30253.0,1050.0,1041.0,1110.0,,,,,,,,,
1111.0,1042.0,2024-10-12,2024-12-17,2029-12-17,,1159.0,1121.0,1111.0,,,,,,,,,
1112.0,1076.0,2025-05-02,2025-07-20,2026-07-20,29083.0,1187.0,1161.0,1112.0,,,,,,,,,
1113.0,1111.0,2025-02-23,2025-03-24,2028-03-24,35047.0,1143.0,1065.0,1113.0,,,,,,,,,
1114.0,1082.0,2024-10-21,2024-12-26,2026-12-26,63598.0,1002.0,1152.0,1114.0,,,,,,,,,
1115.0,1091.0,2025-06-26,2025-09-04,2030-09-04,73216.0,1044.0,1030.0,1115.0,,,,,,,,,
1116.0,1152.0,2024-09-08,2024-10-10,2027-10-10,39621.0,1167.0,1069.0,1116.0,,,,,,,,,
1117.0,1004.0,2025-05-09,2025-08-18,2028-08-18,61736.0,1109.0,1062.0,1117.0,,,,,,,,,
1118.0,1087.0,2024-12-29,2025-02-13,2026-02-13,31609.0,1057.0,1035.0,1118.0,,,,,,,,,
1119.0,1187.0,2025-05-06,2025-07-08,2029-07-08,50778.0,1157.0,1098.0,1119.0,,,,,,,,,
1120.0,1023.0,2025-02-27,2025-04-11,2026-04-11,65403.0,1186.0,1085.0,1120.0,,,,,,,,,
1121.0,1074.0,2024-05-06,2024-06-26,2027-06-26,42594.0,1103.0,1021.0,1121.0,,,,,,,,,
1122.0,1052.0,2024-04-18,2024-05-24,2027-05-24,53859.0,1196.0,1088.0,1122.0,,,,,,,,,
1123.0,1022.0,2024-05-02,2024-08-30,2025-08-30,39685.0,1086.0,1157.0,1123.0,,,,,,,,,
1124.0,1011.0,2024-04-08,2024-08-06,2025-08-06,52198.0,1174.0,1064.0,1124.0,,,,,,,,,
1125.0,1118.0,2024-10-27,2024-12-16,2027-12-16,40578.0,1122.0,1113.0,1125.0,,,,,,,,,
1126.0,1031.0,2025-03-10,2025-05-29,2027-05-29,19340.0,1099.0,1124.0,1126.0,,,,,,,,,
1127.0,1068.0,2025-02-18,2025-06-07,2030-06-07,66950.0,1087.0,1040.0,1127.0,,,,,,,,,
1128.0,1056.0,2025-01-26,2025-03-05,2028-03-05,23576.0,1053.0,1175.0,1128.0,,,,,,,,,
1129.0,1036.0,2025-01-07,2025-02-19,2026-02-19,33638.0,1094.0,1158.0,1129.0,,,,,,,,,
1130.0,1112.0,2024-06-08,2024-10-08,2027-10-08,61013.0,1041.0,1047.0,1130.0,,,,,,,,,
1131.0,1151.0,2024-10-14,2025-01-06,2026-01-06,62107.0,1110.0,1144.0,1131.0,,,,,,,,,
1132.0,1071.0,2024-12-09,2025-03-19,2030-03-19,70936.0,1189.0,1156.0,1132.0,,,,,,,,,
1133.0,1104.0,2025-03-07,2025-07-04,2028-07-04,25189.0,1067.0,1027.0,1133.0,,,,,,,,,
1134.0,1102.0,2024-12-03,2025-02-06,2028-02-06,44858.0,1195.0,1026.0,1134.0,,,,,,,,,
1135.0,1166.0,2024-11-19,2025-03-01,2027-03-01,74726.0,1163.0,1122.0,1135.0,,,,,,,,,
1136.0,1160.0,2024-08-11,2024-10-19,2027-10-19,27844.0,1033.0,1068.0,1136.0,,,,,,,,,
1137.0,1169.0,2024-07-24,2024-09-06,2026-09-06,44520.0,1183.0,1087.0,1137.0,,,,,,,,,
1138.0,1057.0,2024-08-26,2024-11-27,2027-11-27,46091.0,1170.0,1123.0,1138.0,,,,,,,,,
1139.0,1060.0,2025-03-14,2025-05-20,2030-05-20,31047.0,1194.0,1167.0,1139.0,,,,,,,,,
1140.0,1075.0,2025-02-27,2025-05-17,2028-05-17,46106.0,1068.0,1075.0,1140.0,,,,,,,,,
1141.0,1008.0,2024-07-26,2024-11-20,2028-11-20,73916.0,1095.0,1056.0,1141.0,,,,,,,,,
1142.0,1119.0,2024-11-25,2025-01-10,2030-01-10,63578.0,1115.0,1058.0,1142.0,,,,,,,,,
1143.0,1058.0,2024-08-21,2024-11-26,2026-11-26,33773.0,1181.0,1029.0,1143.0,,,,,,,,,
1144.0,1103.0,2024-06-30,2024-08-04,2026-08-04,43793.0,1038.0,1197.0,1144.0,,,,,,,,,
1145.0,1159.0,2024-10-04,2025-01-31,2026-01-31,33915.0,1127.0,1093.0,1145.0,,,,,,,,,
1146.0,1140.0,2025-02-13,2025-04-28,2028-04-28,33191.0,1184.0,1195.0,1146.0,,,,,,,,,
1147.0,1003.0,2024-06-21,2024-08-15,2029-08-15,21244.0,1126.0,1147.0,1147.0,,,,,,,,,
1148.0,1137.0,2024-10-06,2025-01-22,2027-01-22,55333.0,1116.0,1010.0,1148.0,,,,,,,,,
1149.0,1012.0,2024-09-21,2024-10-23,2025-10-23,38212.0,1106.0,1078.0,1149.0,,,,,,,,,
1150.0,1141.0,2024-10-22,2024-12-16,2027-12-16,19614.0,1076.0,1034.0,1150.0,,,,,,,,,
1151.0,1167.0,2025-05-27,2025-07-30,2028-07-30,20176.0,1162.0,1002.0,1151.0,,,,,,,,,
1152.0,1046.0,2024-05-31,2024-08-13,2028-08-13,20438.0,1071.0,1032.0,1152.0,,,,,,,,,
1153.0,1108.0,2024-09-15,2024-11-25,2029-11-25,,1179.0,1061.0,1153.0,,,,,,,,,
1154.0,1025.0,2024-12-26,2025-02-21,2028-02-21,17005.0,1083.0,1200.0,1154.0,,,,,,,,,
1155.0,1196.0,2024-05-03,2024-06-30,2028-06-30,61105.0,1164.0,1182.0,1155.0,,,,,,,,,
1156.0,1100.0,2025-01-31,2025-04-17,2030-04-17,48604.0,1075.0,1171.0,1156.0,,,,,,,,,
1157.0,1170.0,2025-01-17,2025-03-10,2029-03-10,67037.0,1032.0,1117.0,1157.0,,,,,,,,,
1158.0,1177.0,2024-06-02,2024-09-20,2026-09-20,70903.0,1030.0,1159.0,1158.0,,,,,,,,,
1159.0,1030.0,2024-10-10,2025-01-19,2026-01-19,74292.0,1082.0,1172.0,1159.0,,,,,,,,,
1160.0,1123.0,2024-11-01,2024-12-22,2028-12-22,66628.0,1125.0,1116.0,1160.0,,,,,,,,,
1161.0,1059.0,2024-03-24,2024-06-22,2025-06-22,65888.0,1051.0,1092.0,1161.0,,,,,,,,,
1162.0,1097.0,2025-05-21,2025-08-07,2026-08-07,28842.0,1072.0,1149.0,1162.0,,,,,,,,,
1163.0,1146.0,2025-06-20,2025-10-14,2028-10-14,27875.0,1097.0,1104.0,1163.0,,,,,,,,,
1164.0,1061.0,2024-06-22,2024-10-04,2028-10-04,26595.0,1017.0,1094.0,1164.0,,,,,,,,,
1165.0,1045.0,2025-01-26,2025-05-05,2028-05-05,25261.0,1132.0,1139.0,1165.0,,,,,,,,,
1166.0,1199.0,2025-01-28,2025-03-07,2028-03-07,29815.0,1065.0,1166.0,1166.0,,,,,,,,,
1167.0,1041.0,2024-05-24,2024-06-28,2029-06-28,49555.0,1141.0,1089.0,1167.0,,,,,,,,,
1168.0,1110.0,2024-03-14,2024-05-12,2025-05-12,62743.0,1104.0,1012.0,1168.0,,,,,,,,,
1169.0,1149.0,2024-09-13,2024-12-15,2029-12-15,36351.0,1111.0,1095.0,1169.0,,,,,,,,,
1170.0,1026.0,2024-05-05,2024-08-27,2029-08-27,43823.0,1022.0,1153.0,1170.0,,,,,,,,,
1171.0,1107.0,2025-02-12,2025-06-01,2029-06-01,27869.0,1105.0,1004.0,1171.0,,,,,,,,,
1172.0,1165.0,2024-08-17,2024-11-01,2025-11-01,50130.0,1043.0,1143.0,1172.0,,,,,,,,,
1173.0,1029.0,2024-03-18,2024-05-30,2027-05-30,69960.0,1133.0,1025.0,1173.0,,,,,,,,,
1174.0,1178.0,2025-03-24,2025-05-04,2029-05-04,21607.0,1019.0,1105.0,1174.0,,,,,,,,,
1175.0,1158.0,2024-09-07,2024-12-06,2028-12-06,,1010.0,1009.0,1175.0,,,,,,,,,
1176.0,1157.0,2024-07-04,2024-09-29,2029-09-29,52209.0,1042.0,1137.0,1176.0,,,,,,,,,
1177.0,1189.0,2024-08-21,2024-10-07,2028-10-07,51532.0,1199.0,1033.0,1177.0,,,,,,,,,
1178.0,1131.0,2024-09-29,2025-01-16,2030-01-16,39320.0,1168.0,1072.0,1178.0,,,,,,,,,
1179.0,1020.0,2024-08-13,2024-11-24,2026-11-24,45937.0,1023.0,1162.0,1179.0,,,,,,,,,
1180.0,1116.0,2025-03-22,2025-05-05,2030-05-05,49968.0,1073.0,1103.0,1180.0,,,,,,,,,
1181.0,1117.0,2025-01-05,2025-04-01,2028-04-01,62816.0,1088.0,1151.0,1181.0,,,,,,,,,
1182.0,1191.0,2025-03-08,2025-05-26,2029-05-26,65665.0,1063.0,1145.0,1182.0,,,,,,,,,
1183.0,1094.0,2024-06-13,2024-10-09,2026-10-09,65092.0,1193.0,1155.0,1183.0,,,,,,,,,
1184.0,1045.0,2024-10-26,2025-01-18,2030-01-18,62907.0,1053.0,1061.0,1184.0,,,,,,,,,
1185.0,1046.0,2024-06-30,2024-10-01,2027-10-01,22807.0,1041.0,1084.0,1185.0,,,,,,,,,
1186.0,1125.0,2024-10-11,2024-11-23,2029-11-23,,1064.0,1009.0,1186.0,,,,,,,,,
1187.0,1196.0,2024-04-03,2024-07-15,2026-07-15,63545.0,1186.0,1052.0,1187.0,,,,,,,,,
1188.0,1112.0,2024-03-08,2024-04-22,2028-04-22,72176.0,1114.0,1089.0,1188.0,,,,,,,,,
1189.0,1199.0,2025-02-28,2025-05-30,2028-05-30,47336.0,1159.0,1147.0,1189.0,,,,,,,,,
1190.0,1122.0,2024-10-18,2025-01-09,2027-01-09,17273.0,1095.0,1144.0,1190.0,,,,,,,,,
1191.0,1156.0,2024-09-10,2024-11-29,2029-11-29,24578.0,1085.0,1027.0,1191.0,,,,,,,,,
1192.0,1130.0,2024-07-20,2024-09-16,2027-09-16,37985.0,1177.0,1037.0,1192.0,,,,,,,,,
1193.0,1157.0,2024-08-04,2024-09-11,2027-09-11,30569.0,1103.0,1065.0,1193.0,,,,,,,,,
1194.0,1134.0,2025-06-22,2025-09-20,2027-09-20,32630.0,1099.0,1058.0,1194.0,,,,,,,,,
1195.0,1021.0,2024-12-24,2025-04-17,2029-04-17,36483.0,1167.0,1102.0,1195.0,,,,,,,,,
1196.0,1073.0,2025-02-09,2025-06-11,2027-06-11,71385.0,1119.0,1107.0,1196.0,,,,,,,,,
1197.0,1142.0,2024-04-26,2024-07-21,2029-07-21,51765.0,1158.0,1168.0,1197.0,,,,,,,,,
1198.0,1163.0,2024-06-02,2024-07-04,2028-07-04,58339.0,1019.0,1115.0,1198.0,,,,,,,,,
1199.0,1048.0,2024-07-17,2024-11-16,2028-11-16,54281.0,1093.0,1101.0,1199.0,,,,,,,,,
1200.0,1039.0,2024-07-03,2024-10-27,2028-10-27,29947.0,1011.0,1030.0,1200.0,,,,,,,,,
,,,,,,,,,2.0,126.0,8/17/2023,9/21/2021,1/2/2020,2.0,926.0,637.0,644.0
,,,,,,,,,3.0,192.0,8/18/2019,10/5/2020,11/13/2028,3.0,454.0,372.0,504.0
,,,,,,,,,4.0,102.0,10/15/2023,1/27/2021,5/6/2020,4.0,692.0,364.0,297.0
,,,,,,,,,5.0,628.0,6/7/2022,1/23/2021,12/28/2022,5.0,129.0,63.0,841.0
,,,,,,,,,6.0,353.0,3/14/2020,9/27/2021,11/23/2026,6.0,75.0,841.0,825.0
,,,,,,,,,7.0,125.0,10/1/2023,11/24/2023,4/14/2027,7.0,823.0,244.0,984.0
,,,,,,,,,8.0,343.0,1/31/2023,10/7/2023,7/18/2027,8.0,293.0,665.0,205.0
,,,,,,,,,9.0,585.0,4/19/2020,4/5/2021,2/27/2025,9.0,20.0,684.0,361.0
,,,,,,,,,10.0,448.0,5/11/2022,3/20/2020,8/14/2027,10.0,121.0,670.0,636.0
