sale_id,property_id,sale_date,client_id,commission_id,sale_amount,1,1.1,6/5/2021,1.2,1.3,39598.84,8/13/2023,23912.24,2/7/2024,666515.2
1.0,389.0,2023-05-11,124.0,250.0,593524.0,,,,,,,,,,
2.0,715.0,2023-07-30,966.0,764.0,223828.0,,,,,,,,,,
3.0,236.0,2019-03-23,133.0,308.0,924488.0,,,,,,,,,,
4.0,195.0,2020-11-14,423.0,233.0,607595.0,,,,,,,,,,
5.0,936.0,2020-05-25,564.0,449.0,824381.0,,,,,,,,,,
6.0,732.0,2020-09-29,388.0,710.0,332371.0,,,,,,,,,,
7.0,879.0,2023-02-17,949.0,931.0,288221.0,,,,,,,,,,
8.0,648.0,2023-11-06,906.0,992.0,352138.0,,,,,,,,,,
9.0,191.0,2023-12-23,148.0,487.0,247777.0,,,,,,,,,,
10.0,181.0,2023-12-09,287.0,408.0,364858.0,,,,,,,,,,
11.0,992.0,2020-07-19,32.0,517.0,218335.0,,,,,,,,,,
12.0,393.0,2020-04-20,674.0,70.0,390042.0,,,,,,,,,,
13.0,351.0,2020-06-21,967.0,977.0,175018.0,,,,,,,,,,
14.0,374.0,2022-12-02,116.0,785.0,621278.0,,,,,,,,,,
15.0,828.0,2023-03-21,997.0,206.0,406131.0,,,,,,,,,,
16.0,575.0,2021-09-10,893.0,193.0,607759.0,,,,,,,,,,
17.0,882.0,2022-02-15,285.0,540.0,486641.0,,,,,,,,,,
18.0,848.0,2023-06-20,361.0,615.0,277775.0,,,,,,,,,,
19.0,87.0,2022-03-24,299.0,299.0,254540.0,,,,,,,,,,
20.0,30.0,2021-07-16,300.0,804.0,755814.0,,,,,,,,,,
21.0,95.0,2019-09-08,882.0,927.0,753051.0,,,,,,,,,,
22.0,223.0,2022-10-13,201.0,728.0,815818.0,,,,,,,,,,
23.0,426.0,2023-06-09,8.0,598.0,220134.0,,,,,,,,,,
24.0,773.0,2022-01-05,290.0,209.0,620740.0,,,,,,,,,,
25.0,996.0,2023-11-25,74.0,656.0,391520.0,,,,,,,,,,
26.0,242.0,2023-04-17,448.0,171.0,785425.0,,,,,,,,,,
27.0,404.0,2024-05-07,686.0,285.0,668875.0,,,,,,,,,,
28.0,873.0,2021-10-08,14.0,772.0,180353.0,,,,,,,,,,
29.0,554.0,2021-01-15,343.0,338.0,591965.0,,,,,,,,,,
30.0,1000.0,2022-02-28,492.0,959.0,716555.0,,,,,,,,,,
31.0,1.0,2022-10-20,937.0,432.0,779520.0,,,,,,,,,,
32.0,474.0,2020-03-19,198.0,717.0,767270.0,,,,,,,,,,
33.0,925.0,2022-03-01,342.0,708.0,614892.0,,,,,,,,,,
34.0,897.0,2020-04-26,885.0,284.0,607453.0,,,,,,,,,,
35.0,502.0,2024-01-10,337.0,74.0,383852.0,,,,,,,,,,
36.0,56.0,2022-06-24,877.0,159.0,293431.0,,,,,,,,,,
37.0,137.0,2021-02-10,528.0,169.0,454953.0,,,,,,,,,,
38.0,548.0,2022-04-14,332.0,884.0,737728.0,,,,,,,,,,
39.0,577.0,2020-05-27,629.0,135.0,267040.0,,,,,,,,,,
40.0,214.0,2021-09-27,912.0,392.0,768412.0,,,,,,,,,,
41.0,970.0,2019-07-16,362.0,38.0,947525.0,,,,,,,,,,
42.0,369.0,2023-10-16,79.0,830.0,437584.0,,,,,,,,,,
43.0,656.0,2020-07-18,689.0,564.0,281752.0,,,,,,,,,,
44.0,964.0,2019-09-20,182.0,512.0,500753.0,,,,,,,,,,
45.0,32.0,2021-04-12,323.0,889.0,887658.0,,,,,,,,,,
46.0,889.0,2022-09-07,166.0,642.0,778684.0,,,,,,,,,,
47.0,892.0,2022-08-07,123.0,481.0,176590.0,,,,,,,,,,
48.0,968.0,2023-08-03,787.0,641.0,982168.0,,,,,,,,,,
49.0,112.0,2024-05-13,421.0,887.0,492550.0,,,,,,,,,,
50.0,290.0,2020-03-03,458.0,5.0,696239.0,,,,,,,,,,
51.0,255.0,2022-09-19,377.0,894.0,930849.0,,,,,,,,,,
52.0,900.0,2021-05-30,748.0,692.0,695407.0,,,,,,,,,,
53.0,658.0,2020-12-23,530.0,167.0,796221.0,,,,,,,,,,
54.0,332.0,2022-03-08,440.0,530.0,980784.0,,,,,,,,,,
55.0,533.0,2022-04-01,955.0,548.0,288916.0,,,,,,,,,,
56.0,117.0,2019-08-06,591.0,839.0,645291.0,,,,,,,,,,
57.0,868.0,2023-09-11,606.0,143.0,999173.0,,,,,,,,,,
58.0,600.0,2020-06-08,266.0,374.0,352003.0,,,,,,,,,,
59.0,736.0,2023-02-15,660.0,698.0,159229.0,,,,,,,,,,
60.0,976.0,2020-07-13,264.0,331.0,424862.0,,,,,,,,,,
61.0,319.0,2020-08-06,884.0,361.0,659364.0,,,,,,,,,,
62.0,152.0,2023-10-17,376.0,938.0,741057.0,,,,,,,,,,
63.0,624.0,2023-04-15,903.0,414.0,988065.0,,,,,,,,,,
64.0,299.0,2022-09-15,325.0,346.0,248923.0,,,,,,,,,,
65.0,969.0,2024-02-26,628.0,247.0,555575.0,,,,,,,,,,
66.0,534.0,2019-09-11,288.0,874.0,863080.0,,,,,,,,,,
67.0,659.0,2020-08-18,170.0,673.0,237683.0,,,,,,,,,,
68.0,43.0,2023-12-06,573.0,307.0,855571.0,,,,,,,,,,
69.0,812.0,2022-08-02,356.0,88.0,887071.0,,,,,,,,,,
70.0,618.0,2021-04-02,24.0,776.0,270896.0,,,,,,,,,,
71.0,768.0,2021-04-07,229.0,787.0,264189.0,,,,,,,,,,
72.0,3.0,2022-02-28,439.0,402.0,984819.0,,,,,,,,,,
73.0,414.0,2023-10-26,820.0,841.0,258019.0,,,,,,,,,,
74.0,110.0,2019-06-28,331.0,445.0,600801.0,,,,,,,,,,
75.0,665.0,2019-09-24,755.0,883.0,830723.0,,,,,,,,,,
76.0,82.0,2022-10-19,623.0,365.0,990639.0,,,,,,,,,,
77.0,305.0,2024-02-19,257.0,686.0,860635.0,,,,,,,,,,
78.0,851.0,2022-10-16,317.0,347.0,710933.0,,,,,,,,,,
79.0,824.0,2021-03-14,829.0,407.0,702666.0,,,,,,,,,,
80.0,612.0,2022-08-27,961.0,513.0,218406.0,,,,,,,,,,
81.0,59.0,2023-10-09,797.0,554.0,460707.0,,,,,,,,,,
82.0,995.0,2021-04-12,551.0,563.0,638022.0,,,,,,,,,,
83.0,64.0,2020-08-24,985.0,954.0,195107.0,,,,,,,,,,
84.0,796.0,2021-05-28,519.0,305.0,165741.0,,,,,,,,,,
85.0,35.0,2020-10-16,512.0,521.0,789843.0,,,,,,,,,,
86.0,407.0,2020-07-20,114.0,309.0,498746.0,,,,,,,,,,
87.0,589.0,2021-03-23,895.0,29.0,603626.0,,,,,,,,,,
88.0,601.0,2022-10-31,454.0,178.0,408291.0,,,,,,,,,,
89.0,161.0,2021-04-10,778.0,892.0,677617.0,,,,,,,,,,
90.0,655.0,2022-10-31,157.0,386.0,411878.0,,,,,,,,,,
91.0,113.0,2023-12-17,957.0,994.0,600320.0,,,,,,,,,,
92.0,672.0,2019-12-29,541.0,109.0,985495.0,,,,,,,,,,
93.0,166.0,2021-07-15,474.0,815.0,624797.0,,,,,,,,,,
94.0,651.0,2021-08-20,942.0,290.0,178307.0,,,,,,,,,,
95.0,678.0,2020-03-20,990.0,590.0,621833.0,,,,,,,,,,
96.0,825.0,2023-04-04,351.0,579.0,551536.0,,,,,,,,,,
97.0,653.0,2020-06-08,540.0,382.0,619114.0,,,,,,,,,,
98.0,866.0,2021-01-10,891.0,823.0,283087.0,,,,,,,,,,
99.0,838.0,2020-09-30,47.0,439.0,924090.0,,,,,,,,,,
100.0,524.0,2019-08-17,866.0,383.0,891497.0,,,,,,,,,,
101.0,691.0,2019-11-08,916.0,566.0,392484.0,,,,,,,,,,
102.0,212.0,2023-11-20,844.0,413.0,505592.0,,,,,,,,,,
103.0,628.0,2022-04-14,806.0,876.0,893651.0,,,,,,,,,,
104.0,835.0,2019-09-27,87.0,966.0,795729.0,,,,,,,,,,
105.0,646.0,2023-07-01,774.0,711.0,607950.0,,,,,,,,,,
106.0,335.0,2021-03-15,804.0,543.0,905531.0,,,,,,,,,,
107.0,759.0,2020-10-13,897.0,572.0,849219.0,,,,,,,,,,
108.0,286.0,2020-06-22,618.0,185.0,192591.0,,,,,,,,,,
109.0,151.0,2021-07-10,526.0,805.0,655321.0,,,,,,,,,,
110.0,121.0,2022-10-23,501.0,670.0,286213.0,,,,,,,,,,
111.0,654.0,2024-01-12,107.0,30.0,260371.0,,,,,,,,,,
112.0,291.0,2023-09-16,489.0,995.0,573796.0,,,,,,,,,,
113.0,956.0,2023-05-20,241.0,556.0,752234.0,,,,,,,,,,
114.0,617.0,2019-12-14,434.0,795.0,602051.0,,,,,,,,,,
115.0,769.0,2021-06-21,763.0,126.0,243175.0,,,,,,,,,,
116.0,326.0,2023-05-28,619.0,330.0,197314.0,,,,,,,,,,
117.0,639.0,2023-09-15,17.0,847.0,604437.0,,,,,,,,,,
118.0,167.0,2019-09-21,175.0,20.0,195422.0,,,,,,,,,,
119.0,400.0,2021-12-17,854.0,442.0,770633.0,,,,,,,,,,
120.0,739.0,2024-01-29,753.0,77.0,759619.0,,,,,,,,,,
121.0,849.0,2021-03-06,491.0,501.0,189023.0,,,,,,,,,,
122.0,820.0,2023-06-04,30.0,891.0,178547.0,,,,,,,,,,
123.0,549.0,2021-03-09,810.0,90.0,861735.0,,,,,,,,,,
124.0,572.0,2019-10-27,739.0,231.0,655257.0,,,,,,,,,,
125.0,952.0,2024-02-11,502.0,186.0,229650.0,,,,,,,,,,
126.0,583.0,2021-09-20,581.0,172.0,261015.0,,,,,,,,,,
127.0,503.0,2021-12-20,608.0,967.0,646732.0,,,,,,,,,,
128.0,693.0,2022-10-08,678.0,180.0,371588.0,,,,,,,,,,
129.0,226.0,2019-11-09,941.0,725.0,533596.0,,,,,,,,,,
130.0,249.0,2020-10-25,823.0,474.0,953231.0,,,,,,,,,,
131.0,677.0,2019-09-24,465.0,850.0,307740.0,,,,,,,,,,
132.0,757.0,2019-07-05,560.0,926.0,990765.0,,,,,,,,,,
133.0,687.0,2020-11-18,307.0,83.0,892032.0,,,,,,,,,,
134.0,419.0,2021-09-14,869.0,92.0,405713.0,,,,,,,,,,
135.0,154.0,2023-03-03,320.0,399.0,315758.0,,,,,,,,,,
136.0,31.0,2020-05-30,294.0,664.0,771208.0,,,,,,,,,,
137.0,315.0,2023-12-12,239.0,274.0,733442.0,,,,,,,,,,
138.0,159.0,2022-03-21,387.0,164.0,661504.0,,,,,,,,,,
139.0,210.0,2020-07-11,861.0,85.0,787546.0,,,,,,,,,,
140.0,744.0,2023-01-08,253.0,950.0,850060.0,,,,,,,,,,
141.0,41.0,2020-08-11,457.0,353.0,710409.0,,,,,,,,,,
142.0,244.0,2021-02-28,909.0,716.0,231613.0,,,,,,,,,,
143.0,980.0,2019-12-10,590.0,483.0,420759.0,,,,,,,,,,
144.0,445.0,2020-06-18,552.0,945.0,762190.0,,,,,,,,,,
145.0,180.0,2020-06-30,699.0,46.0,311897.0,,,,,,,,,,
146.0,921.0,2019-07-15,496.0,696.0,762944.0,,,,,,,,,,
147.0,629.0,2020-10-13,384.0,816.0,219496.0,,,,,,,,,,
148.0,578.0,2022-08-01,398.0,704.0,579546.0,,,,,,,,,,
149.0,287.0,2020-01-15,48.0,82.0,993348.0,,,,,,,,,,
150.0,483.0,2023-09-08,302.0,44.0,814222.0,,,,,,,,,,
151.0,303.0,2023-07-22,826.0,619.0,224015.0,,,,,,,,,,
152.0,535.0,2020-12-23,889.0,885.0,532280.0,,,,,,,,,,
153.0,997.0,2023-03-30,269.0,626.0,203070.0,,,,,,,,,,
154.0,598.0,2021-09-16,153.0,219.0,426131.0,,,,,,,,,,
155.0,785.0,2023-06-23,929.0,783.0,608791.0,,,,,,,,,,
156.0,209.0,2021-10-08,612.0,557.0,261322.0,,,,,,,,,,
157.0,36.0,2022-05-12,639.0,485.0,441169.0,,,,,,,,,,
158.0,463.0,2021-04-11,368.0,99.0,379635.0,,,,,,,,,,
159.0,690.0,2021-03-28,99.0,855.0,410792.0,,,,,,,,,,
160.0,330.0,2024-02-23,762.0,866.0,718911.0,,,,,,,,,,
161.0,565.0,2021-07-24,409.0,113.0,478464.0,,,,,,,,,,
162.0,763.0,2023-09-07,691.0,214.0,266155.0,,,,,,,,,,
163.0,91.0,2021-07-06,731.0,552.0,860843.0,,,,,,,,,,
164.0,597.0,2021-10-11,832.0,720.0,642735.0,,,,,,,,,,
165.0,383.0,2020-07-05,242.0,316.0,953542.0,,,,,,,,,,
166.0,310.0,2019-05-19,188.0,518.0,363556.0,,,,,,,,,,
167.0,702.0,2022-05-17,27.0,404.0,870392.0,,,,,,,,,,
168.0,943.0,2024-01-12,167.0,727.0,511864.0,,,,,,,,,,
169.0,845.0,2022-12-22,105.0,981.0,739184.0,,,,,,,,,,
170.0,272.0,2020-09-02,548.0,128.0,751218.0,,,,,,,,,,
171.0,748.0,2019-09-06,696.0,39.0,155975.0,,,,,,,,,,
172.0,7.0,2021-06-13,416.0,726.0,169219.0,,,,,,,,,,
173.0,560.0,2022-09-06,636.0,610.0,330017.0,,,,,,,,,,
174.0,643.0,2024-03-04,52.0,437.0,734009.0,,,,,,,,,,
175.0,302.0,2023-11-06,13.0,197.0,454684.0,,,,,,,,,,
176.0,143.0,2023-12-19,842.0,792.0,447386.0,,,,,,,,,,
177.0,375.0,2023-04-03,611.0,722.0,281905.0,,,,,,,,,,
178.0,267.0,2021-05-11,213.0,138.0,573533.0,,,,,,,,,,
179.0,510.0,2020-11-07,697.0,72.0,894343.0,,,,,,,,,,
180.0,456.0,2019-05-02,161.0,569.0,615771.0,,,,,,,,,,
181.0,663.0,2022-03-10,189.0,118.0,607535.0,,,,,,,,,,
182.0,68.0,2019-09-23,680.0,390.0,187067.0,,,,,,,,,,
183.0,760.0,2023-08-01,235.0,985.0,196373.0,,,,,,,,,,
184.0,101.0,2023-04-13,202.0,762.0,394647.0,,,,,,,,,,
185.0,765.0,2021-04-08,989.0,613.0,179187.0,,,,,,,,,,
186.0,29.0,2023-09-18,940.0,22.0,338815.0,,,,,,,,,,
187.0,914.0,2023-06-18,557.0,740.0,154850.0,,,,,,,,,,
188.0,791.0,2023-10-18,216.0,515.0,918425.0,,,,,,,,,,
189.0,301.0,2019-12-28,390.0,181.0,275795.0,,,,,,,,,,
190.0,613.0,2020-12-04,720.0,915.0,239206.0,,,,,,,,,,
191.0,324.0,2023-07-03,373.0,249.0,349588.0,,,,,,,,,,
192.0,65.0,2019-04-29,61.0,971.0,277084.0,,,,,,,,,,
193.0,232.0,2021-01-15,975.0,104.0,634230.0,,,,,,,,,,
194.0,664.0,2023-09-02,40.0,59.0,171345.0,,,,,,,,,,
195.0,719.0,2021-12-03,38.0,136.0,938874.0,,,,,,,,,,
196.0,762.0,2023-03-20,931.0,58.0,701206.0,,,,,,,,,,
197.0,202.0,2022-04-02,304.0,195.0,326793.0,,,,,,,,,,
198.0,937.0,2020-06-21,584.0,464.0,972959.0,,,,,,,,,,
199.0,427.0,2019-08-29,932.0,448.0,646644.0,,,,,,,,,,
200.0,611.0,2022-12-30,946.0,803.0,447194.0,,,,,,,,,,
201.0,923.0,2024-04-11,484.0,194.0,342609.0,,,,,,,,,,
202.0,149.0,2020-09-12,194.0,882.0,967022.0,,,,,,,,,,
203.0,24.0,2019-12-09,453.0,184.0,553429.0,,,,,,,,,,
204.0,11.0,2020-05-23,200.0,699.0,497314.0,,,,,,,,,,
205.0,772.0,2022-06-29,363.0,630.0,801282.0,,,,,,,,,,
206.0,250.0,2021-08-10,874.0,53.0,632135.0,,,,,,,,,,
207.0,706.0,2019-08-20,705.0,907.0,351820.0,,,,,,,,,,
208.0,523.0,2022-07-23,25.0,936.0,306642.0,,,,,,,,,,
209.0,342.0,2021-07-12,943.0,27.0,978702.0,,,,,,,,,,
210.0,48.0,2023-08-11,82.0,520.0,532635.0,,,,,,,,,,
211.0,680.0,2019-10-31,790.0,122.0,594096.0,,,,,,,,,,
212.0,124.0,2021-08-24,965.0,571.0,990559.0,,,,,,,,,,
213.0,422.0,2023-10-20,727.0,498.0,671557.0,,,,,,,,,,
214.0,770.0,2023-01-12,769.0,320.0,415666.0,,,,,,,,,,
215.0,558.0,2020-07-27,852.0,957.0,185335.0,,,,,,,,,,
216.0,531.0,2022-02-20,221.0,421.0,767418.0,,,,,,,,,,
217.0,837.0,2022-07-10,6.0,930.0,463622.0,,,,,,,,,,
218.0,511.0,2021-06-27,149.0,310.0,993188.0,,,,,,,,,,
219.0,588.0,2024-03-21,993.0,914.0,641405.0,,,,,,,,,,
220.0,259.0,2019-09-05,601.0,834.0,453600.0,,,,,,,,,,
221.0,632.0,2020-07-11,101.0,455.0,225344.0,,,,,,,,,,
222.0,8.0,2020-03-31,655.0,671.0,741654.0,,,,,,,,,,
223.0,962.0,2023-02-20,926.0,225.0,462190.0,,,,,,,,,,
224.0,553.0,2021-12-27,154.0,499.0,790083.0,,,,,,,,,,
225.0,895.0,2022-12-26,522.0,326.0,652111.0,,,,,,,,,,
226.0,338.0,2024-03-04,845.0,974.0,325302.0,,,,,,,,,,
227.0,850.0,2023-02-24,283.0,411.0,331757.0,,,,,,,,,,
228.0,955.0,2023-01-26,429.0,121.0,208218.0,,,,,,,,,,
229.0,738.0,2020-07-14,799.0,760.0,922559.0,,,,,,,,,,
230.0,69.0,2022-05-30,205.0,991.0,702038.0,,,,,,,,,,
231.0,343.0,2024-01-08,104.0,848.0,611217.0,,,,,,,,,,
232.0,111.0,2019-09-01,265.0,536.0,201236.0,,,,,,,,,,
233.0,819.0,2020-04-02,828.0,634.0,864427.0,,,,,,,,,,
234.0,756.0,2024-05-21,651.0,491.0,432059.0,,,,,,,,,,
235.0,235.0,2020-10-06,180.0,277.0,397810.0,,,,,,,,,,
236.0,480.0,2022-06-23,911.0,163.0,631727.0,,,,,,,,,,
237.0,674.0,2020-08-03,900.0,742.0,857878.0,,,,,,,,,,
238.0,70.0,2021-05-06,393.0,120.0,274420.0,,,,,,,,,,
239.0,910.0,2021-01-07,311.0,939.0,864185.0,,,,,,,,,,
240.0,22.0,2022-10-07,718.0,243.0,850858.0,,,,,,,,,,
241.0,737.0,2020-11-16,642.0,640.0,651026.0,,,,,,,,,,
242.0,237.0,2020-01-04,996.0,65.0,283108.0,,,,,,,,,,
243.0,182.0,2022-09-22,542.0,500.0,484800.0,,,,,,,,,,
244.0,213.0,2021-01-04,777.0,796.0,568284.0,,,,,,,,,,
245.0,901.0,2019-09-09,809.0,378.0,564619.0,,,,,,,,,,
246.0,130.0,2019-10-14,988.0,628.0,398066.0,,,,,,,,,,
247.0,9.0,2023-09-13,649.0,589.0,549146.0,,,,,,,,,,
248.0,89.0,2022-11-19,596.0,463.0,590804.0,,,,,,,,,,
249.0,448.0,2022-04-08,178.0,723.0,474739.0,,,,,,,,,,
250.0,460.0,2023-06-19,857.0,778.0,658344.0,,,,,,,,,,
251.0,134.0,2022-06-13,644.0,423.0,781683.0,,,,,,,,,,
252.0,681.0,2022-02-24,270.0,730.0,332649.0,,,,,,,,,,
253.0,12.0,2022-11-09,330.0,766.0,494974.0,,,,,,,,,,
254.0,387.0,2020-06-20,298.0,358.0,947099.0,,,,,,,,,,
255.0,505.0,2024-04-23,428.0,526.0,558911.0,,,,,,,,,,
256.0,46.0,2023-09-18,46.0,190.0,320032.0,,,,,,,,,,
257.0,574.0,2020-09-10,56.0,666.0,776327.0,,,,,,,,,,
258.0,915.0,2022-11-12,333.0,523.0,159701.0,,,,,,,,,,
259.0,372.0,2023-05-25,938.0,424.0,329542.0,,,,,,,,,,
260.0,697.0,2020-11-16,1000.0,328.0,458137.0,,,,,,,,,,
261.0,616.0,2020-09-14,677.0,182.0,562755.0,,,,,,,,,,
262.0,871.0,2019-11-30,781.0,94.0,538482.0,,,,,,,,,,
263.0,402.0,2023-07-22,357.0,150.0,365534.0,,,,,,,,,,
264.0,727.0,2021-10-28,767.0,511.0,353011.0,,,,,,,,,,
265.0,458.0,2021-09-30,776.0,948.0,499330.0,,,,,,,,,,
266.0,377.0,2023-07-28,3.0,298.0,902423.0,,,,,,,,,,
267.0,684.0,2020-01-24,647.0,646.0,394670.0,,,,,,,,,,
268.0,492.0,2019-07-17,576.0,304.0,650882.0,,,,,,,,,,
269.0,713.0,2019-12-18,602.0,263.0,750934.0,,,,,,,,,,
270.0,227.0,2020-12-20,933.0,102.0,170061.0,,,,,,,,,,
271.0,948.0,2021-04-16,789.0,321.0,776761.0,,,,,,,,,,
272.0,357.0,2020-03-06,119.0,782.0,359451.0,,,,,,,,,,
273.0,218.0,2023-03-21,951.0,430.0,973166.0,,,,,,,,,,
274.0,58.0,2021-09-04,690.0,581.0,548825.0,,,,,,,,,,
275.0,634.0,2020-02-16,306.0,997.0,906726.0,,,,,,,,,,
276.0,176.0,2024-04-04,922.0,516.0,777519.0,,,,,,,,,,
277.0,318.0,2019-12-14,692.0,952.0,253027.0,,,,,,,,,,
278.0,723.0,2019-08-07,575.0,75.0,857107.0,,,,,,,,,,
279.0,821.0,2019-08-19,565.0,496.0,273112.0,,,,,,,,,,
280.0,243.0,2020-12-26,276.0,161.0,328135.0,,,,,,,,,,
281.0,252.0,2021-05-09,193.0,368.0,736121.0,,,,,,,,,,
282.0,437.0,2023-02-02,163.0,348.0,661624.0,,,,,,,,,,
283.0,297.0,2020-09-08,634.0,188.0,719196.0,,,,,,,,,,
284.0,392.0,2020-05-18,414.0,418.0,212636.0,,,,,,,,,,
285.0,449.0,2021-06-14,208.0,224.0,774277.0,,,,,,,,,,
286.0,217.0,2024-03-26,609.0,495.0,881980.0,,,,,,,,,,
287.0,26.0,2024-01-01,277.0,881.0,669704.0,,,,,,,,,,
288.0,556.0,2021-12-22,245.0,351.0,590448.0,,,,,,,,,,
289.0,912.0,2020-02-19,340.0,978.0,175883.0,,,,,,,,,,
290.0,881.0,2020-05-20,613.0,820.0,679447.0,,,,,,,,,,
291.0,397.0,2023-09-07,527.0,4.0,584151.0,,,,,,,,,,
292.0,711.0,2021-12-12,786.0,902.0,726591.0,,,,,,,,,,
293.0,561.0,2020-11-20,998.0,230.0,692694.0,,,,,,,,,,
294.0,408.0,2019-12-07,864.0,684.0,765874.0,,,,,,,,,,
295.0,644.0,2023-05-01,169.0,385.0,674721.0,,,,,,,,,,
296.0,234.0,2019-08-21,816.0,996.0,829698.0,,,,,,,,,,
297.0,863.0,2022-07-27,76.0,265.0,785121.0,,,,,,,,,,
298.0,486.0,2023-04-16,543.0,580.0,636382.0,,,,,,,,,,
299.0,810.0,2021-12-02,102.0,857.0,379396.0,,,,,,,,,,
300.0,430.0,2021-12-08,471.0,211.0,529381.0,,,,,,,,,,
301.0,619.0,2021-02-04,456.0,112.0,825415.0,,,,,,,,,,
302.0,229.0,2022-07-05,69.0,527.0,248122.0,,,,,,,,,,
303.0,954.0,2020-04-04,666.0,826.0,283778.0,,,,,,,,,,
304.0,129.0,2022-10-12,16.0,130.0,942555.0,,,,,,,,,,
305.0,670.0,2023-08-03,952.0,110.0,258172.0,,,,,,,,,,
306.0,957.0,2019-10-11,422.0,450.0,772330.0,,,,,,,,,,
307.0,434.0,2021-01-27,394.0,23.0,889480.0,,,,,,,,,,
308.0,977.0,2023-10-06,754.0,452.0,368039.0,,,,,,,,,,
309.0,722.0,2021-10-18,798.0,387.0,843567.0,,,,,,,,,,
310.0,800.0,2021-02-13,145.0,469.0,812139.0,,,,,,,,,,
311.0,872.0,2020-08-08,735.0,471.0,221594.0,,,,,,,,,,
312.0,519.0,2021-03-03,292.0,532.0,342775.0,,,,,,,,,,
313.0,76.0,2020-03-22,81.0,406.0,851298.0,,,,,,,,,,
314.0,988.0,2021-12-30,682.0,731.0,531067.0,,,,,,,,,,
315.0,461.0,2023-06-20,908.0,292.0,314843.0,,,,,,,,,,
316.0,802.0,2022-06-09,726.0,155.0,819905.0,,,,,,,,,,
317.0,786.0,2021-12-26,914.0,758.0,924349.0,,,,,,,,,,
318.0,852.0,2023-05-06,33.0,312.0,677000.0,,,,,,,,,,
319.0,131.0,2024-04-04,899.0,674.0,665313.0,,,,,,,,,,
320.0,751.0,2023-05-13,181.0,817.0,885666.0,,,,,,,,,,
321.0,196.0,2022-05-13,919.0,381.0,625737.0,,,,,,,,,,
322.0,363.0,2019-06-08,494.0,460.0,741309.0,,,,,,,,,,
323.0,844.0,2023-05-27,878.0,905.0,658079.0,,,,,,,,,,
324.0,277.0,2023-02-12,785.0,372.0,414657.0,,,,,,,,,,
325.0,679.0,2021-04-30,595.0,906.0,506839.0,,,,,,,,,,
326.0,367.0,2022-12-15,827.0,157.0,816126.0,,,,,,,,,,
327.0,333.0,2022-08-11,369.0,944.0,223756.0,,,,,,,,,,
328.0,122.0,2023-07-08,477.0,549.0,917787.0,,,,,,,,,,
329.0,128.0,2021-10-27,183.0,170.0,347268.0,,,,,,,,,,
330.0,479.0,2023-07-28,83.0,871.0,862217.0,,,,,,,,,,
331.0,185.0,2023-02-18,171.0,819.0,814017.0,,,,,,,,,,
332.0,610.0,2021-06-30,676.0,529.0,466418.0,,,,,,,,,,
333.0,887.0,2021-02-19,534.0,535.0,842675.0,,,,,,,,,,
334.0,958.0,2024-01-16,614.0,218.0,607098.0,,,,,,,,,,
335.0,74.0,2024-03-27,407.0,431.0,359698.0,,,,,,,,,,
336.0,309.0,2019-11-28,222.0,459.0,995092.0,,,,,,,,,,
337.0,799.0,2021-10-02,625.0,289.0,374241.0,,,,,,,,,,
338.0,431.0,2022-04-24,704.0,375.0,729357.0,,,,,,,,,,
339.0,205.0,2020-11-01,447.0,134.0,444321.0,,,,,,,,,,
340.0,587.0,2022-02-16,143.0,441.0,664322.0,,,,,,,,,,
341.0,194.0,2019-06-27,108.0,111.0,667853.0,,,,,,,,,,
342.0,282.0,2019-12-14,31.0,410.0,328790.0,,,,,,,,,,
343.0,870.0,2019-06-23,130.0,236.0,210850.0,,,,,,,,,,
344.0,540.0,2022-03-14,177.0,158.0,229505.0,,,,,,,,,,
345.0,127.0,2021-10-22,420.0,84.0,820448.0,,,,,,,,,,
346.0,183.0,2021-08-04,881.0,93.0,152888.0,,,,,,,,,,
347.0,485.0,2021-08-26,868.0,141.0,190714.0,,,,,,,,,,
348.0,603.0,2022-11-02,401.0,428.0,750240.0,,,,,,,,,,
349.0,777.0,2021-06-29,738.0,761.0,240429.0,,,,,,,,,,
350.0,495.0,2019-10-22,230.0,217.0,243021.0,,,,,,,,,,
351.0,529.0,2022-09-29,262.0,842.0,403417.0,,,,,,,,,,
352.0,256.0,2023-09-02,364.0,261.0,351095.0,,,,,,,,,,
353.0,50.0,2022-05-05,2.0,793.0,484805.0,,,,,,,,,,
354.0,103.0,2019-12-02,838.0,617.0,488886.0,,,,,,,,,,
355.0,596.0,2021-11-05,190.0,718.0,952285.0,,,,,,,,,,
356.0,973.0,2024-02-20,556.0,575.0,263659.0,,,,,,,,,,
357.0,418.0,2021-11-24,158.0,295.0,382682.0,,,,,,,,,,
358.0,726.0,2020-01-16,322.0,417.0,400340.0,,,,,,,,,,
359.0,934.0,2020-06-16,113.0,276.0,848035.0,,,,,,,,,,
360.0,946.0,2022-02-12,442.0,933.0,903729.0,,,,,,,,,,
361.0,920.0,2020-02-21,305.0,354.0,712380.0,,,,,,,,,,
362.0,707.0,2021-08-23,980.0,105.0,247802.0,,,,,,,,,,
363.0,150.0,2019-08-30,88.0,649.0,983863.0,,,,,,,,,,
364.0,667.0,2020-06-05,667.0,342.0,368644.0,,,,,,,,,,
365.0,875.0,2019-11-20,987.0,262.0,578215.0,,,,,,,,,,
366.0,353.0,2023-02-28,963.0,909.0,746327.0,,,,,,,,,,
367.0,307.0,2021-05-26,112.0,71.0,277757.0,,,,,,,,,,
368.0,268.0,2022-11-06,545.0,679.0,574318.0,,,,,,,,,,
369.0,695.0,2020-03-12,999.0,227.0,441495.0,,,,,,,,,,
370.0,49.0,2021-10-30,803.0,470.0,454808.0,,,,,,,,,,
371.0,271.0,2019-12-30,248.0,176.0,585657.0,,,,,,,,,,
372.0,325.0,2020-08-01,212.0,700.0,599304.0,,,,,,,,,,
373.0,530.0,2022-10-05,397.0,818.0,862838.0,,,,,,,,,,
374.0,641.0,2022-02-28,547.0,401.0,387532.0,,,,,,,,,,
375.0,931.0,2023-09-30,238.0,133.0,959678.0,,,,,,,,,,
376.0,184.0,2019-11-29,709.0,468.0,645385.0,,,,,,,,,,
377.0,867.0,2022-10-18,818.0,363.0,917329.0,,,,,,,,,,
378.0,806.0,2022-03-15,746.0,162.0,556545.0,,,,,,,,,,
379.0,741.0,2023-06-11,191.0,920.0,611077.0,,,,,,,,,,
380.0,63.0,2022-02-10,219.0,258.0,524520.0,,,,,,,,,,
381.0,792.0,2020-06-19,349.0,539.0,748325.0,,,,,,,,,,
382.0,987.0,2022-06-22,812.0,78.0,733919.0,,,,,,,,,,
383.0,599.0,2022-07-16,459.0,415.0,677597.0,,,,,,,,,,
384.0,2.0,2019-10-30,1.0,864.0,626034.0,,,,,,,,,,
385.0,253.0,2020-08-11,783.0,635.0,780836.0,,,,,,,,,,
386.0,494.0,2023-12-23,995.0,103.0,973958.0,,,,,,,,,,
387.0,247.0,2021-03-01,839.0,259.0,485490.0,,,,,,,,,,
388.0,631.0,2019-06-07,934.0,541.0,299348.0,,,,,,,,,,
389.0,109.0,2019-05-13,371.0,91.0,834613.0,,,,,,,,,,
390.0,316.0,2019-10-28,268.0,561.0,926371.0,,,,,,,,,,
391.0,410.0,2020-04-12,254.0,719.0,214628.0,,,,,,,,,,
392.0,801.0,2023-01-24,626.0,37.0,930761.0,,,,,,,,,,
393.0,60.0,2023-03-25,374.0,862.0,842323.0,,,,,,,,,,
394.0,99.0,2022-12-06,72.0,770.0,479946.0,,,,,,,,,,
395.0,478.0,2021-02-07,658.0,379.0,239570.0,,,,,,,,,,
396.0,239.0,2022-12-13,476.0,393.0,784265.0,,,,,,,,,,
397.0,231.0,2023-02-21,713.0,343.0,711140.0,,,,,,,,,,
398.0,567.0,2022-09-07,217.0,50.0,552673.0,,,,,,,,,,
399.0,751.0,2023-03-13,359.0,57.0,336543.0,,,,,,,,,,
400.0,958.0,2024-05-16,311.0,272.0,657101.0,,,,,,,,,,
401.0,745.0,2022-11-07,245.0,603.0,909031.0,,,,,,,,,,
402.0,619.0,2021-05-04,386.0,618.0,449262.0,,,,,,,,,,
403.0,580.0,2021-05-06,627.0,267.0,431363.0,,,,,,,,,,
404.0,877.0,2022-07-20,904.0,480.0,361541.0,,,,,,,,,,
405.0,744.0,2022-11-08,810.0,514.0,404810.0,,,,,,,,,,
406.0,319.0,2020-06-06,241.0,560.0,395639.0,,,,,,,,,,
407.0,506.0,2021-01-27,471.0,505.0,687253.0,,,,,,,,,,
408.0,275.0,2020-04-09,696.0,647.0,690194.0,,,,,,,,,,
409.0,603.0,2023-01-02,901.0,235.0,972023.0,,,,,,,,,,
410.0,522.0,2024-02-05,48.0,629.0,842696.0,,,,,,,,,,
411.0,52.0,2022-08-01,90.0,964.0,301549.0,,,,,,,,,,
412.0,809.0,2022-07-09,49.0,395.0,153974.0,,,,,,,,,,
413.0,741.0,2023-03-11,19.0,307.0,666678.0,,,,,,,,,,
414.0,230.0,2021-01-19,629.0,690.0,720157.0,,,,,,,,,,
415.0,653.0,2020-09-08,731.0,181.0,912251.0,,,,,,,,,,
416.0,639.0,2023-06-15,792.0,609.0,307480.0,,,,,,,,,,
417.0,967.0,2020-01-12,216.0,507.0,368341.0,,,,,,,,,,
418.0,298.0,2023-09-21,102.0,839.0,459479.0,,,,,,,,,,
419.0,911.0,2021-01-10,332.0,997.0,191374.0,,,,,,,,,,
420.0,604.0,2023-09-19,679.0,730.0,610408.0,,,,,,,,,,
421.0,784.0,2019-12-07,168.0,500.0,334404.0,,,,,,,,,,
422.0,355.0,2022-12-27,959.0,344.0,926316.0,,,,,,,,,,
423.0,432.0,2020-09-21,356.0,368.0,871826.0,,,,,,,,,,
424.0,904.0,2020-02-10,328.0,714.0,623134.0,,,,,,,,,,
425.0,899.0,2024-02-17,662.0,391.0,619046.0,,,,,,,,,,
426.0,42.0,2022-08-25,288.0,165.0,343864.0,,,,,,,,,,
427.0,952.0,2024-03-11,415.0,103.0,513014.0,,,,,,,,,,
428.0,102.0,2019-05-12,512.0,525.0,788009.0,,,,,,,,,,
429.0,757.0,2019-10-05,411.0,159.0,723760.0,,,,,,,,,,
430.0,599.0,2022-07-16,30.0,89.0,948230.0,,,,,,,,,,
431.0,788.0,2020-06-27,201.0,942.0,754108.0,,,,,,,,,,
432.0,203.0,2019-09-28,947.0,255.0,980172.0,,,,,,,,,,
433.0,529.0,2022-09-29,625.0,459.0,325806.0,,,,,,,,,,
434.0,331.0,2021-05-06,357.0,506.0,505300.0,,,,,,,,,,
435.0,352.0,2023-07-07,609.0,302.0,477774.0,,,,,,,,,,
436.0,308.0,2022-10-22,436.0,10.0,933556.0,,,,,,,,,,
437.0,581.0,2019-12-08,925.0,539.0,385369.0,,,,,,,,,,
438.0,852.0,2023-04-06,692.0,345.0,956571.0,,,,,,,,,,
439.0,586.0,2020-09-16,550.0,774.0,591801.0,,,,,,,,,,
440.0,736.0,2023-06-15,366.0,461.0,270991.0,,,,,,,,,,
441.0,361.0,2023-11-29,150.0,808.0,586585.0,,,,,,,,,,
442.0,85.0,2020-09-08,303.0,577.0,712169.0,,,,,,,,,,
443.0,987.0,2022-03-22,590.0,861.0,704818.0,,,,,,,,,,
444.0,682.0,2023-04-25,108.0,222.0,933620.0,,,,,,,,,,
445.0,623.0,2021-06-28,71.0,112.0,237664.0,,,,,,,,,,
446.0,358.0,2021-02-27,659.0,608.0,882246.0,,,,,,,,,,
447.0,582.0,2021-05-31,156.0,654.0,781539.0,,,,,,,,,,
448.0,883.0,2022-01-15,533.0,982.0,577987.0,,,,,,,,,,
449.0,183.0,2021-05-04,47.0,298.0,339819.0,,,,,,,,,,
450.0,531.0,2022-02-20,238.0,595.0,828194.0,,,,,,,,,,
451.0,368.0,2023-08-20,788.0,922.0,496468.0,,,,,,,,,,
452.0,144.0,2022-03-05,101.0,833.0,717396.0,,,,,,,,,,
453.0,720.0,2021-08-21,109.0,933.0,261679.0,,,,,,,,,,
454.0,247.0,2021-01-01,79.0,52.0,470752.0,,,,,,,,,,
455.0,484.0,2024-02-07,743.0,716.0,444911.0,,,,,,,,,,
456.0,841.0,2023-09-14,876.0,957.0,749852.0,,,,,,,,,,
457.0,696.0,2020-04-03,267.0,971.0,430675.0,,,,,,,,,,
458.0,674.0,2020-06-03,123.0,167.0,256755.0,,,,,,,,,,
459.0,165.0,2021-05-21,162.0,210.0,298302.0,,,,,,,,,,
460.0,638.0,2021-02-20,822.0,392.0,567782.0,,,,,,,,,,
461.0,772.0,2022-05-29,78.0,221.0,831762.0,,,,,,,,,,
462.0,7.0,2021-03-13,38.0,862.0,290534.0,,,,,,,,,,
463.0,262.0,2022-07-22,931.0,315.0,503289.0,,,,,,,,,,
464.0,464.0,2021-05-19,14.0,999.0,938359.0,,,,,,,,,,
465.0,933.0,2020-02-17,594.0,311.0,424328.0,,,,,,,,,,
466.0,445.0,2020-06-18,271.0,58.0,590837.0,,,,,,,,,,
467.0,755.0,2019-08-30,309.0,98.0,813396.0,,,,,,,,,,
468.0,344.0,2021-06-10,132.0,738.0,565735.0,,,,,,,,,,
469.0,13.0,2021-06-27,359.0,433.0,602542.0,,,,,,,,,,
470.0,775.0,2022-09-17,157.0,941.0,317996.0,,,,,,,,,,
471.0,51.0,2023-07-05,270.0,292.0,531072.0,,,,,,,,,,
472.0,712.0,2020-01-08,403.0,921.0,473938.0,,,,,,,,,,
473.0,431.0,2022-04-24,926.0,746.0,459009.0,,,,,,,,,,
474.0,26.0,2024-01-01,698.0,794.0,298076.0,,,,,,,,,,
475.0,654.0,2023-10-12,869.0,950.0,293901.0,,,,,,,,,,
476.0,834.0,2020-07-16,174.0,7.0,511741.0,,,,,,,,,,
477.0,346.0,2023-11-15,379.0,484.0,420826.0,,,,,,,,,,
478.0,525.0,2021-04-26,694.0,868.0,352673.0,,,,,,,,,,
479.0,306.0,2022-04-18,41.0,185.0,604562.0,,,,,,,,,,
480.0,609.0,2021-09-01,521.0,35.0,953400.0,,,,,,,,,,
481.0,118.0,2020-11-09,467.0,90.0,891878.0,,,,,,,,,,
482.0,964.0,2019-05-20,46.0,811.0,527461.0,,,,,,,,,,
483.0,667.0,2020-09-05,221.0,848.0,978955.0,,,,,,,,,,
484.0,54.0,2024-03-26,878.0,396.0,179086.0,,,,,,,,,,
485.0,887.0,2021-04-19,148.0,383.0,173931.0,,,,,,,,,,
486.0,734.0,2021-02-09,153.0,616.0,639622.0,,,,,,,,,,
487.0,866.0,2020-09-10,160.0,914.0,724313.0,,,,,,,,,,
488.0,81.0,2021-07-14,675.0,951.0,665003.0,,,,,,,,,,
489.0,671.0,2020-07-03,305.0,370.0,516854.0,,,,,,,,,,
490.0,632.0,2020-11-11,344.0,120.0,960351.0,,,,,,,,,,
491.0,763.0,2023-07-07,289.0,912.0,404092.0,,,,,,,,,,
492.0,561.0,2021-01-20,684.0,511.0,163501.0,,,,,,,,,,
493.0,735.0,2020-09-12,525.0,126.0,300371.0,,,,,,,,,,
494.0,4.0,2023-10-12,808.0,275.0,809543.0,,,,,,,,,,
495.0,812.0,2022-06-02,176.0,481.0,967818.0,,,,,,,,,,
496.0,538.0,2022-05-09,619.0,953.0,799182.0,,,,,,,,,,
497.0,388.0,2023-02-08,52.0,890.0,774203.0,,,,,,,,,,
498.0,981.0,2023-11-03,262.0,164.0,228719.0,,,,,,,,,,
499.0,635.0,2021-06-22,137.0,436.0,935064.0,,,,,,,,,,
500.0,143.0,2023-12-19,23.0,244.0,895796.0,,,,,,,,,,
501.0,668.0,2023-01-02,995.0,472.0,315891.0,,,,,,,,,,
502.0,251.0,2021-12-24,784.0,713.0,534372.0,,,,,,,,,,
503.0,681.0,2021-11-24,830.0,545.0,500980.0,,,,,,,,,,
504.0,435.0,2020-08-05,346.0,813.0,261003.0,,,,,,,,,,
505.0,606.0,2019-04-04,351.0,909.0,832534.0,,,,,,,,,,
506.0,185.0,2023-06-18,783.0,752.0,538298.0,,,,,,,,,,
507.0,748.0,2019-12-06,341.0,203.0,499929.0,,,,,,,,,,
508.0,909.0,2022-01-13,697.0,427.0,151497.0,,,,,,,,,,
509.0,641.0,2021-10-28,325.0,842.0,990118.0,,,,,,,,,,
510.0,642.0,2019-12-29,924.0,754.0,819285.0,,,,,,,,,,
511.0,43.0,2023-12-06,850.0,100.0,626481.0,,,,,,,,,,
512.0,555.0,2020-08-07,300.0,929.0,577014.0,,,,,,,,,,
513.0,918.0,2023-06-10,459.0,619.0,568181.0,,,,,,,,,,
514.0,226.0,2019-11-09,365.0,404.0,315407.0,,,,,,,,,,
515.0,947.0,2022-05-13,295.0,339.0,545722.0,,,,,,,,,,
516.0,874.0,2023-04-26,585.0,688.0,727675.0,,,,,,,,,,
517.0,209.0,2021-06-08,202.0,40.0,583464.0,,,,,,,,,,
518.0,750.0,2024-02-25,149.0,352.0,895233.0,,,,,,,,,,
519.0,951.0,2019-09-13,786.0,220.0,823218.0,,,,,,,,,,
520.0,497.0,2020-11-02,922.0,825.0,156691.0,,,,,,,,,,
521.0,853.0,2023-02-10,733.0,915.0,338925.0,,,,,,,,,,
522.0,227.0,2021-01-20,556.0,707.0,269192.0,,,,,,,,,,
523.0,287.0,2019-11-15,598.0,468.0,351313.0,,,,,,,,,,
524.0,354.0,2021-10-18,369.0,39.0,581406.0,,,,,,,,,,
525.0,269.0,2022-06-13,897.0,32.0,982491.0,,,,,,,,,,
526.0,335.0,2021-06-15,463.0,174.0,287173.0,,,,,,,,,,
527.0,574.0,2020-07-10,520.0,917.0,443813.0,,,,,,,,,,
528.0,840.0,2019-08-31,178.0,591.0,855015.0,,,,,,,,,,
529.0,425.0,2021-04-20,989.0,798.0,350268.0,,,,,,,,,,
530.0,675.0,2023-02-24,17.0,946.0,355060.0,,,,,,,,,,
531.0,451.0,2023-05-16,644.0,841.0,384756.0,,,,,,,,,,
532.0,294.0,2020-11-30,20.0,333.0,503327.0,,,,,,,,,,
533.0,846.0,2019-07-14,460.0,183.0,486299.0,,,,,,,,,,
534.0,163.0,2022-07-11,282.0,494.0,672064.0,,,,,,,,,,
535.0,618.0,2021-05-02,942.0,434.0,399398.0,,,,,,,,,,
536.0,836.0,2022-07-02,766.0,241.0,896959.0,,,,,,,,,,
537.0,991.0,2019-06-02,661.0,863.0,754874.0,,,,,,,,,,
538.0,166.0,2021-07-15,151.0,470.0,204879.0,,,,,,,,,,
539.0,421.0,2023-02-16,935.0,763.0,721052.0,,,,,,,,,,
540.0,962.0,2023-05-20,566.0,362.0,864908.0,,,,,,,,,,
541.0,966.0,2023-06-28,803.0,283.0,560262.0,,,,,,,,,,
542.0,418.0,2021-10-24,915.0,644.0,892201.0,,,,,,,,,,
543.0,172.0,2021-11-25,58.0,925.0,298959.0,,,,,,,,,,
544.0,556.0,2021-08-22,955.0,693.0,365460.0,,,,,,,,,,
545.0,1.0,2022-08-20,505.0,483.0,863603.0,,,,,,,,,,
546.0,338.0,2024-05-04,59.0,127.0,584203.0,,,,,,,,,,
547.0,149.0,2020-05-12,32.0,122.0,216572.0,,,,,,,,,,
548.0,880.0,2019-10-12,494.0,13.0,801018.0,,,,,,,,,,
549.0,587.0,2021-12-16,397.0,603.0,514826.0,,,,,,,,,,
550.0,819.0,2019-12-02,887.0,264.0,203957.0,,,,,,,,,,
551.0,801.0,2023-02-24,55.0,563.0,695469.0,,,,,,,,,,
552.0,396.0,2024-01-06,94.0,251.0,459736.0,,,,,,,,,,
553.0,550.0,2020-05-02,194.0,428.0,798406.0,,,,,,,,,,
554.0,138.0,2022-03-30,553.0,777.0,483659.0,,,,,,,,,,
555.0,685.0,2024-01-19,225.0,225.0,206577.0,,,,,,,,,,
556.0,832.0,2023-04-23,702.0,926.0,378762.0,,,,,,,,,,
557.0,535.0,2020-11-23,377.0,376.0,744397.0,,,,,,,,,,
558.0,727.0,2021-10-28,890.0,338.0,825958.0,,,,,,,,,,
559.0,400.0,2021-09-17,912.0,74.0,231843.0,,,,,,,,,,
560.0,47.0,2023-09-01,540.0,939.0,741011.0,,,,,,,,,,
561.0,980.0,2019-11-10,243.0,680.0,587899.0,,,,,,,,,,
562.0,833.0,2020-07-09,666.0,661.0,316106.0,,,,,,,,,,
563.0,563.0,2023-05-28,54.0,884.0,583665.0,,,,,,,,,,
564.0,48.0,2023-04-11,416.0,510.0,313895.0,,,,,,,,,,
565.0,804.0,2024-03-07,164.0,108.0,170402.0,,,,,,,,,,
566.0,813.0,2023-02-17,42.0,457.0,959540.0,,,,,,,,,,
567.0,68.0,2019-07-23,347.0,389.0,819719.0,,,,,,,,,,
568.0,740.0,2021-02-21,919.0,891.0,827085.0,,,,,,,,,,
569.0,872.0,2020-04-08,860.0,838.0,986640.0,,,,,,,,,,
570.0,63.0,2022-01-10,672.0,26.0,869660.0,,,,,,,,,,
571.0,386.0,2022-10-24,281.0,317.0,392115.0,,,,,,,,,,
572.0,349.0,2021-01-04,816.0,592.0,911748.0,,,,,,,,,,
573.0,761.0,2021-03-23,126.0,930.0,167086.0,,,,,,,,,,
574.0,573.0,2021-03-24,538.0,415.0,507966.0,,,,,,,,,,
575.0,900.0,2021-09-30,155.0,231.0,233425.0,,,,,,,,,,
576.0,850.0,2023-03-24,571.0,623.0,817243.0,,,,,,,,,,
577.0,383.0,2020-06-05,180.0,552.0,597572.0,,,,,,,,,,
578.0,117.0,2019-11-06,232.0,812.0,767409.0,,,,,,,,,,
579.0,59.0,2023-08-09,449.0,271.0,608402.0,,,,,,,,,,
580.0,863.0,2022-07-27,130.0,118.0,989282.0,,,,,,,,,,
581.0,67.0,2022-11-21,331.0,503.0,558550.0,,,,,,,,,,
582.0,270.0,2024-01-13,317.0,666.0,172889.0,,,,,,,,,,
583.0,543.0,2024-03-19,105.0,502.0,222413.0,,,,,,,,,,
584.0,591.0,2022-02-02,881.0,630.0,889943.0,,,,,,,,,,
585.0,369.0,2023-10-16,787.0,68.0,539150.0,,,,,,,,,,
586.0,404.0,2024-05-07,350.0,531.0,956330.0,,,,,,,,,,
587.0,579.0,2023-04-25,607.0,444.0,497731.0,,,,,,,,,,
588.0,882.0,2022-01-15,382.0,621.0,434248.0,,,,,,,,,,
589.0,330.0,2024-01-23,575.0,51.0,849733.0,,,,,,,,,,
590.0,174.0,2020-06-23,111.0,517.0,500480.0,,,,,,,,,,
591.0,747.0,2022-07-02,472.0,678.0,396057.0,,,,,,,,,,
592.0,564.0,2023-02-03,767.0,153.0,457535.0,,,,,,,,,,
593.0,220.0,2023-02-12,146.0,984.0,167718.0,,,,,,,,,,
594.0,345.0,2020-05-02,735.0,662.0,955365.0,,,,,,,,,,
595.0,928.0,2022-09-29,988.0,208.0,209939.0,,,,,,,,,,
596.0,190.0,2021-07-08,22.0,29.0,547806.0,,,,,,,,,,
597.0,942.0,2019-09-05,957.0,384.0,511541.0,,,,,,,,,,
598.0,320.0,2023-07-27,769.0,542.0,986280.0,,,,,,,,,,
599.0,726.0,2020-01-16,73.0,287.0,336670.0,,,,,,,,,,
600.0,588.0,2024-01-21,983.0,927.0,452283.0,,,,,,,,,,
601.0,932.0,2020-06-29,749.0,160.0,493279.0,,,,,,,,,,
602.0,831.0,2023-12-01,812.0,536.0,764203.0,,,,,,,,,,
603.0,379.0,2021-05-31,501.0,724.0,812653.0,,,,,,,,,,
604.0,901.0,2019-11-09,314.0,248.0,754040.0,,,,,,,,,,
605.0,679.0,2021-04-30,998.0,305.0,844662.0,,,,,,,,,,
606.0,64.0,2020-08-24,199.0,998.0,922869.0,,,,,,,,,,
607.0,692.0,2019-09-19,886.0,797.0,758288.0,,,,,,,,,,
608.0,462.0,2020-08-01,969.0,893.0,905121.0,,,,,,,,,,
609.0,851.0,2022-11-16,807.0,407.0,600247.0,,,,,,,,,,
610.0,806.0,2022-04-15,635.0,705.0,300126.0,,,,,,,,,,
611.0,407.0,2020-06-20,997.0,489.0,630460.0,,,,,,,,,,
612.0,155.0,2023-03-22,806.0,975.0,938224.0,,,,,,,,,,
613.0,924.0,2020-02-21,214.0,171.0,431595.0,,,,,,,,,,
614.0,382.0,2019-12-17,776.0,175.0,532980.0,,,,,,,,,,
615.0,362.0,2021-06-16,499.0,514.0,925935.0,,,,,,,,,,
616.0,429.0,2021-02-06,559.0,211.0,409220.0,,,,,,,,,,
617.0,539.0,2022-02-16,871.0,219.0,940368.0,,,,,,,,,,
618.0,903.0,2021-08-10,227.0,758.0,277087.0,,,,,,,,,,
619.0,771.0,2023-11-10,280.0,593.0,290079.0,,,,,,,,,,
620.0,105.0,2021-04-18,163.0,306.0,520681.0,,,,,,,,,,
621.0,467.0,2021-01-28,601.0,789.0,603113.0,,,,,,,,,,
622.0,478.0,2021-03-07,911.0,677.0,620336.0,,,,,,,,,,
623.0,334.0,2020-04-21,859.0,458.0,309877.0,,,,,,,,,,
624.0,792.0,2020-06-19,482.0,411.0,845760.0,,,,,,,,,,
625.0,960.0,2024-01-10,37.0,675.0,988762.0,,,,,,,,,,
626.0,381.0,2022-01-08,83.0,445.0,640605.0,,,,,,,,,,
627.0,647.0,2022-10-24,458.0,541.0,321275.0,,,,,,,,,,
628.0,150.0,2019-09-30,841.0,970.0,508646.0,,,,,,,,,,
629.0,657.0,2022-03-01,861.0,985.0,366202.0,,,,,,,,,,
630.0,415.0,2021-04-23,710.0,544.0,855439.0,,,,,,,,,,
631.0,592.0,2021-01-08,10.0,356.0,385605.0,,,,,,,,,,
632.0,434.0,2020-10-27,228.0,25.0,225541.0,,,,,,,,,,
633.0,816.0,2021-02-25,51.0,569.0,492195.0,,,,,,,,,,
634.0,228.0,2020-04-30,451.0,226.0,922601.0,,,,,,,,,,
635.0,822.0,2022-03-08,686.0,588.0,825506.0,,,,,,,,,,
636.0,370.0,2023-07-14,200.0,786.0,718044.0,,,,,,,,,,
637.0,930.0,2019-08-20,838.0,492.0,925218.0,,,,,,,,,,
638.0,533.0,2022-07-01,858.0,767.0,604737.0,,,,,,,,,,
639.0,24.0,2019-10-09,920.0,961.0,440971.0,,,,,,,,,,
640.0,318.0,2020-02-14,287.0,776.0,391394.0,,,,,,,,,,
641.0,25.0,2021-05-04,583.0,880.0,608351.0,,,,,,,,,,
642.0,245.0,2020-05-29,144.0,316.0,164262.0,,,,,,,,,,
643.0,137.0,2021-01-10,799.0,556.0,487822.0,,,,,,,,,,
644.0,871.0,2019-12-30,591.0,402.0,154166.0,,,,,,,,,,
645.0,378.0,2020-03-15,626.0,682.0,766094.0,,,,,,,,,,
646.0,280.0,2024-05-20,586.0,520.0,320751.0,,,,,,,,,,
647.0,21.0,2020-05-05,321.0,740.0,780898.0,,,,,,,,,,
648.0,722.0,2021-08-18,444.0,429.0,217722.0,,,,,,,,,,
649.0,377.0,2023-07-28,649.0,442.0,305761.0,,,,,,,,,,
650.0,56.0,2022-10-24,393.0,847.0,192293.0,,,,,,,,,,
651.0,433.0,2019-06-24,917.0,69.0,201141.0,,,,,,,,,,
652.0,459.0,2021-11-17,751.0,409.0,687746.0,,,,,,,,,,
653.0,752.0,2024-01-10,759.0,692.0,580283.0,,,,,,,,,,
654.0,795.0,2020-06-30,966.0,857.0,517096.0,,,,,,,,,,
655.0,274.0,2020-11-01,895.0,92.0,705906.0,,,,,,,,,,
656.0,517.0,2019-05-03,297.0,367.0,704982.0,,,,,,,,,,
657.0,333.0,2022-12-11,592.0,413.0,353232.0,,,,,,,,,,
658.0,8.0,2020-01-31,854.0,136.0,253855.0,,,,,,,,,,
659.0,145.0,2023-11-27,909.0,390.0,844941.0,,,,,,,,,,
660.0,231.0,2022-11-21,943.0,372.0,969513.0,,,,,,,,,,
661.0,140.0,2023-02-14,641.0,113.0,185526.0,,,,,,,,,,
662.0,207.0,2021-06-14,677.0,364.0,677701.0,,,,,,,,,,
663.0,1000.0,2022-04-30,432.0,996.0,479760.0,,,,,,,,,,
664.0,384.0,2021-11-08,338.0,134.0,675378.0,,,,,,,,,,
665.0,309.0,2019-08-28,680.0,887.0,564762.0,,,,,,,,,,
666.0,767.0,2020-09-06,256.0,988.0,741231.0,,,,,,,,,,
667.0,255.0,2022-08-19,406.0,49.0,328014.0,,,,,,,,,,
668.0,69.0,2022-05-30,605.0,217.0,308525.0,,,,,,,,,,
669.0,695.0,2020-04-12,128.0,523.0,545227.0,,,,,,,,,,
670.0,441.0,2023-09-23,932.0,146.0,662476.0,,,,,,,,,,
671.0,785.0,2023-08-23,832.0,877.0,517212.0,,,,,,,,,,
672.0,953.0,2020-02-29,421.0,490.0,814739.0,,,,,,,,,,
673.0,132.0,2022-08-27,814.0,989.0,498441.0,,,,,,,,,,
674.0,719.0,2022-01-03,84.0,679.0,192391.0,,,,,,,,,,
675.0,55.0,2023-02-25,703.0,380.0,859236.0,,,,,,,,,,
676.0,186.0,2022-07-25,381.0,965.0,318726.0,,,,,,,,,,
677.0,212.0,2023-09-20,669.0,980.0,808442.0,,,,,,,,,,
678.0,477.0,2022-05-16,457.0,278.0,319379.0,,,,,,,,,,
679.0,731.0,2021-12-05,581.0,83.0,326144.0,,,,,,,,,,
680.0,705.0,2022-02-13,440.0,878.0,781032.0,,,,,,,,,,
681.0,17.0,2023-02-28,340.0,881.0,457458.0,,,,,,,,,,
682.0,624.0,2023-05-15,2.0,981.0,722691.0,,,,,,,,,,
683.0,878.0,2020-07-04,933.0,22.0,723612.0,,,,,,,,,,
684.0,665.0,2019-09-24,610.0,229.0,490556.0,,,,,,,,,,
685.0,374.0,2023-02-02,89.0,322.0,907392.0,,,,,,,,,,
686.0,96.0,2022-07-03,606.0,414.0,700383.0,,,,,,,,,,
687.0,600.0,2020-09-08,882.0,45.0,677826.0,,,,,,,,,,
688.0,912.0,2020-01-19,726.0,289.0,303935.0,,,,,,,,,,
689.0,229.0,2022-03-05,791.0,331.0,917728.0,,,,,,,,,,
690.0,597.0,2021-11-11,748.0,81.0,195934.0,,,,,,,,,,
691.0,793.0,2021-05-04,469.0,734.0,611496.0,,,,,,,,,,
692.0,554.0,2020-12-15,269.0,499.0,772920.0,,,,,,,,,,
693.0,496.0,2021-11-21,580.0,408.0,269404.0,,,,,,,,,,
694.0,824.0,2021-04-14,263.0,549.0,843092.0,,,,,,,,,,
695.0,321.0,2023-12-09,964.0,129.0,326280.0,,,,,,,,,,
696.0,60.0,2023-07-25,622.0,466.0,817389.0,,,,,,,,,,
697.0,256.0,2023-10-02,18.0,712.0,585099.0,,,,,,,,,,
698.0,397.0,2024-01-07,400.0,698.0,783160.0,,,,,,,,,,
699.0,643.0,2024-01-04,840.0,843.0,400371.0,,,,,,,,,,
700.0,408.0,2019-09-07,742.0,342.0,790748.0,,,,,,,,,,
701.0,789.0,2021-08-17,81.0,435.0,536286.0,,,,,,,,,,
702.0,216.0,2023-12-26,750.0,853.0,849149.0,,,,,,,,,,
703.0,357.0,2020-02-06,443.0,986.0,190718.0,,,,,,,,,,
704.0,131.0,2024-04-04,913.0,973.0,946009.0,,,,,,,,,,
705.0,560.0,2022-06-06,549.0,400.0,617755.0,,,,,,,,,,
706.0,507.0,2019-10-05,189.0,328.0,741389.0,,,,,,,,,,
707.0,104.0,2022-07-06,375.0,318.0,729218.0,,,,,,,,,,
708.0,153.0,2019-08-26,785.0,286.0,789904.0,,,,,,,,,,
709.0,436.0,2022-01-25,993.0,756.0,596111.0,,,,,,,,,,
710.0,678.0,2020-01-20,57.0,272.0,417085.0,,,,,,,,,,
711.0,859.0,2023-07-29,324.0,602.0,686755.0,,,,,,,,,,
712.0,724.0,2019-08-08,541.0,653.0,288639.0,,,,,,,,,,
713.0,474.0,2020-05-19,611.0,420.0,690918.0,,,,,,,,,,
714.0,937.0,2020-04-21,368.0,745.0,364229.0,,,,,,,,,,
715.0,885.0,2019-06-07,478.0,836.0,670168.0,,,,,,,,,,
716.0,782.0,2023-01-08,664.0,699.0,684556.0,,,,,,,,,,
717.0,697.0,2020-08-16,495.0,430.0,490663.0,,,,,,,,,,
718.0,583.0,2021-06-20,114.0,303.0,152127.0,,,,,,,,,,
719.0,941.0,2022-06-17,254.0,667.0,518206.0,,,,,,,,,,
720.0,50.0,2022-05-05,872.0,972.0,641501.0,,,,,,,,,,
721.0,516.0,2020-09-22,197.0,954.0,558284.0,,,,,,,,,,
722.0,934.0,2020-06-16,244.0,138.0,645171.0,,,,,,,,,,
723.0,49.0,2021-10-30,177.0,60.0,371542.0,,,,,,,,,,
724.0,907.0,2023-04-12,121.0,201.0,343190.0,,,,,,,,,,
725.0,83.0,2021-12-04,337.0,924.0,651270.0,,,,,,,,,,
726.0,158.0,2022-06-25,234.0,844.0,743593.0,,,,,,,,,,
727.0,717.0,2023-07-05,205.0,182.0,997927.0,,,,,,,,,,
728.0,649.0,2022-10-16,717.0,831.0,386535.0,,,,,,,,,,
729.0,518.0,2019-06-17,385.0,854.0,480949.0,,,,,,,,,,
730.0,797.0,2023-11-02,242.0,641.0,630320.0,,,,,,,,,,
731.0,34.0,2022-01-22,630.0,388.0,958236.0,,,,,,,,,,
732.0,725.0,2020-09-14,273.0,555.0,515926.0,,,,,,,,,,
733.0,715.0,2023-07-30,276.0,696.0,445064.0,,,,,,,,,,
734.0,401.0,2022-03-30,842.0,12.0,184139.0,,,,,,,,,,
735.0,622.0,2024-04-14,699.0,424.0,835173.0,,,,,,,,,,
736.0,566.0,2020-01-14,632.0,242.0,389888.0,,,,,,,,,,
737.0,31.0,2020-04-30,652.0,473.0,569879.0,,,,,,,,,,
738.0,91.0,2021-08-06,135.0,828.0,673054.0,,,,,,,,,,
739.0,326.0,2023-03-28,420.0,31.0,887033.0,,,,,,,,,,
740.0,342.0,2021-06-12,551.0,968.0,294133.0,,,,,,,,,,
741.0,664.0,2023-09-02,834.0,706.0,940586.0,,,,,,,,,,
742.0,608.0,2020-07-08,154.0,437.0,348265.0,,,,,,,,,,
743.0,540.0,2022-01-14,367.0,896.0,973989.0,,,,,,,,,,
744.0,501.0,2021-02-08,313.0,87.0,204879.0,,,,,,,,,,
745.0,447.0,2020-09-10,117.0,518.0,245620.0,,,,,,,,,,
746.0,332.0,2022-01-08,152.0,768.0,420665.0,,,,,,,,,,
747.0,97.0,2024-04-07,322.0,216.0,713577.0,,,,,,,,,,
748.0,82.0,2022-12-19,578.0,651.0,151033.0,,,,,,,,,,
749.0,700.0,2019-08-02,568.0,992.0,832909.0,,,,,,,,,,
750.0,471.0,2021-11-06,524.0,387.0,186740.0,,,,,,,,,,
751.0,405.0,2020-09-17,965.0,67.0,767179.0,,,,,,,,,,
752.0,114.0,2022-12-14,532.0,104.0,762008.0,,,,,,,,,,
753.0,656.0,2020-09-18,487.0,239.0,844154.0,,,,,,,,,,
754.0,460.0,2023-08-19,863.0,91.0,576866.0,,,,,,,,,,
755.0,857.0,2024-03-18,681.0,823.0,867799.0,,,,,,,,,,
756.0,458.0,2021-06-30,138.0,865.0,209190.0,,,,,,,,,,
757.0,246.0,2023-06-20,758.0,412.0,926502.0,,,,,,,,,,
758.0,182.0,2023-01-22,678.0,469.0,720183.0,,,,,,,,,,
759.0,935.0,2021-06-24,638.0,325.0,508831.0,,,,,,,,,,
760.0,39.0,2023-10-06,800.0,650.0,442967.0,,,,,,,,,,
761.0,71.0,2019-07-27,991.0,485.0,981956.0,,,,,,,,,,
762.0,578.0,2022-07-01,941.0,212.0,294548.0,,,,,,,,,,
763.0,439.0,2023-07-26,217.0,761.0,879562.0,,,,,,,,,,
764.0,651.0,2021-11-20,809.0,114.0,911484.0,,,,,,,,,,
765.0,129.0,2022-10-12,536.0,566.0,445035.0,,,,,,,,,,
766.0,978.0,2024-04-19,190.0,801.0,788665.0,,,,,,,,,,
767.0,296.0,2019-11-05,468.0,527.0,334902.0,,,,,,,,,,
768.0,72.0,2023-04-26,896.0,257.0,662528.0,,,,,,,,,,
769.0,704.0,2020-07-29,918.0,796.0,534310.0,,,,,,,,,,
770.0,910.0,2021-01-07,481.0,324.0,503135.0,,,,,,,,,,
771.0,204.0,2020-03-11,544.0,560.0,913479.0,,,,,,,,,,
772.0,80.0,2023-10-06,302.0,969.0,925703.0,,,,,,,,,,
773.0,954.0,2020-02-04,528.0,851.0,403596.0,,,,,,,,,,
774.0,171.0,2020-01-15,239.0,334.0,344505.0,,,,,,,,,,
775.0,365.0,2023-10-28,410.0,177.0,633473.0,,,,,,,,,,
776.0,442.0,2022-11-29,956.0,790.0,328932.0,,,,,,,,,,
777.0,426.0,2023-10-09,761.0,995.0,200768.0,,,,,,,,,,
778.0,931.0,2023-10-31,954.0,648.0,741857.0,,,,,,,,,,
779.0,267.0,2021-03-11,640.0,785.0,881121.0,,,,,,,,,,
780.0,107.0,2020-11-14,50.0,36.0,617781.0,,,,,,,,,,
781.0,494.0,2024-01-23,418.0,864.0,753356.0,,,,,,,,,,
782.0,252.0,2021-08-09,504.0,601.0,310417.0,,,,,,,,,,
783.0,504.0,2021-09-20,664.0,47.0,653077.0,,,,,,,,,,
784.0,613.0,2021-01-04,595.0,24.0,157186.0,,,,,,,,,,
785.0,805.0,2021-08-18,158.0,620.0,734503.0,,,,,,,,,,
786.0,99.0,2023-02-06,250.0,599.0,599834.0,,,,,,,,,,
787.0,523.0,2022-06-23,1.0,895.0,922459.0,,,,,,,,,,
788.0,442.0,2022-12-29,705.0,15.0,967668.0,,,,,,,,,,
789.0,309.0,2019-09-28,383.0,840.0,170587.0,,,,,,,,,,
790.0,838.0,2020-07-31,165.0,236.0,955240.0,,,,,,,,,,
791.0,991.0,2019-07-02,854.0,180.0,830310.0,,,,,,,,,,
792.0,223.0,2022-12-13,481.0,30.0,735938.0,,,,,,,,,,
793.0,550.0,2020-02-02,424.0,976.0,972800.0,,,,,,,,,,
794.0,635.0,2021-09-22,207.0,397.0,438349.0,,,,,,,,,,
795.0,626.0,2023-02-06,989.0,451.0,750003.0,,,,,,,,,,
796.0,798.0,2023-04-07,649.0,959.0,606162.0,,,,,,,,,,
797.0,869.0,2024-01-05,353.0,718.0,681540.0,,,,,,,,,,
798.0,633.0,2020-03-07,100.0,670.0,225162.0,,,,,,,,,,
799.0,72.0,2023-03-26,564.0,700.0,523924.0,,,,,,,,,,
800.0,209.0,2021-08-08,751.0,72.0,436002.0,,,,,,,,,,
801.0,244.0,2021-05-31,450.0,151.0,233991.0,,,,,,,,,,
802.0,151.0,2021-04-10,898.0,70.0,684917.0,,,,,,,,,,
803.0,789.0,2021-10-17,981.0,489.0,903749.0,,,,,,,,,,
804.0,779.0,2022-03-30,340.0,928.0,241686.0,,,,,,,,,,
805.0,282.0,2019-11-14,256.0,655.0,385173.0,,,,,,,,,,
806.0,274.0,2020-08-01,146.0,586.0,791652.0,,,,,,,,,,
807.0,834.0,2020-09-16,222.0,801.0,478227.0,,,,,,,,,,
808.0,606.0,2019-06-04,98.0,572.0,647408.0,,,,,,,,,,
809.0,945.0,2020-06-14,922.0,710.0,606607.0,,,,,,,,,,
810.0,656.0,2020-10-18,343.0,639.0,700049.0,,,,,,,,,,
811.0,517.0,2019-05-03,811.0,148.0,827314.0,,,,,,,,,,
812.0,455.0,2021-06-16,613.0,468.0,167868.0,,,,,,,,,,
813.0,572.0,2019-11-27,409.0,856.0,225170.0,,,,,,,,,,
814.0,213.0,2020-09-04,324.0,507.0,544055.0,,,,,,,,,,
815.0,265.0,2020-03-28,692.0,805.0,414115.0,,,,,,,,,,
816.0,106.0,2022-02-27,639.0,610.0,164284.0,,,,,,,,,,
817.0,960.0,2023-11-10,670.0,355.0,719705.0,,,,,,,,,,
818.0,225.0,2021-06-13,85.0,243.0,973795.0,,,,,,,,,,
819.0,513.0,2021-01-16,180.0,282.0,908161.0,,,,,,,,,,
820.0,544.0,2021-01-05,346.0,717.0,725466.0,,,,,,,,,,
821.0,499.0,2023-10-24,862.0,450.0,601588.0,,,,,,,,,,
822.0,441.0,2023-08-23,93.0,127.0,754016.0,,,,,,,,,,
823.0,137.0,2021-01-10,38.0,313.0,341111.0,,,,,,,,,,
824.0,678.0,2020-01-20,903.0,197.0,962618.0,,,,,,,,,,
825.0,392.0,2020-04-18,391.0,677.0,160407.0,,,,,,,,,,
826.0,970.0,2019-08-16,795.0,977.0,232398.0,,,,,,,,,,
827.0,13.0,2021-06-27,486.0,748.0,853997.0,,,,,,,,,,
828.0,40.0,2022-02-07,381.0,566.0,613595.0,,,,,,,,,,
829.0,914.0,2023-03-18,314.0,632.0,614264.0,,,,,,,,,,
830.0,552.0,2022-09-28,611.0,966.0,603841.0,,,,,,,,,,
831.0,856.0,2021-03-31,123.0,146.0,720616.0,,,,,,,,,,
832.0,361.0,2023-11-29,358.0,55.0,259365.0,,,,,,,,,,
833.0,192.0,2023-05-23,108.0,386.0,219367.0,,,,,,,,,,
834.0,994.0,2023-01-02,547.0,975.0,445703.0,,,,,,,,,,
835.0,9.0,2023-09-13,988.0,395.0,988919.0,,,,,,,,,,
836.0,436.0,2022-03-25,40.0,871.0,461687.0,,,,,,,,,,
837.0,482.0,2019-10-25,99.0,845.0,986671.0,,,,,,,,,,
838.0,231.0,2023-03-21,824.0,465.0,566470.0,,,,,,,,,,
839.0,539.0,2021-11-16,199.0,398.0,753889.0,,,,,,,,,,
840.0,20.0,2019-12-21,365.0,308.0,521398.0,,,,,,,,,,
841.0,788.0,2020-07-27,529.0,157.0,422842.0,,,,,,,,,,
842.0,253.0,2020-06-11,310.0,699.0,239213.0,,,,,,,,,,
843.0,791.0,2023-09-18,80.0,214.0,982816.0,,,,,,,,,,
844.0,697.0,2020-08-16,56.0,785.0,716930.0,,,,,,,,,,
845.0,594.0,2019-12-28,986.0,523.0,281383.0,,,,,,,,,,
846.0,847.0,2020-12-31,737.0,82.0,830719.0,,,,,,,,,,
847.0,418.0,2021-10-24,542.0,365.0,794664.0,,,,,,,,,,
848.0,321.0,2023-08-09,629.0,37.0,813091.0,,,,,,,,,,
849.0,451.0,2023-09-16,439.0,690.0,781805.0,,,,,,,,,,
850.0,120.0,2020-10-28,744.0,702.0,416623.0,,,,,,,,,,
851.0,676.0,2021-06-08,65.0,768.0,477450.0,,,,,,,,,,
852.0,50.0,2022-05-05,162.0,894.0,661973.0,,,,,,,,,,
853.0,291.0,2023-05-16,64.0,328.0,306572.0,,,,,,,,,,
854.0,479.0,2023-08-28,688.0,535.0,623081.0,,,,,,,,,,
855.0,194.0,2019-06-27,137.0,430.0,677683.0,,,,,,,,,,
856.0,907.0,2023-05-12,290.0,704.0,256140.0,,,,,,,,,,
857.0,548.0,2022-05-14,658.0,51.0,680901.0,,,,,,,,,,
858.0,350.0,2022-10-17,414.0,469.0,223384.0,,,,,,,,,,
859.0,48.0,2023-05-11,319.0,492.0,851480.0,,,,,,,,,,
860.0,439.0,2023-10-26,143.0,953.0,151687.0,,,,,,,,,,
861.0,961.0,2022-09-24,783.0,790.0,326890.0,,,,,,,,,,
862.0,900.0,2021-08-30,544.0,735.0,499984.0,,,,,,,,,,
863.0,954.0,2020-04-04,507.0,360.0,727169.0,,,,,,,,,,
864.0,423.0,2020-06-20,587.0,917.0,398732.0,,,,,,,,,,
865.0,600.0,2020-10-08,659.0,744.0,261559.0,,,,,,,,,,
866.0,464.0,2021-05-19,125.0,716.0,834834.0,,,,,,,,,,
867.0,362.0,2021-09-16,710.0,412.0,864584.0,,,,,,,,,,
868.0,285.0,2023-09-15,315.0,67.0,181899.0,,,,,,,,,,
869.0,108.0,2020-01-23,521.0,449.0,379813.0,,,,,,,,,,
870.0,140.0,2023-01-14,551.0,345.0,535991.0,,,,,,,,,,
871.0,246.0,2023-09-20,187.0,530.0,341081.0,,,,,,,,,,
872.0,621.0,2023-03-26,296.0,305.0,486078.0,,,,,,,,,,
873.0,582.0,2021-02-28,5.0,694.0,538558.0,,,,,,,,,,
874.0,80.0,2024-02-06,351.0,97.0,409002.0,,,,,,,,,,
875.0,698.0,2020-08-19,115.0,171.0,564086.0,,,,,,,,,,
876.0,180.0,2020-03-31,908.0,644.0,630624.0,,,,,,,,,,
877.0,334.0,2020-04-21,838.0,925.0,926949.0,,,,,,,,,,
878.0,711.0,2022-01-12,502.0,13.0,910414.0,,,,,,,,,,
879.0,443.0,2023-09-15,620.0,991.0,219851.0,,,,,,,,,,
880.0,445.0,2020-07-18,882.0,974.0,194089.0,,,,,,,,,,
881.0,703.0,2021-12-15,842.0,352.0,335102.0,,,,,,,,,,
882.0,930.0,2019-05-20,871.0,592.0,223489.0,,,,,,,,,,
883.0,290.0,2020-01-03,195.0,729.0,215834.0,,,,,,,,,,
884.0,10.0,2022-07-16,990.0,889.0,655047.0,,,,,,,,,,
885.0,308.0,2022-08-22,771.0,491.0,471231.0,,,,,,,,,,
886.0,162.0,2021-12-08,761.0,509.0,545382.0,,,,,,,,,,
887.0,777.0,2021-04-29,440.0,944.0,733475.0,,,,,,,,,,
888.0,293.0,2020-09-02,753.0,373.0,999186.0,,,,,,,,,,
889.0,831.0,2023-12-01,183.0,786.0,415755.0,,,,,,,,,,
890.0,462.0,2020-11-01,18.0,120.0,713556.0,,,,,,,,,,
891.0,639.0,2023-07-15,117.0,63.0,204087.0,,,,,,,,,,
892.0,896.0,2020-12-13,21.0,712.0,852247.0,,,,,,,,,,
893.0,487.0,2023-07-10,721.0,711.0,526541.0,,,,,,,,,,
894.0,814.0,2024-01-16,425.0,486.0,906609.0,,,,,,,,,,
895.0,169.0,2021-12-13,316.0,985.0,199099.0,,,,,,,,,,
896.0,734.0,2021-05-09,626.0,613.0,892886.0,,,,,,,,,,
897.0,478.0,2021-02-07,202.0,350.0,186013.0,,,,,,,,,,
898.0,897.0,2020-03-26,969.0,719.0,645078.0,,,,,,,,,,
899.0,680.0,2019-10-31,963.0,416.0,653087.0,,,,,,,,,,
900.0,382.0,2020-03-17,77.0,270.0,573740.0,,,,,,,,,,
901.0,712.0,2020-04-08,285.0,80.0,417512.0,,,,,,,,,,
902.0,646.0,2023-09-01,235.0,19.0,368960.0,,,,,,,,,,
903.0,153.0,2019-08-26,217.0,309.0,216593.0,,,,,,,,,,
904.0,949.0,2024-01-05,540.0,681.0,438255.0,,,,,,,,,,
905.0,636.0,2024-02-19,916.0,724.0,258019.0,,,,,,,,,,
906.0,342.0,2021-10-12,977.0,672.0,506541.0,,,,,,,,,,
907.0,984.0,2021-06-10,170.0,625.0,745442.0,,,,,,,,,,
908.0,725.0,2021-01-14,131.0,587.0,459419.0,,,,,,,,,,
909.0,152.0,2023-10-17,809.0,185.0,499328.0,,,,,,,,,,
910.0,297.0,2020-05-08,518.0,635.0,163367.0,,,,,,,,,,
911.0,845.0,2022-09-22,887.0,394.0,425076.0,,,,,,,,,,
912.0,946.0,2022-04-12,494.0,687.0,696393.0,,,,,,,,,,
913.0,986.0,2020-12-13,227.0,384.0,381452.0,,,,,,,,,,
914.0,408.0,2019-11-07,263.0,503.0,959653.0,,,,,,,,,,
915.0,562.0,2022-05-26,709.0,89.0,304189.0,,,,,,,,,,
916.0,421.0,2023-03-16,106.0,870.0,742008.0,,,,,,,,,,
917.0,36.0,2022-07-12,331.0,353.0,402899.0,,,,,,,,,,
918.0,934.0,2020-08-16,113.0,411.0,991623.0,,,,,,,,,,
919.0,70.0,2021-08-06,84.0,415.0,823293.0,,,,,,,,,,
920.0,957.0,2019-10-11,697.0,25.0,899560.0,,,,,,,,,,
921.0,546.0,2023-01-08,759.0,288.0,367834.0,,,,,,,,,,
922.0,662.0,2020-11-22,819.0,444.0,324453.0,,,,,,,,,,
923.0,795.0,2020-03-30,430.0,577.0,259017.0,,,,,,,,,,
924.0,773.0,2022-01-05,883.0,896.0,528334.0,,,,,,,,,,
925.0,719.0,2022-01-03,936.0,452.0,556837.0,,,,,,,,,,
926.0,236.0,2019-04-23,230.0,474.0,441692.0,,,,,,,,,,
927.0,22.0,2022-09-07,565.0,618.0,586800.0,,,,,,,,,,
928.0,622.0,2024-02-14,289.0,726.0,292135.0,,,,,,,,,,
929.0,476.0,2023-01-04,779.0,546.0,912413.0,,,,,,,,,,
930.0,733.0,2022-05-15,19.0,266.0,643559.0,,,,,,,,,,
931.0,390.0,2024-02-14,951.0,299.0,924319.0,,,,,,,,,,
932.0,73.0,2022-11-13,743.0,359.0,957723.0,,,,,,,,,,
933.0,877.0,2022-08-20,685.0,261.0,390293.0,,,,,,,,,,
934.0,49.0,2021-10-30,330.0,554.0,792834.0,,,,,,,,,,
935.0,955.0,2022-11-26,386.0,747.0,423250.0,,,,,,,,,,
936.0,393.0,2020-03-20,46.0,291.0,999042.0,,,,,,,,,,
937.0,892.0,2022-11-07,618.0,289.0,563293.0,,,,,,,,,,
938.0,344.0,2021-05-10,71.0,443.0,666071.0,,,,,,,,,,
939.0,726.0,2020-01-16,603.0,69.0,494386.0,,,,,,,,,,
940.0,32.0,2021-04-12,856.0,643.0,697767.0,,,,,,,,,,
941.0,241.0,2024-02-09,999.0,957.0,801229.0,,,,,,,,,,
942.0,216.0,2024-01-26,302.0,142.0,422968.0,,,,,,,,,,
943.0,459.0,2021-12-17,750.0,555.0,404748.0,,,,,,,,,,
944.0,576.0,2019-12-30,28.0,441.0,992272.0,,,,,,,,,,
945.0,198.0,2021-10-29,154.0,265.0,267939.0,,,,,,,,,,
946.0,386.0,2022-10-24,569.0,48.0,345143.0,,,,,,,,,,
947.0,196.0,2022-04-13,24.0,186.0,885691.0,,,,,,,,,,
948.0,457.0,2022-03-25,662.0,49.0,824876.0,,,,,,,,,,
949.0,813.0,2022-12-17,858.0,478.0,446284.0,,,,,,,,,,
950.0,854.0,2022-01-04,695.0,11.0,261318.0,,,,,,,,,,
951.0,44.0,2020-09-27,614.0,374.0,753847.0,,,,,,,,,,
952.0,273.0,2022-10-05,389.0,998.0,283860.0,,,,,,,,,,
953.0,281.0,2022-10-03,150.0,215.0,423836.0,,,,,,,,,,
954.0,767.0,2020-12-06,914.0,637.0,765838.0,,,,,,,,,,
955.0,891.0,2020-08-13,325.0,126.0,542950.0,,,,,,,,,,
956.0,222.0,2019-08-12,461.0,811.0,813702.0,,,,,,,,,,
957.0,903.0,2021-04-10,784.0,336.0,860086.0,,,,,,,,,,
958.0,407.0,2020-06-20,560.0,76.0,598764.0,,,,,,,,,,
959.0,871.0,2019-11-30,579.0,205.0,910431.0,,,,,,,,,,
960.0,272.0,2020-11-02,155.0,187.0,981295.0,,,,,,,,,,
961.0,333.0,2022-09-11,907.0,334.0,692549.0,,,,,,,,,,
962.0,911.0,2021-05-10,228.0,903.0,890514.0,,,,,,,,,,
963.0,551.0,2019-06-30,727.0,570.0,737540.0,,,,,,,,,,
964.0,902.0,2019-07-04,76.0,77.0,497417.0,,,,,,,,,,
965.0,531.0,2022-03-20,702.0,779.0,952952.0,,,,,,,,,,
966.0,57.0,2023-12-30,34.0,121.0,648595.0,,,,,,,,,,
967.0,793.0,2021-06-04,476.0,422.0,290025.0,,,,,,,,,,
968.0,128.0,2021-08-27,646.0,542.0,668985.0,,,,,,,,,,
969.0,319.0,2020-05-06,44.0,173.0,682914.0,,,,,,,,,,
970.0,729.0,2020-06-10,210.0,872.0,563108.0,,,,,,,,,,
971.0,456.0,2019-06-02,979.0,652.0,619862.0,,,,,,,,,,
972.0,326.0,2023-02-28,592.0,888.0,239173.0,,,,,,,,,,
973.0,283.0,2023-07-08,496.0,842.0,984426.0,,,,,,,,,,
974.0,581.0,2019-11-08,488.0,245.0,862067.0,,,,,,,,,,
975.0,512.0,2022-09-13,390.0,347.0,574420.0,,,,,,,,,,
976.0,790.0,2024-03-01,935.0,496.0,255527.0,,,,,,,,,,
977.0,164.0,2020-09-17,635.0,484.0,169610.0,,,,,,,,,,
978.0,843.0,2021-04-03,370.0,915.0,778106.0,,,,,,,,,,
979.0,668.0,2023-03-02,867.0,307.0,517760.0,,,,,,,,,,
980.0,746.0,2021-01-06,902.0,178.0,677918.0,,,,,,,,,,
981.0,144.0,2022-05-05,787.0,853.0,995402.0,,,,,,,,,,
982.0,97.0,2024-03-07,752.0,343.0,186274.0,,,,,,,,,,
983.0,158.0,2022-05-25,596.0,47.0,533499.0,,,,,,,,,,
984.0,688.0,2020-04-06,991.0,773.0,593284.0,,,,,,,,,,
985.0,710.0,2020-01-04,758.0,528.0,696209.0,,,,,,,,,,
986.0,601.0,2022-09-30,968.0,235.0,677022.0,,,,,,,,,,
987.0,672.0,2019-10-29,433.0,890.0,576841.0,,,,,,,,,,
988.0,780.0,2023-11-28,379.0,671.0,422369.0,,,,,,,,,,
989.0,88.0,2021-07-22,266.0,826.0,997536.0,,,,,,,,,,
990.0,52.0,2022-07-01,572.0,330.0,884817.0,,,,,,,,,,
991.0,922.0,2021-07-16,191.0,721.0,643952.0,,,,,,,,,,
992.0,161.0,2021-02-10,304.0,105.0,608872.0,,,,,,,,,,
993.0,469.0,2023-05-09,965.0,260.0,367573.0,,,,,,,,,,
994.0,630.0,2022-11-19,797.0,745.0,155056.0,,,,,,,,,,
995.0,689.0,2023-07-13,152.0,927.0,796181.0,,,,,,,,,,
996.0,343.0,2024-04-08,893.0,992.0,492988.0,,,,,,,,,,
997.0,235.0,2020-07-06,962.0,377.0,790311.0,,,,,,,,,,
998.0,243.0,2020-09-26,275.0,90.0,282153.0,,,,,,,,,,
999.0,938.0,2023-11-13,836.0,863.0,371631.0,,,,,,,,,,
1000.0,982.0,2023-03-24,164.0,211.0,970660.0,,,,,,,,,,
1001.0,1108.0,2024-10-15,1003.0,1011.0,585697.0,,,,,,,,,,
1002.0,1173.0,2024-10-17,1056.0,1155.0,224439.0,,,,,,,,,,
1003.0,1120.0,2024-12-12,1062.0,1084.0,687263.0,,,,,,,,,,
1004.0,1091.0,2025-06-26,1036.0,1026.0,272620.0,,,,,,,,,,
1005.0,1044.0,2024-09-18,1091.0,1107.0,415792.0,,,,,,,,,,
1006.0,1064.0,2024-12-25,1089.0,1171.0,647518.0,,,,,,,,,,
1007.0,1054.0,2024-08-26,1139.0,1009.0,921282.0,,,,,,,,,,
1008.0,1011.0,2024-07-08,1164.0,1050.0,936617.0,,,,,,,,,,
1009.0,1123.0,2024-10-01,1082.0,1187.0,593130.0,,,,,,,,,,
1010.0,1119.0,2024-08-25,1125.0,1090.0,237064.0,,,,,,,,,,
1011.0,1122.0,2024-09-18,1058.0,1025.0,776053.0,,,,,,,,,,
1012.0,1105.0,2024-08-21,1158.0,1076.0,740516.0,,,,,,,,,,
1013.0,1093.0,2024-04-20,1049.0,1088.0,828542.0,,,,,,,,,,
1014.0,1023.0,2025-04-27,1166.0,1134.0,198137.0,,,,,,,,,,
1015.0,1013.0,2024-11-15,1021.0,1150.0,796605.0,,,,,,,,,,
1016.0,1096.0,2024-12-07,1159.0,1123.0,501278.0,,,,,,,,,,
1017.0,1192.0,2024-08-24,1083.0,1119.0,742649.0,,,,,,,,,,
1018.0,1116.0,2025-03-22,1151.0,1034.0,972705.0,,,,,,,,,,
1019.0,1162.0,2024-10-01,1028.0,1108.0,883505.0,,,,,,,,,,
1020.0,1045.0,2024-10-26,1199.0,1135.0,702280.0,,,,,,,,,,
1021.0,1048.0,2024-07-17,1124.0,1101.0,301540.0,,,,,,,,,,
1022.0,1180.0,2025-01-12,1029.0,1064.0,363875.0,,,,,,,,,,
1023.0,1049.0,2024-05-28,1192.0,1105.0,207113.0,,,,,,,,,,
1024.0,1159.0,2024-09-04,1080.0,1082.0,421872.0,,,,,,,,,,
1025.0,1138.0,2025-06-16,1119.0,1113.0,606520.0,,,,,,,,,,
1026.0,1143.0,2024-10-03,1172.0,1182.0,402151.0,,,,,,,,,,
1027.0,1121.0,2024-10-03,1069.0,1066.0,341402.0,,,,,,,,,,
1028.0,1024.0,2024-04-22,1067.0,1021.0,503382.0,,,,,,,,,,
1029.0,1078.0,2024-07-08,1116.0,1104.0,957168.0,,,,,,,,,,
1030.0,1124.0,2024-11-22,1162.0,1192.0,296450.0,,,,,,,,,,
1031.0,1165.0,2024-08-17,1020.0,1035.0,205064.0,,,,,,,,,,
1032.0,1195.0,2024-12-22,1109.0,1172.0,378287.0,,,,,,,,,,
1033.0,1094.0,2024-08-13,1197.0,1030.0,652089.0,,,,,,,,,,
1034.0,1194.0,2025-03-11,1186.0,1006.0,333571.0,,,,,,,,,,
1035.0,1158.0,2024-09-07,1100.0,1056.0,467009.0,,,,,,,,,,
1036.0,1003.0,2024-07-21,1120.0,1183.0,991154.0,,,,,,,,,,
1037.0,1172.0,2024-09-20,1191.0,1048.0,455464.0,,,,,,,,,,
1038.0,1163.0,2024-07-02,1099.0,1007.0,412927.0,,,,,,,,,,
1039.0,1102.0,2025-01-03,1141.0,1074.0,951546.0,,,,,,,,,,
1040.0,1002.0,2024-11-25,1198.0,1130.0,479019.0,,,,,,,,,,
1041.0,1151.0,2024-11-14,1095.0,1181.0,382468.0,,,,,,,,,,
1042.0,1113.0,2024-06-24,1098.0,1166.0,963101.0,,,,,,,,,,
1043.0,1027.0,2024-09-28,1018.0,1070.0,842713.0,,,,,,,,,,
1044.0,1128.0,2024-11-09,1047.0,1032.0,271042.0,,,,,,,,,,
1045.0,1006.0,2025-03-03,1107.0,1140.0,913764.0,,,,,,,,,,
1046.0,1098.0,2025-04-16,1033.0,1102.0,835678.0,,,,,,,,,,
1047.0,1187.0,2025-05-06,1053.0,1047.0,760983.0,,,,,,,,,,
1048.0,1107.0,2025-03-12,1025.0,1137.0,189205.0,,,,,,,,,,
1049.0,1111.0,2025-02-23,1111.0,1069.0,666779.0,,,,,,,,,,
1050.0,1135.0,2024-06-19,1169.0,1142.0,945821.0,,,,,,,,,,
1051.0,1089.0,2025-03-14,1011.0,1197.0,869949.0,,,,,,,,,,
1052.0,1070.0,2025-01-04,1085.0,1027.0,432845.0,,,,,,,,,,
1053.0,1186.0,2024-07-13,1006.0,1015.0,812904.0,,,,,,,,,,
1054.0,1053.0,2024-05-06,1071.0,1037.0,205326.0,,,,,,,,,,
1055.0,1125.0,2024-11-11,1007.0,1103.0,901960.0,,,,,,,,,,
1056.0,1031.0,2025-05-10,1078.0,1058.0,938355.0,,,,,,,,,,
1057.0,1200.0,2025-06-30,1031.0,1013.0,680387.0,,,,,,,,,,
1058.0,1150.0,2024-04-15,1070.0,1067.0,894194.0,,,,,,,,,,
1059.0,1068.0,2025-01-18,1106.0,1095.0,533416.0,,,,,,,,,,
1060.0,1171.0,2024-07-01,1196.0,1139.0,197729.0,,,,,,,,,,
1061.0,1008.0,2024-06-26,1133.0,1156.0,485905.0,,,,,,,,,,
1062.0,1083.0,2025-01-18,1050.0,1033.0,577133.0,,,,,,,,,,
1063.0,1033.0,2024-08-11,1079.0,1129.0,616138.0,,,,,,,,,,
1064.0,1017.0,2024-09-07,1042.0,1154.0,418401.0,,,,,,,,,,
1065.0,1012.0,2024-10-21,1024.0,1096.0,646806.0,,,,,,,,,,
1066.0,1178.0,2025-05-24,1152.0,1195.0,997318.0,,,,,,,,,,
1067.0,1127.0,2024-08-06,1190.0,1131.0,954301.0,,,,,,,,,,
1068.0,1067.0,2024-09-03,1188.0,1120.0,829809.0,,,,,,,,,,
1069.0,1185.0,2024-12-08,1001.0,1143.0,365635.0,,,,,,,,,,
1070.0,1129.0,2024-12-27,1118.0,1077.0,483267.0,,,,,,,,,,
1071.0,1065.0,2024-10-22,1173.0,1173.0,387753.0,,,,,,,,,,
1072.0,1104.0,2025-02-07,1065.0,1068.0,800399.0,,,,,,,,,,
1073.0,1147.0,2025-04-14,1183.0,1016.0,850480.0,,,,,,,,,,
1074.0,1095.0,2024-10-26,1137.0,1106.0,955081.0,,,,,,,,,,
1075.0,1109.0,2024-07-02,1150.0,1110.0,479421.0,,,,,,,,,,
1076.0,1076.0,2025-04-02,1093.0,1124.0,664028.0,,,,,,,,,,
1077.0,1032.0,2024-07-08,1117.0,1151.0,405875.0,,,,,,,,,,
1078.0,1052.0,2024-07-18,1113.0,1184.0,986169.0,,,,,,,,,,
1079.0,1191.0,2025-03-08,1142.0,1087.0,894229.0,,,,,,,,,,
1080.0,1009.0,2024-12-10,1097.0,1092.0,902650.0,,,,,,,,,,
1081.0,1141.0,2024-07-22,1015.0,1175.0,383133.0,,,,,,,,,,
1082.0,1079.0,2024-10-20,1063.0,1045.0,356987.0,,,,,,,,,,
1083.0,1025.0,2024-11-26,1112.0,1198.0,273773.0,,,,,,,,,,
1084.0,1117.0,2024-12-05,1146.0,1136.0,186925.0,,,,,,,,,,
1085.0,1146.0,2025-02-20,1077.0,1128.0,558122.0,,,,,,,,,,
1086.0,1026.0,2024-07-05,1163.0,1186.0,480332.0,,,,,,,,,,
1087.0,1112.0,2024-06-08,1184.0,1199.0,726644.0,,,,,,,,,,
1088.0,1036.0,2025-02-07,1004.0,1073.0,883331.0,,,,,,,,,,
1089.0,1189.0,2024-07-21,1066.0,1078.0,372029.0,,,,,,,,,,
1090.0,1066.0,2025-05-08,1090.0,1023.0,311350.0,,,,,,,,,,
1091.0,1130.0,2024-06-20,1157.0,1168.0,932847.0,,,,,,,,,,
1092.0,1086.0,2024-11-07,1101.0,1019.0,205554.0,,,,,,,,,,
1093.0,1199.0,2025-04-28,1014.0,1005.0,954120.0,,,,,,,,,,
1094.0,1132.0,2024-05-16,1171.0,1049.0,850878.0,,,,,,,,,,
1095.0,1101.0,2024-12-16,1037.0,1041.0,884070.0,,,,,,,,,,
1096.0,1090.0,2024-12-28,1086.0,1081.0,328540.0,,,,,,,,,,
1097.0,1072.0,2024-05-14,1010.0,1190.0,172101.0,,,,,,,,,,
1098.0,1118.0,2024-09-27,1092.0,1018.0,496699.0,,,,,,,,,,
1099.0,1114.0,2024-05-28,1045.0,1097.0,722125.0,,,,,,,,,,
1100.0,1030.0,2024-10-10,1017.0,1098.0,286532.0,,,,,,,,,,
1101.0,1018.0,2024-07-31,1165.0,1185.0,368355.0,,,,,,,,,,
1102.0,1145.0,2025-02-09,1182.0,1028.0,506255.0,,,,,,,,,,
1103.0,1021.0,2025-02-24,1187.0,1075.0,311553.0,,,,,,,,,,
1104.0,1137.0,2024-11-06,1057.0,1117.0,454971.0,,,,,,,,,,
1105.0,1046.0,2024-05-31,1023.0,1147.0,592007.0,,,,,,,,,,
1106.0,1174.0,2025-02-18,1130.0,1063.0,458017.0,,,,,,,,,,
1107.0,1022.0,2024-05-02,1143.0,1089.0,399679.0,,,,,,,,,,
1108.0,1152.0,2024-10-08,1200.0,1116.0,947552.0,,,,,,,,,,
1109.0,1167.0,2025-05-27,1046.0,1008.0,809854.0,,,,,,,,,,
1110.0,1099.0,2024-10-22,1177.0,1071.0,650827.0,,,,,,,,,,
1111.0,1063.0,2024-06-23,1180.0,1044.0,602416.0,,,,,,,,,,
1112.0,1188.0,2024-07-20,1161.0,1115.0,993641.0,,,,,,,,,,
1113.0,1073.0,2024-12-09,1148.0,1149.0,628569.0,,,,,,,,,,
1114.0,1019.0,2025-03-13,1129.0,1162.0,488583.0,,,,,,,,,,
1115.0,1056.0,2025-01-26,1185.0,1043.0,374035.0,,,,,,,,,,
1116.0,1106.0,2024-10-30,1052.0,1046.0,878848.0,,,,,,,,,,
1117.0,1038.0,2024-09-25,1048.0,1146.0,205823.0,,,,,,,,,,
1118.0,1157.0,2024-05-04,1051.0,1111.0,811529.0,,,,,,,,,,
1119.0,1037.0,2025-02-28,1170.0,1099.0,347038.0,,,,,,,,,,
1120.0,1020.0,2024-05-13,1114.0,1062.0,344270.0,,,,,,,,,,
1121.0,1047.0,2025-03-16,1041.0,1112.0,306630.0,,,,,,,,,,
1122.0,1103.0,2024-05-30,1088.0,1100.0,178718.0,,,,,,,,,,
1123.0,1001.0,2024-11-17,1104.0,1188.0,824788.0,,,,,,,,,,
1124.0,1085.0,2024-04-22,1175.0,1191.0,299374.0,,,,,,,,,,
1125.0,1035.0,2024-08-11,1134.0,1055.0,159236.0,,,,,,,,,,
1126.0,1055.0,2024-08-08,1030.0,1004.0,273323.0,,,,,,,,,,
1127.0,1092.0,2024-09-25,1013.0,1122.0,860334.0,,,,,,,,,,
1128.0,1010.0,2025-04-20,1140.0,1093.0,566065.0,,,,,,,,,,
1129.0,1097.0,2025-03-21,1076.0,1003.0,509840.0,,,,,,,,,,
1130.0,1198.0,2024-11-17,1035.0,1177.0,337551.0,,,,,,,,,,
1131.0,1197.0,2025-01-14,1132.0,1072.0,533402.0,,,,,,,,,,
1132.0,1156.0,2024-11-10,1138.0,1079.0,244804.0,,,,,,,,,,
1133.0,1057.0,2024-08-26,1073.0,1167.0,612957.0,,,,,,,,,,
1134.0,1060.0,2025-06-14,1160.0,1065.0,154365.0,,,,,,,,,,
1135.0,1142.0,2024-03-26,1074.0,1126.0,996179.0,,,,,,,,,,
1136.0,1061.0,2024-04-22,1009.0,1180.0,244747.0,,,,,,,,,,
1137.0,1015.0,2024-12-16,1061.0,1109.0,638353.0,,,,,,,,,,
1138.0,1059.0,2024-06-24,1147.0,1164.0,886842.0,,,,,,,,,,
1139.0,1164.0,2025-02-09,1153.0,1178.0,336921.0,,,,,,,,,,
1140.0,1014.0,2024-06-20,1131.0,1193.0,240584.0,,,,,,,,,,
1141.0,1170.0,2024-12-17,1123.0,1189.0,785765.0,,,,,,,,,,
1142.0,1081.0,2024-05-14,1181.0,1059.0,458188.0,,,,,,,,,,
1143.0,1182.0,2024-06-26,1081.0,1029.0,333245.0,,,,,,,,,,
1144.0,1176.0,2024-06-16,1094.0,1176.0,621309.0,,,,,,,,,,
1145.0,1184.0,2024-06-20,1019.0,1086.0,323367.0,,,,,,,,,,
1146.0,1190.0,2024-12-04,1055.0,1017.0,678303.0,,,,,,,,,,
1147.0,1050.0,2024-12-02,1189.0,1157.0,753950.0,,,,,,,,,,
1148.0,1029.0,2024-03-18,1122.0,1091.0,284503.0,,,,,,,,,,
1149.0,1039.0,2024-06-03,1176.0,1125.0,711402.0,,,,,,,,,,
1150.0,1100.0,2025-02-28,1040.0,1022.0,464669.0,,,,,,,,,,
1151.0,1126.0,2024-06-05,1149.0,1169.0,516175.0,,,,,,,,,,
1152.0,1153.0,2025-05-26,1136.0,1132.0,866501.0,,,,,,,,,,
1153.0,1181.0,2024-06-29,1054.0,1094.0,354351.0,,,,,,,,,,
1154.0,1154.0,2024-11-07,1195.0,1080.0,699412.0,,,,,,,,,,
1155.0,1071.0,2025-01-09,1179.0,1114.0,476951.0,,,,,,,,,,
1156.0,1175.0,2025-06-21,1064.0,1161.0,958587.0,,,,,,,,,,
1157.0,1075.0,2025-04-27,1178.0,1083.0,470174.0,,,,,,,,,,
1158.0,1028.0,2024-03-30,1022.0,1085.0,650979.0,,,,,,,,,,
1159.0,1110.0,2024-07-14,1155.0,1012.0,603590.0,,,,,,,,,,
1160.0,1168.0,2025-03-05,1145.0,1010.0,809289.0,,,,,,,,,,
1161.0,1069.0,2024-11-17,1087.0,1153.0,531559.0,,,,,,,,,,
1162.0,1155.0,2025-03-11,1027.0,1054.0,649192.0,,,,,,,,,,
1163.0,1016.0,2025-02-21,1194.0,1158.0,189149.0,,,,,,,,,,
1164.0,1131.0,2024-10-29,1039.0,1020.0,339404.0,,,,,,,,,,
1165.0,1161.0,2024-11-04,1128.0,1160.0,745881.0,,,,,,,,,,
1166.0,1082.0,2024-08-21,1008.0,1163.0,951102.0,,,,,,,,,,
1167.0,1034.0,2024-09-09,1026.0,1053.0,849917.0,,,,,,,,,,
1168.0,1062.0,2025-02-26,1060.0,1165.0,875219.0,,,,,,,,,,
1169.0,1051.0,2025-06-02,1005.0,1174.0,638943.0,,,,,,,,,,
1170.0,1166.0,2025-02-19,1144.0,1194.0,898398.0,,,,,,,,,,
1171.0,1144.0,2024-08-26,1084.0,1014.0,504368.0,,,,,,,,,,
1172.0,1169.0,2024-05-24,1110.0,1024.0,279809.0,,,,,,,,,,
1173.0,1077.0,2024-12-01,1126.0,1061.0,425937.0,,,,,,,,,,
1174.0,1040.0,2024-08-26,1012.0,1138.0,532261.0,,,,,,,,,,
1175.0,1115.0,2025-02-08,1105.0,1118.0,728086.0,,,,,,,,,,
1176.0,1042.0,2024-10-12,1044.0,1141.0,595763.0,,,,,,,,,,
1177.0,1179.0,2025-03-11,1154.0,1121.0,900606.0,,,,,,,,,,
1178.0,1196.0,2024-06-03,1059.0,1200.0,877853.0,,,,,,,,,,
1179.0,1160.0,2024-11-11,1167.0,1170.0,512058.0,,,,,,,,,,
1180.0,1041.0,2024-05-24,1072.0,1038.0,449945.0,,,,,,,,,,
1181.0,1183.0,2024-06-25,1032.0,1152.0,256926.0,,,,,,,,,,
1182.0,1080.0,2025-06-16,1115.0,1057.0,518450.0,,,,,,,,,,
1183.0,1087.0,2024-12-29,1185.0,1179.0,213902.0,,,,,,,,,,
1184.0,1074.0,2024-04-06,1183.0,1031.0,433779.0,,,,,,,,,,
1185.0,1177.0,2024-08-02,1070.0,1159.0,434871.0,,,,,,,,,,
1186.0,1005.0,2025-01-28,1046.0,1062.0,336959.0,,,,,,,,,,
1187.0,1139.0,2024-06-04,1077.0,1159.0,279625.0,,,,,,,,,,
1188.0,1007.0,2024-09-10,1182.0,1133.0,641758.0,,,,,,,,,,
1189.0,1167.0,2025-02-27,1027.0,1003.0,831265.0,,,,,,,,,,
1190.0,1061.0,2024-05-22,1184.0,1199.0,755418.0,,,,,,,,,,
1191.0,1058.0,2024-08-21,1145.0,1057.0,511201.0,,,,,,,,,,
1192.0,1180.0,2025-04-12,1193.0,1010.0,532973.0,,,,,,,,,,
1193.0,1136.0,2024-07-23,1028.0,1103.0,296612.0,,,,,,,,,,
1194.0,1051.0,2025-02-02,1042.0,1130.0,533534.0,,,,,,,,,,
1195.0,1191.0,2025-02-08,1163.0,1188.0,175989.0,,,,,,,,,,
1196.0,1138.0,2025-03-16,1014.0,1066.0,653155.0,,,,,,,,,,
1197.0,1020.0,2024-05-13,1190.0,1032.0,151893.0,,,,,,,,,,
1198.0,1077.0,2024-10-01,1089.0,1098.0,255707.0,,,,,,,,,,
1199.0,1075.0,2025-01-27,1055.0,1140.0,176604.0,,,,,,,,,,
1200.0,1109.0,2024-06-02,1099.0,1181.0,503534.0,,,,,,,,,,
,,,,,,2.0,2.0,4/8/2025,2.0,2.0,1935043.45,,,,
,,,,,,3.0,3.0,3/26/2024,3.0,3.0,860458.38,,,,
,,,,,,4.0,4.0,4/19/2020,4.0,4.0,1401306.16,,,,
,,,,,,5.0,5.0,1/1/2021,5.0,5.0,1073964.92,,,,
,,,,,,6.0,6.0,7/5/2023,6.0,6.0,1428410.02,,,,
,,,,,,7.0,7.0,4/23/2022,7.0,7.0,1891246.95,,,,
,,,,,,8.0,8.0,3/9/2022,8.0,8.0,1560495.02,,,,
,,,,,,9.0,9.0,7/9/2020,9.0,9.0,481360.1,,,,
,,,,,,10.0,10.0,6/26/2021,10.0,10.0,921297.96,,,,
,,,,,,2.0,2.0,,2.0,2.0,,2/16/2021,269940.28,,
,,,,,,3.0,3.0,,3.0,3.0,,7/21/2020,1290641.42,,
,,,,,,4.0,4.0,,4.0,4.0,,9/18/2020,663919.95,,
,,,,,,5.0,5.0,,5.0,5.0,,9/1/2023,740296.87,,
,,,,,,6.0,6.0,,6.0,6.0,,11/11/2021,405130.5,,
,,,,,,7.0,7.0,,7.0,7.0,,12/17/2023,235013.34,,
,,,,,,8.0,8.0,,8.0,8.0,,3/21/2021,216538.03,,
,,,,,,9.0,9.0,,9.0,9.0,,2/26/2024,1265997.28,,
,,,,,,10.0,10.0,,10.0,10.0,,7/9/2022,387354.56,,
,,,,,,2.0,2.0,,2.0,2.0,,,,3/12/2022,687252.1
,,,,,,3.0,3.0,,3.0,3.0,,,,2/1/2021,872676.32
,,,,,,4.0,4.0,,4.0,4.0,,,,7/23/2022,1440685.62
,,,,,,5.0,5.0,,5.0,5.0,,,,6/8/2023,751241.73
,,,,,,6.0,6.0,,6.0,6.0,,,,5/23/2025,1488094.75
,,,,,,7.0,7.0,,7.0,7.0,,,,9/26/2022,525667.6
,,,,,,8.0,8.0,,8.0,8.0,,,,8/3/2024,1216680.22
,,,,,,9.0,9.0,,9.0,9.0,,,,12/17/2025,1476552.2
,,,,,,10.0,10.0,,10.0,10.0,,,,3/22/2021,1283601.6
